Vertex,DER,Activation
0,DER_1,1.0
0,DER_2,0.0
0,DER_3,1.0
0,DER_4,0.0
0,DER_5,1.0
0,DER_6,0.0
0,DER_7,1.0
0,DER_8,1.0
0,DER_9,0.0
0,DER_10,1.0
0,DER_11,1.0
0,DER_12,1.0
0,DER_13,0.0
0,DER_14,1.0
0,DER_15,0.0
0,DER_16,0.0
0,DER_17,1.0
0,DER_18,1.0
0,DER_19,1.0
0,DER_20,1.0
0,DER_21,1.0
0,DER_22,0.0
0,DER_23,1.0
0,DER_24,1.0
0,DER_25,1.0
0,DER_26,0.0
0,DER_27,0.0
0,DER_28,1.0
0,DER_29,0.0
0,DER_30,1.0
0,DER_31,0.0
0,DER_32,1.0
0,DER_33,1.0
0,DER_34,0.0
0,DER_35,1.0
0,DER_36,0.0
0,DER_37,1.0
0,DER_38,0.0
0,DER_39,0.0
0,DER_40,1.0
0,DER_41,0.0
0,DER_42,0.0
0,DER_43,1.0
0,DER_44,0.0
0,DER_45,0.0
0,DER_46,1.0
0,DER_47,0.0
0,DER_48,0.0
0,DER_49,0.0
0,DER_50,1.0
0,DER_51,0.0
0,DER_52,1.0
0,DER_53,0.0
0,DER_54,0.0
0,DER_55,0.0
0,DER_56,0.0
0,DER_57,1.0
0,DER_58,0.0
0,DER_59,0.0
0,DER_60,1.0
0,DER_61,1.0
0,DER_62,0.0
0,DER_63,0.0
0,DER_64,0.0
0,DER_65,1.0
0,DER_66,1.0
0,DER_67,1.0
0,DER_68,1.0
0,DER_69,0.0
0,DER_70,1.0
0,DER_71,0.0
0,DER_72,1.0
0,DER_73,1.0
0,DER_74,1.0
0,DER_75,1.0
0,DER_76,1.0
0,DER_77,1.0
0,DER_78,0.0
0,DER_79,0.0
0,DER_80,1.0
0,DER_81,1.0
0,DER_82,0.0
0,DER_83,0.0
0,DER_84,1.0
0,DER_85,1.0
0,DER_86,0.0
0,DER_87,0.0
0,DER_88,1.0
0,DER_89,0.0
0,DER_90,1.0
0,DER_91,1.0
0,DER_92,1.0
0,DER_93,1.0
0,DER_94,1.0
0,DER_95,0.0
0,DER_96,0.0
0,DER_97,0.0
0,DER_98,0.0
0,DER_99,1.0
0,DER_100,1.0
0,DER_101,1.0
0,DER_102,1.0
0,DER_103,0.0
0,DER_104,0.0
0,DER_105,1.0
0,DER_106,0.0
0,DER_107,0.0
0,DER_108,0.0
0,DER_109,0.0
0,DER_110,1.0
0,DER_111,1.0
0,DER_112,1.0
0,DER_113,0.0
0,DER_114,0.0
0,DER_115,1.0
0,DER_116,1.0
0,DER_117,0.0
0,DER_118,1.0
0,DER_119,1.0
0,DER_120,1.0
0,DER_121,0.0
0,DER_122,1.0
0,DER_123,1.0
0,DER_124,0.0
0,DER_125,1.0
0,DER_126,1.0
0,DER_127,1.0
0,DER_128,0.0
0,DER_129,1.0
0,DER_130,1.0
0,DER_131,1.0
0,DER_132,0.0
0,DER_133,1.0
0,DER_134,0.0
0,DER_135,0.0
0,DER_136,0.0
0,DER_137,1.0
0,DER_138,1.0
0,DER_139,1.0
0,DER_140,1.0
0,DER_141,1.0
0,DER_142,0.0
0,DER_143,0.0
0,DER_144,1.0
0,DER_145,1.0
0,DER_146,1.0
0,DER_147,0.0
0,DER_148,0.0
0,DER_149,1.0
0,DER_150,1.0
0,DER_151,1.0
0,DER_152,0.0
0,DER_153,1.0
0,DER_154,1.0
0,DER_155,1.0
0,DER_156,0.0
0,DER_157,0.0
0,DER_158,1.0
0,DER_159,1.0
0,DER_160,1.0
0,DER_161,0.0
0,DER_162,0.0
0,DER_163,0.0
0,DER_164,0.0
0,DER_165,0.0
0,DER_166,1.0
0,DER_167,0.0
0,DER_168,0.0
0,DER_169,0.0
0,DER_170,0.0
0,DER_171,1.0
0,DER_172,0.0
0,DER_173,0.0
0,DER_174,1.0
0,DER_175,1.0
0,DER_176,0.0
0,DER_177,1.0
0,DER_178,0.0
0,DER_179,1.0
0,DER_180,1.0
0,DER_181,1.0
0,DER_182,0.0
0,DER_183,1.0
0,DER_184,1.0
0,DER_185,0.0
0,DER_186,0.0
0,DER_187,0.0
0,DER_188,0.0
0,DER_189,1.0
0,DER_190,0.0
0,DER_191,0.0
0,DER_192,1.0
0,DER_193,0.0
0,DER_194,0.0
0,DER_195,1.0
0,DER_196,1.0
0,DER_197,0.0
0,DER_198,1.0
0,DER_199,0.0
0,DER_200,1.0
0,DER_201,1.0
0,DER_202,0.0
0,DER_203,0.0
0,DER_204,1.0
0,DER_205,1.0
0,DER_206,1.0
0,DER_207,1.0
0,DER_208,0.0
0,DER_209,0.0
0,DER_210,1.0
0,DER_211,0.0
0,DER_212,1.0
0,DER_213,0.0
0,DER_214,1.0
0,DER_215,0.0
0,DER_216,0.0
0,DER_217,1.0
0,DER_218,0.0
0,DER_219,0.0
0,DER_220,0.0
0,DER_221,1.0
0,DER_222,1.0
0,DER_223,1.0
0,DER_224,1.0
0,DER_225,1.0
0,DER_226,0.0
0,DER_227,1.0
0,DER_228,1.0
0,DER_229,1.0
0,DER_230,1.0
0,DER_231,0.0
0,DER_232,1.0
0,DER_233,0.0
0,DER_234,0.0
0,DER_235,1.0
0,DER_236,1.0
0,DER_237,1.0
0,DER_238,1.0
0,DER_239,1.0
0,DER_240,1.0
0,DER_241,1.0
0,DER_242,0.0
0,DER_243,1.0
0,DER_244,1.0
0,DER_245,0.0
0,DER_246,1.0
0,DER_247,1.0
0,DER_248,0.0
0,DER_249,1.0
0,DER_250,0.0
0,DER_251,0.0
0,DER_252,1.0
0,DER_253,0.0
0,DER_254,1.0
0,DER_255,0.0
0,DER_256,1.0
0,DER_257,1.0
0,DER_258,0.0
0,DER_259,1.0
0,DER_260,1.0
0,DER_261,1.0
0,DER_262,1.0
0,DER_263,0.0
0,DER_264,1.0
0,DER_265,0.0
0,DER_266,1.0
0,DER_267,1.0
0,DER_268,0.0
0,DER_269,1.0
0,DER_270,0.0
0,DER_271,0.0
0,DER_272,1.0
0,DER_273,1.0
0,DER_274,0.0
0,DER_275,0.0
0,DER_276,1.0
0,DER_277,1.0
0,DER_278,0.0
0,DER_279,0.0
0,DER_280,1.0
0,DER_281,0.0
0,DER_282,0.0
0,DER_283,0.0
0,DER_284,0.0
0,DER_285,0.0
0,DER_286,1.0
0,DER_287,0.0
0,DER_288,1.0
0,DER_289,1.0
0,DER_290,1.0
0,DER_291,1.0
0,DER_292,0.0
0,DER_293,0.0
0,DER_294,1.0
0,DER_295,1.0
0,DER_296,0.0
0,DER_297,1.0
0,DER_298,1.0
0,DER_299,1.0
0,DER_300,0.0
0,DER_301,0.0
0,DER_302,0.0
0,DER_303,1.0
0,DER_304,1.0
0,DER_305,1.0
0,DER_306,0.0
0,DER_307,0.0
0,DER_308,1.0
0,DER_309,0.0
0,DER_310,0.0
0,DER_311,0.0
0,DER_312,1.0
0,DER_313,1.0
0,DER_314,1.0
0,DER_315,0.0
0,DER_316,0.0
0,DER_317,1.0
0,DER_318,1.0
0,DER_319,1.0
0,DER_320,0.0
0,DER_321,0.0
0,DER_322,1.0
0,DER_323,0.0
0,DER_324,1.0
0,DER_325,0.0
0,DER_326,1.0
0,DER_327,0.0
0,DER_328,0.0
0,DER_329,1.0
0,DER_330,0.0
0,DER_331,0.0
0,DER_332,1.0
0,DER_333,1.0
0,DER_334,1.0
0,DER_335,0.0
0,DER_336,0.0
0,DER_337,1.0
0,DER_338,0.0
0,DER_339,0.0
0,DER_340,0.0
0,DER_341,0.0
0,DER_342,1.0
0,DER_343,0.0
0,DER_344,0.0
0,DER_345,1.0
0,DER_346,1.0
0,DER_347,1.0
0,DER_348,0.0
0,DER_349,1.0
0,DER_350,1.0
0,DER_351,1.0
0,DER_352,0.0
0,DER_353,0.0
0,DER_354,0.0
0,DER_355,1.0
0,DER_356,1.0
0,DER_357,0.0
0,DER_358,0.0
0,DER_359,0.0
0,DER_360,0.0
0,DER_361,1.0
0,DER_362,0.0
0,DER_363,0.0
0,DER_364,0.0
0,DER_365,1.0
0,DER_366,0.0
0,DER_367,1.0
0,DER_368,1.0
0,DER_369,0.0
0,DER_370,1.0
0,DER_371,1.0
0,DER_372,1.0
0,DER_373,0.0
0,DER_374,0.0
0,DER_375,1.0
0,DER_376,0.0
0,DER_377,0.0
0,DER_378,1.0
0,DER_379,0.0
0,DER_380,0.0
0,DER_381,1.0
0,DER_382,1.0
0,DER_383,0.0
0,DER_384,1.0
0,DER_385,1.0
0,DER_386,1.0
0,DER_387,1.0
0,DER_388,1.0
0,DER_389,1.0
0,DER_390,0.0
0,DER_391,1.0
0,DER_392,0.0
0,DER_393,0.0
0,DER_394,0.0
0,DER_395,1.0
0,DER_396,0.0
0,DER_397,1.0
0,DER_398,1.0
0,DER_399,1.0
0,DER_400,0.0
0,DER_401,0.0
0,DER_402,1.0
0,DER_403,0.0
0,DER_404,0.0
0,DER_405,1.0
0,DER_406,1.0
0,DER_407,0.0
0,DER_408,0.0
0,DER_409,0.0
0,DER_410,1.0
0,DER_411,0.0
0,DER_412,1.0
0,DER_413,1.0
0,DER_414,0.0
0,DER_415,1.0
0,DER_416,1.0
0,DER_417,1.0
0,DER_418,1.0
0,DER_419,1.0
0,DER_420,0.0
0,DER_421,0.0
0,DER_422,1.0
0,DER_423,1.0
0,DER_424,1.0
0,DER_425,1.0
0,DER_426,1.0
0,DER_427,0.0
0,DER_428,1.0
0,DER_429,0.0
0,DER_430,1.0
0,DER_431,1.0
0,DER_432,0.0
0,DER_433,0.0
0,DER_434,1.0
0,DER_435,0.0
0,DER_436,1.0
0,DER_437,1.0
0,DER_438,0.0
0,DER_439,1.0
0,DER_440,0.0
0,DER_441,0.0
0,DER_442,1.0
0,DER_443,0.0
0,DER_444,0.0
0,DER_445,0.0
0,DER_446,0.0
0,DER_447,0.0
0,DER_448,1.0
0,DER_449,1.0
0,DER_450,0.0
1,DER_1,1.0
1,DER_2,0.0
1,DER_3,1.0
1,DER_4,0.0
1,DER_5,1.0
1,DER_6,0.0
1,DER_7,1.0
1,DER_8,1.0
1,DER_9,0.0
1,DER_10,1.0
1,DER_11,1.0
1,DER_12,1.0
1,DER_13,0.0
1,DER_14,1.0
1,DER_15,0.0
1,DER_16,0.0
1,DER_17,1.0
1,DER_18,1.0
1,DER_19,1.0
1,DER_20,1.0
1,DER_21,1.0
1,DER_22,0.0
1,DER_23,1.0
1,DER_24,1.0
1,DER_25,1.0
1,DER_26,0.0
1,DER_27,0.0
1,DER_28,1.0
1,DER_29,0.0
1,DER_30,1.0
1,DER_31,0.0
1,DER_32,1.0
1,DER_33,1.0
1,DER_34,0.0
1,DER_35,1.0
1,DER_36,0.0
1,DER_37,1.0
1,DER_38,0.0
1,DER_39,0.0
1,DER_40,1.0
1,DER_41,0.0
1,DER_42,0.0
1,DER_43,1.0
1,DER_44,0.0
1,DER_45,0.0
1,DER_46,1.0
1,DER_47,0.0
1,DER_48,0.0
1,DER_49,0.0
1,DER_50,1.0
1,DER_51,0.0
1,DER_52,1.0
1,DER_53,0.0
1,DER_54,0.0
1,DER_55,0.0
1,DER_56,0.0
1,DER_57,1.0
1,DER_58,0.0
1,DER_59,0.0
1,DER_60,1.0
1,DER_61,1.0
1,DER_62,0.0
1,DER_63,0.0
1,DER_64,0.0
1,DER_65,1.0
1,DER_66,1.0
1,DER_67,1.0
1,DER_68,1.0
1,DER_69,0.0
1,DER_70,1.0
1,DER_71,0.0
1,DER_72,1.0
1,DER_73,1.0
1,DER_74,1.0
1,DER_75,1.0
1,DER_76,1.0
1,DER_77,1.0
1,DER_78,0.0
1,DER_79,0.0
1,DER_80,1.0
1,DER_81,1.0
1,DER_82,0.0
1,DER_83,0.0
1,DER_84,1.0
1,DER_85,1.0
1,DER_86,0.0
1,DER_87,0.0
1,DER_88,1.0
1,DER_89,0.0
1,DER_90,1.0
1,DER_91,1.0
1,DER_92,1.0
1,DER_93,1.0
1,DER_94,1.0
1,DER_95,0.0
1,DER_96,0.0
1,DER_97,0.0
1,DER_98,0.0
1,DER_99,1.0
1,DER_100,1.0
1,DER_101,1.0
1,DER_102,1.0
1,DER_103,0.0
1,DER_104,0.0
1,DER_105,1.0
1,DER_106,0.0
1,DER_107,0.0
1,DER_108,0.0
1,DER_109,0.0
1,DER_110,1.0
1,DER_111,1.0
1,DER_112,1.0
1,DER_113,0.0
1,DER_114,0.0
1,DER_115,1.0
1,DER_116,0.0
1,DER_117,0.0
1,DER_118,1.0
1,DER_119,1.0
1,DER_120,1.0
1,DER_121,0.0
1,DER_122,1.0
1,DER_123,1.0
1,DER_124,0.0
1,DER_125,1.0
1,DER_126,1.0
1,DER_127,1.0
1,DER_128,0.0
1,DER_129,1.0
1,DER_130,1.0
1,DER_131,1.0
1,DER_132,0.0
1,DER_133,1.0
1,DER_134,0.0
1,DER_135,0.0
1,DER_136,0.0
1,DER_137,1.0
1,DER_138,1.0
1,DER_139,1.0
1,DER_140,1.0
1,DER_141,1.0
1,DER_142,0.0
1,DER_143,0.0
1,DER_144,1.0
1,DER_145,1.0
1,DER_146,1.0
1,DER_147,0.0
1,DER_148,0.0
1,DER_149,1.0
1,DER_150,1.0
1,DER_151,1.0
1,DER_152,0.0
1,DER_153,1.0
1,DER_154,1.0
1,DER_155,1.0
1,DER_156,0.0
1,DER_157,0.0
1,DER_158,1.0
1,DER_159,1.0
1,DER_160,1.0
1,DER_161,0.0
1,DER_162,0.0
1,DER_163,0.0
1,DER_164,0.0
1,DER_165,0.0
1,DER_166,1.0
1,DER_167,0.0
1,DER_168,0.0
1,DER_169,0.0
1,DER_170,0.0
1,DER_171,1.0
1,DER_172,0.0
1,DER_173,0.0
1,DER_174,1.0
1,DER_175,1.0
1,DER_176,0.0
1,DER_177,1.0
1,DER_178,0.0
1,DER_179,1.0
1,DER_180,1.0
1,DER_181,1.0
1,DER_182,0.0
1,DER_183,1.0
1,DER_184,1.0
1,DER_185,0.0
1,DER_186,0.0
1,DER_187,0.0
1,DER_188,0.0
1,DER_189,1.0
1,DER_190,0.0
1,DER_191,0.0
1,DER_192,1.0
1,DER_193,0.0
1,DER_194,0.0
1,DER_195,1.0
1,DER_196,1.0
1,DER_197,0.0
1,DER_198,1.0
1,DER_199,0.0
1,DER_200,1.0
1,DER_201,1.0
1,DER_202,0.0
1,DER_203,0.0
1,DER_204,1.0
1,DER_205,1.0
1,DER_206,1.0
1,DER_207,1.0
1,DER_208,0.0
1,DER_209,0.0
1,DER_210,1.0
1,DER_211,0.0
1,DER_212,1.0
1,DER_213,0.0
1,DER_214,1.0
1,DER_215,0.0
1,DER_216,0.0
1,DER_217,1.0
1,DER_218,0.0
1,DER_219,0.0
1,DER_220,0.0
1,DER_221,1.0
1,DER_222,1.0
1,DER_223,1.0
1,DER_224,1.0
1,DER_225,1.0
1,DER_226,0.0
1,DER_227,1.0
1,DER_228,1.0
1,DER_229,1.0
1,DER_230,1.0
1,DER_231,0.0
1,DER_232,1.0
1,DER_233,0.0
1,DER_234,0.0
1,DER_235,1.0
1,DER_236,1.0
1,DER_237,1.0
1,DER_238,1.0
1,DER_239,1.0
1,DER_240,1.0
1,DER_241,1.0
1,DER_242,0.0
1,DER_243,1.0
1,DER_244,1.0
1,DER_245,0.0
1,DER_246,1.0
1,DER_247,1.0
1,DER_248,0.0
1,DER_249,1.0
1,DER_250,0.0
1,DER_251,0.0
1,DER_252,1.0
1,DER_253,0.0
1,DER_254,1.0
1,DER_255,0.0
1,DER_256,1.0
1,DER_257,1.0
1,DER_258,0.0
1,DER_259,1.0
1,DER_260,1.0
1,DER_261,1.0
1,DER_262,1.0
1,DER_263,0.0
1,DER_264,1.0
1,DER_265,0.0
1,DER_266,1.0
1,DER_267,1.0
1,DER_268,0.0
1,DER_269,1.0
1,DER_270,0.0
1,DER_271,0.0
1,DER_272,1.0
1,DER_273,1.0
1,DER_274,0.0
1,DER_275,0.0
1,DER_276,1.0
1,DER_277,1.0
1,DER_278,0.0
1,DER_279,0.0
1,DER_280,1.0
1,DER_281,0.0
1,DER_282,0.0
1,DER_283,0.0
1,DER_284,0.0
1,DER_285,0.0
1,DER_286,1.0
1,DER_287,0.0
1,DER_288,1.0
1,DER_289,1.0
1,DER_290,1.0
1,DER_291,1.0
1,DER_292,0.0
1,DER_293,0.0
1,DER_294,1.0
1,DER_295,1.0
1,DER_296,0.0
1,DER_297,1.0
1,DER_298,1.0
1,DER_299,1.0
1,DER_300,0.0
1,DER_301,0.0
1,DER_302,0.0
1,DER_303,1.0
1,DER_304,1.0
1,DER_305,1.0
1,DER_306,0.0
1,DER_307,0.0
1,DER_308,1.0
1,DER_309,0.0
1,DER_310,0.0
1,DER_311,0.0
1,DER_312,1.0
1,DER_313,1.0
1,DER_314,1.0
1,DER_315,0.0
1,DER_316,0.0
1,DER_317,1.0
1,DER_318,1.0
1,DER_319,1.0
1,DER_320,0.0
1,DER_321,0.0
1,DER_322,1.0
1,DER_323,0.0
1,DER_324,1.0
1,DER_325,0.0
1,DER_326,1.0
1,DER_327,0.0
1,DER_328,0.0
1,DER_329,1.0
1,DER_330,0.0
1,DER_331,0.0
1,DER_332,1.0
1,DER_333,1.0
1,DER_334,1.0
1,DER_335,0.0
1,DER_336,0.0
1,DER_337,1.0
1,DER_338,0.0
1,DER_339,0.0
1,DER_340,0.0
1,DER_341,0.0
1,DER_342,1.0
1,DER_343,0.0
1,DER_344,0.0
1,DER_345,1.0
1,DER_346,1.0
1,DER_347,1.0
1,DER_348,0.0
1,DER_349,1.0
1,DER_350,1.0
1,DER_351,1.0
1,DER_352,0.0
1,DER_353,0.0
1,DER_354,0.0
1,DER_355,1.0
1,DER_356,1.0
1,DER_357,0.0
1,DER_358,0.0
1,DER_359,0.0
1,DER_360,0.0
1,DER_361,1.0
1,DER_362,0.0
1,DER_363,0.0
1,DER_364,0.0
1,DER_365,1.0
1,DER_366,0.0
1,DER_367,1.0
1,DER_368,1.0
1,DER_369,0.0
1,DER_370,1.0
1,DER_371,1.0
1,DER_372,1.0
1,DER_373,0.0
1,DER_374,0.0
1,DER_375,1.0
1,DER_376,0.0
1,DER_377,0.0
1,DER_378,1.0
1,DER_379,0.0
1,DER_380,0.0
1,DER_381,1.0
1,DER_382,1.0
1,DER_383,0.0
1,DER_384,1.0
1,DER_385,1.0
1,DER_386,1.0
1,DER_387,1.0
1,DER_388,1.0
1,DER_389,1.0
1,DER_390,0.0
1,DER_391,1.0
1,DER_392,0.0
1,DER_393,0.0
1,DER_394,0.0
1,DER_395,1.0
1,DER_396,0.0
1,DER_397,1.0
1,DER_398,1.0
1,DER_399,1.0
1,DER_400,0.0
1,DER_401,0.0
1,DER_402,1.0
1,DER_403,0.0
1,DER_404,0.0
1,DER_405,1.0
1,DER_406,1.0
1,DER_407,0.0
1,DER_408,0.0
1,DER_409,0.0
1,DER_410,1.0
1,DER_411,0.0
1,DER_412,1.0
1,DER_413,1.0
1,DER_414,0.0
1,DER_415,1.0
1,DER_416,1.0
1,DER_417,1.0
1,DER_418,1.0
1,DER_419,1.0
1,DER_420,0.0
1,DER_421,0.0
1,DER_422,1.0
1,DER_423,1.0
1,DER_424,1.0
1,DER_425,1.0
1,DER_426,1.0
1,DER_427,0.0
1,DER_428,1.0
1,DER_429,0.0
1,DER_430,1.0
1,DER_431,1.0
1,DER_432,0.0
1,DER_433,0.0
1,DER_434,1.0
1,DER_435,0.0
1,DER_436,1.0
1,DER_437,1.0
1,DER_438,0.0
1,DER_439,1.0
1,DER_440,0.0
1,DER_441,0.0
1,DER_442,1.0
1,DER_443,0.0
1,DER_444,0.0
1,DER_445,0.0
1,DER_446,0.0
1,DER_447,0.0
1,DER_448,1.0
1,DER_449,1.0
1,DER_450,0.0
2,DER_1,1.0
2,DER_2,0.0
2,DER_3,1.0
2,DER_4,0.0
2,DER_5,1.0
2,DER_6,0.0
2,DER_7,1.0
2,DER_8,1.0
2,DER_9,0.0
2,DER_10,1.0
2,DER_11,1.0
2,DER_12,1.0
2,DER_13,0.0
2,DER_14,1.0
2,DER_15,0.0
2,DER_16,0.0
2,DER_17,1.0
2,DER_18,1.0
2,DER_19,0.0
2,DER_20,1.0
2,DER_21,1.0
2,DER_22,0.0
2,DER_23,0.0
2,DER_24,1.0
2,DER_25,1.0
2,DER_26,0.0
2,DER_27,0.0
2,DER_28,1.0
2,DER_29,0.0
2,DER_30,1.0
2,DER_31,0.0
2,DER_32,1.0
2,DER_33,1.0
2,DER_34,0.0
2,DER_35,1.0
2,DER_36,0.0
2,DER_37,1.0
2,DER_38,0.0
2,DER_39,0.0
2,DER_40,1.0
2,DER_41,0.0
2,DER_42,0.0
2,DER_43,1.0
2,DER_44,0.0
2,DER_45,0.0
2,DER_46,1.0
2,DER_47,0.0
2,DER_48,0.0
2,DER_49,0.0
2,DER_50,1.0
2,DER_51,0.0
2,DER_52,1.0
2,DER_53,0.0
2,DER_54,0.0
2,DER_55,0.0
2,DER_56,0.0
2,DER_57,1.0
2,DER_58,0.0
2,DER_59,0.0
2,DER_60,1.0
2,DER_61,1.0
2,DER_62,0.0
2,DER_63,0.0
2,DER_64,0.0
2,DER_65,1.0
2,DER_66,1.0
2,DER_67,1.0
2,DER_68,1.0
2,DER_69,0.0
2,DER_70,1.0
2,DER_71,0.0
2,DER_72,1.0
2,DER_73,1.0
2,DER_74,1.0
2,DER_75,1.0
2,DER_76,1.0
2,DER_77,1.0
2,DER_78,0.0
2,DER_79,0.0
2,DER_80,1.0
2,DER_81,1.0
2,DER_82,0.0
2,DER_83,0.0
2,DER_84,1.0
2,DER_85,1.0
2,DER_86,0.0
2,DER_87,0.0
2,DER_88,1.0
2,DER_89,0.0
2,DER_90,1.0
2,DER_91,1.0
2,DER_92,1.0
2,DER_93,1.0
2,DER_94,1.0
2,DER_95,0.0
2,DER_96,0.0
2,DER_97,0.0
2,DER_98,0.0
2,DER_99,1.0
2,DER_100,1.0
2,DER_101,1.0
2,DER_102,1.0
2,DER_103,0.0
2,DER_104,0.0
2,DER_105,1.0
2,DER_106,0.0
2,DER_107,0.0
2,DER_108,0.0
2,DER_109,0.0
2,DER_110,1.0
2,DER_111,1.0
2,DER_112,1.0
2,DER_113,0.0
2,DER_114,0.0
2,DER_115,1.0
2,DER_116,0.0
2,DER_117,0.0
2,DER_118,1.0
2,DER_119,1.0
2,DER_120,1.0
2,DER_121,0.0
2,DER_122,1.0
2,DER_123,1.0
2,DER_124,0.0
2,DER_125,1.0
2,DER_126,1.0
2,DER_127,1.0
2,DER_128,0.0
2,DER_129,1.0
2,DER_130,1.0
2,DER_131,1.0
2,DER_132,0.0
2,DER_133,1.0
2,DER_134,0.0
2,DER_135,0.0
2,DER_136,0.0
2,DER_137,1.0
2,DER_138,1.0
2,DER_139,1.0
2,DER_140,1.0
2,DER_141,1.0
2,DER_142,0.0
2,DER_143,0.0
2,DER_144,1.0
2,DER_145,1.0
2,DER_146,1.0
2,DER_147,0.0
2,DER_148,0.0
2,DER_149,1.0
2,DER_150,1.0
2,DER_151,1.0
2,DER_152,0.0
2,DER_153,1.0
2,DER_154,1.0
2,DER_155,1.0
2,DER_156,0.0
2,DER_157,0.0
2,DER_158,1.0
2,DER_159,1.0
2,DER_160,1.0
2,DER_161,0.0
2,DER_162,0.0
2,DER_163,0.0
2,DER_164,0.0
2,DER_165,0.0
2,DER_166,1.0
2,DER_167,0.0
2,DER_168,0.0
2,DER_169,0.0
2,DER_170,0.0
2,DER_171,1.0
2,DER_172,0.0
2,DER_173,0.0
2,DER_174,1.0
2,DER_175,1.0
2,DER_176,0.0
2,DER_177,1.0
2,DER_178,0.0
2,DER_179,1.0
2,DER_180,1.0
2,DER_181,1.0
2,DER_182,0.0
2,DER_183,1.0
2,DER_184,1.0
2,DER_185,0.0
2,DER_186,0.0
2,DER_187,0.0
2,DER_188,0.0
2,DER_189,1.0
2,DER_190,0.0
2,DER_191,0.0
2,DER_192,1.0
2,DER_193,0.0
2,DER_194,0.0
2,DER_195,1.0
2,DER_196,1.0
2,DER_197,0.0
2,DER_198,1.0
2,DER_199,0.0
2,DER_200,1.0
2,DER_201,1.0
2,DER_202,0.0
2,DER_203,0.0
2,DER_204,1.0
2,DER_205,1.0
2,DER_206,1.0
2,DER_207,1.0
2,DER_208,0.0
2,DER_209,0.0
2,DER_210,1.0
2,DER_211,0.0
2,DER_212,1.0
2,DER_213,0.0
2,DER_214,1.0
2,DER_215,0.0
2,DER_216,0.0
2,DER_217,1.0
2,DER_218,0.0
2,DER_219,0.0
2,DER_220,0.0
2,DER_221,1.0
2,DER_222,1.0
2,DER_223,1.0
2,DER_224,1.0
2,DER_225,1.0
2,DER_226,0.0
2,DER_227,1.0
2,DER_228,1.0
2,DER_229,1.0
2,DER_230,1.0
2,DER_231,0.0
2,DER_232,1.0
2,DER_233,0.0
2,DER_234,0.0
2,DER_235,1.0
2,DER_236,1.0
2,DER_237,1.0
2,DER_238,1.0
2,DER_239,1.0
2,DER_240,1.0
2,DER_241,1.0
2,DER_242,0.0
2,DER_243,1.0
2,DER_244,1.0
2,DER_245,0.0
2,DER_246,1.0
2,DER_247,1.0
2,DER_248,0.0
2,DER_249,1.0
2,DER_250,0.0
2,DER_251,0.0
2,DER_252,1.0
2,DER_253,0.0
2,DER_254,1.0
2,DER_255,0.0
2,DER_256,0.0
2,DER_257,1.0
2,DER_258,0.0
2,DER_259,1.0
2,DER_260,1.0
2,DER_261,1.0
2,DER_262,1.0
2,DER_263,0.0
2,DER_264,1.0
2,DER_265,0.0
2,DER_266,1.0
2,DER_267,1.0
2,DER_268,0.0
2,DER_269,1.0
2,DER_270,0.0
2,DER_271,0.0
2,DER_272,1.0
2,DER_273,1.0
2,DER_274,0.0
2,DER_275,0.0
2,DER_276,1.0
2,DER_277,1.0
2,DER_278,0.0
2,DER_279,0.0
2,DER_280,1.0
2,DER_281,0.0
2,DER_282,0.0
2,DER_283,0.0
2,DER_284,0.0
2,DER_285,0.0
2,DER_286,1.0
2,DER_287,0.0
2,DER_288,1.0
2,DER_289,1.0
2,DER_290,1.0
2,DER_291,1.0
2,DER_292,0.0
2,DER_293,0.0
2,DER_294,1.0
2,DER_295,1.0
2,DER_296,0.0
2,DER_297,1.0
2,DER_298,1.0
2,DER_299,1.0
2,DER_300,0.0
2,DER_301,0.0
2,DER_302,0.0
2,DER_303,1.0
2,DER_304,1.0
2,DER_305,1.0
2,DER_306,0.0
2,DER_307,0.0
2,DER_308,1.0
2,DER_309,0.0
2,DER_310,0.0
2,DER_311,0.0
2,DER_312,1.0
2,DER_313,1.0
2,DER_314,1.0
2,DER_315,0.0
2,DER_316,0.0
2,DER_317,1.0
2,DER_318,1.0
2,DER_319,1.0
2,DER_320,0.0
2,DER_321,0.0
2,DER_322,1.0
2,DER_323,0.0
2,DER_324,1.0
2,DER_325,0.0
2,DER_326,1.0
2,DER_327,0.0
2,DER_328,0.0
2,DER_329,1.0
2,DER_330,0.0
2,DER_331,0.0
2,DER_332,1.0
2,DER_333,1.0
2,DER_334,1.0
2,DER_335,0.0
2,DER_336,0.0
2,DER_337,1.0
2,DER_338,0.0
2,DER_339,0.0
2,DER_340,0.0
2,DER_341,0.0
2,DER_342,1.0
2,DER_343,0.0
2,DER_344,0.0
2,DER_345,1.0
2,DER_346,1.0
2,DER_347,1.0
2,DER_348,0.0
2,DER_349,1.0
2,DER_350,1.0
2,DER_351,1.0
2,DER_352,0.0
2,DER_353,0.0
2,DER_354,0.0
2,DER_355,1.0
2,DER_356,1.0
2,DER_357,0.0
2,DER_358,0.0
2,DER_359,0.0
2,DER_360,0.0
2,DER_361,1.0
2,DER_362,0.0
2,DER_363,0.0
2,DER_364,0.0
2,DER_365,1.0
2,DER_366,0.0
2,DER_367,1.0
2,DER_368,1.0
2,DER_369,0.0
2,DER_370,1.0
2,DER_371,1.0
2,DER_372,1.0
2,DER_373,0.0
2,DER_374,0.0
2,DER_375,1.0
2,DER_376,0.0
2,DER_377,0.0
2,DER_378,1.0
2,DER_379,0.0
2,DER_380,0.0
2,DER_381,1.0
2,DER_382,1.0
2,DER_383,0.0
2,DER_384,1.0
2,DER_385,1.0
2,DER_386,1.0
2,DER_387,1.0
2,DER_388,1.0
2,DER_389,1.0
2,DER_390,0.0
2,DER_391,1.0
2,DER_392,0.0
2,DER_393,0.0
2,DER_394,0.0
2,DER_395,1.0
2,DER_396,0.0
2,DER_397,1.0
2,DER_398,1.0
2,DER_399,1.0
2,DER_400,0.0
2,DER_401,0.0
2,DER_402,1.0
2,DER_403,0.0
2,DER_404,0.0
2,DER_405,1.0
2,DER_406,1.0
2,DER_407,0.0
2,DER_408,0.0
2,DER_409,0.0
2,DER_410,1.0
2,DER_411,0.0
2,DER_412,1.0
2,DER_413,1.0
2,DER_414,0.0
2,DER_415,1.0
2,DER_416,1.0
2,DER_417,1.0
2,DER_418,1.0
2,DER_419,1.0
2,DER_420,0.0
2,DER_421,0.0
2,DER_422,1.0
2,DER_423,1.0
2,DER_424,1.0
2,DER_425,1.0
2,DER_426,1.0
2,DER_427,0.0
2,DER_428,1.0
2,DER_429,0.0
2,DER_430,1.0
2,DER_431,1.0
2,DER_432,0.0
2,DER_433,0.0
2,DER_434,1.0
2,DER_435,0.0
2,DER_436,1.0
2,DER_437,1.0
2,DER_438,0.0
2,DER_439,1.0
2,DER_440,0.0
2,DER_441,0.0
2,DER_442,1.0
2,DER_443,0.0
2,DER_444,0.0
2,DER_445,0.0
2,DER_446,0.0
2,DER_447,0.0
2,DER_448,1.0
2,DER_449,1.0
2,DER_450,0.0
3,DER_1,1.0
3,DER_2,0.0
3,DER_3,1.0
3,DER_4,0.0
3,DER_5,1.0
3,DER_6,0.0
3,DER_7,1.0
3,DER_8,1.0
3,DER_9,0.0
3,DER_10,1.0
3,DER_11,1.0
3,DER_12,1.0
3,DER_13,0.0
3,DER_14,1.0
3,DER_15,0.0
3,DER_16,0.0
3,DER_17,1.0
3,DER_18,1.0
3,DER_19,0.0
3,DER_20,1.0
3,DER_21,1.0
3,DER_22,0.0
3,DER_23,0.0
3,DER_24,1.0
3,DER_25,1.0
3,DER_26,0.0
3,DER_27,0.0
3,DER_28,1.0
3,DER_29,0.0
3,DER_30,1.0
3,DER_31,0.0
3,DER_32,1.0
3,DER_33,1.0
3,DER_34,0.0
3,DER_35,1.0
3,DER_36,0.0
3,DER_37,1.0
3,DER_38,0.0
3,DER_39,0.0
3,DER_40,1.0
3,DER_41,0.0
3,DER_42,0.0
3,DER_43,1.0
3,DER_44,0.0
3,DER_45,0.0
3,DER_46,1.0
3,DER_47,0.0
3,DER_48,0.0
3,DER_49,0.0
3,DER_50,1.0
3,DER_51,0.0
3,DER_52,1.0
3,DER_53,0.0
3,DER_54,0.0
3,DER_55,0.0
3,DER_56,0.0
3,DER_57,1.0
3,DER_58,0.0
3,DER_59,0.0
3,DER_60,1.0
3,DER_61,1.0
3,DER_62,0.0
3,DER_63,0.0
3,DER_64,0.0
3,DER_65,1.0
3,DER_66,1.0
3,DER_67,1.0
3,DER_68,1.0
3,DER_69,0.0
3,DER_70,1.0
3,DER_71,0.0
3,DER_72,1.0
3,DER_73,1.0
3,DER_74,1.0
3,DER_75,1.0
3,DER_76,1.0
3,DER_77,1.0
3,DER_78,0.0
3,DER_79,0.0
3,DER_80,1.0
3,DER_81,1.0
3,DER_82,0.0
3,DER_83,0.0
3,DER_84,1.0
3,DER_85,1.0
3,DER_86,0.0
3,DER_87,0.0
3,DER_88,1.0
3,DER_89,0.0
3,DER_90,1.0
3,DER_91,1.0
3,DER_92,1.0
3,DER_93,1.0
3,DER_94,1.0
3,DER_95,0.0
3,DER_96,0.0
3,DER_97,0.0
3,DER_98,0.0
3,DER_99,1.0
3,DER_100,1.0
3,DER_101,1.0
3,DER_102,1.0
3,DER_103,0.0
3,DER_104,0.0
3,DER_105,1.0
3,DER_106,0.0
3,DER_107,0.0
3,DER_108,0.0
3,DER_109,0.0
3,DER_110,1.0
3,DER_111,1.0
3,DER_112,1.0
3,DER_113,0.0
3,DER_114,0.0
3,DER_115,1.0
3,DER_116,0.0
3,DER_117,0.0
3,DER_118,1.0
3,DER_119,1.0
3,DER_120,1.0
3,DER_121,0.0
3,DER_122,1.0
3,DER_123,1.0
3,DER_124,0.0
3,DER_125,1.0
3,DER_126,1.0
3,DER_127,1.0
3,DER_128,0.0
3,DER_129,1.0
3,DER_130,1.0
3,DER_131,1.0
3,DER_132,0.0
3,DER_133,1.0
3,DER_134,0.0
3,DER_135,0.0
3,DER_136,0.0
3,DER_137,1.0
3,DER_138,1.0
3,DER_139,1.0
3,DER_140,1.0
3,DER_141,1.0
3,DER_142,0.0
3,DER_143,0.0
3,DER_144,1.0
3,DER_145,1.0
3,DER_146,1.0
3,DER_147,0.0
3,DER_148,0.0
3,DER_149,1.0
3,DER_150,1.0
3,DER_151,1.0
3,DER_152,0.0
3,DER_153,1.0
3,DER_154,1.0
3,DER_155,1.0
3,DER_156,0.0
3,DER_157,0.0
3,DER_158,1.0
3,DER_159,1.0
3,DER_160,1.0
3,DER_161,0.0
3,DER_162,0.0
3,DER_163,0.0
3,DER_164,0.0
3,DER_165,0.0
3,DER_166,1.0
3,DER_167,0.0
3,DER_168,0.0
3,DER_169,0.0
3,DER_170,0.0
3,DER_171,1.0
3,DER_172,0.0
3,DER_173,0.0
3,DER_174,1.0
3,DER_175,1.0
3,DER_176,0.0
3,DER_177,1.0
3,DER_178,0.0
3,DER_179,1.0
3,DER_180,1.0
3,DER_181,1.0
3,DER_182,0.0
3,DER_183,1.0
3,DER_184,1.0
3,DER_185,0.0
3,DER_186,0.0
3,DER_187,0.0
3,DER_188,0.0
3,DER_189,1.0
3,DER_190,0.0
3,DER_191,0.0
3,DER_192,1.0
3,DER_193,0.0
3,DER_194,0.0
3,DER_195,1.0
3,DER_196,1.0
3,DER_197,0.0
3,DER_198,1.0
3,DER_199,0.0
3,DER_200,1.0
3,DER_201,1.0
3,DER_202,0.0
3,DER_203,0.0
3,DER_204,1.0
3,DER_205,1.0
3,DER_206,1.0
3,DER_207,1.0
3,DER_208,0.0
3,DER_209,0.0
3,DER_210,1.0
3,DER_211,0.0
3,DER_212,1.0
3,DER_213,0.0
3,DER_214,1.0
3,DER_215,0.0
3,DER_216,0.0
3,DER_217,1.0
3,DER_218,0.0
3,DER_219,0.0
3,DER_220,0.0
3,DER_221,1.0
3,DER_222,1.0
3,DER_223,1.0
3,DER_224,1.0
3,DER_225,1.0
3,DER_226,0.0
3,DER_227,1.0
3,DER_228,1.0
3,DER_229,1.0
3,DER_230,1.0
3,DER_231,0.0
3,DER_232,1.0
3,DER_233,0.0
3,DER_234,0.0
3,DER_235,1.0
3,DER_236,1.0
3,DER_237,1.0
3,DER_238,0.0
3,DER_239,1.0
3,DER_240,1.0
3,DER_241,1.0
3,DER_242,0.0
3,DER_243,0.0
3,DER_244,1.0
3,DER_245,0.0
3,DER_246,1.0
3,DER_247,1.0
3,DER_248,0.0
3,DER_249,1.0
3,DER_250,0.0
3,DER_251,0.0
3,DER_252,1.0
3,DER_253,0.0
3,DER_254,1.0
3,DER_255,0.0
3,DER_256,0.0
3,DER_257,1.0
3,DER_258,0.0
3,DER_259,1.0
3,DER_260,1.0
3,DER_261,1.0
3,DER_262,1.0
3,DER_263,0.0
3,DER_264,1.0
3,DER_265,0.0
3,DER_266,1.0
3,DER_267,1.0
3,DER_268,0.0
3,DER_269,1.0
3,DER_270,0.0
3,DER_271,0.0
3,DER_272,1.0
3,DER_273,1.0
3,DER_274,0.0
3,DER_275,0.0
3,DER_276,1.0
3,DER_277,1.0
3,DER_278,0.0
3,DER_279,0.0
3,DER_280,1.0
3,DER_281,0.0
3,DER_282,0.0
3,DER_283,0.0
3,DER_284,0.0
3,DER_285,0.0
3,DER_286,1.0
3,DER_287,0.0
3,DER_288,1.0
3,DER_289,1.0
3,DER_290,1.0
3,DER_291,1.0
3,DER_292,0.0
3,DER_293,0.0
3,DER_294,1.0
3,DER_295,1.0
3,DER_296,0.0
3,DER_297,1.0
3,DER_298,1.0
3,DER_299,1.0
3,DER_300,0.0
3,DER_301,0.0
3,DER_302,0.0
3,DER_303,1.0
3,DER_304,1.0
3,DER_305,1.0
3,DER_306,0.0
3,DER_307,0.0
3,DER_308,1.0
3,DER_309,0.0
3,DER_310,0.0
3,DER_311,0.0
3,DER_312,1.0
3,DER_313,1.0
3,DER_314,1.0
3,DER_315,0.0
3,DER_316,0.0
3,DER_317,1.0
3,DER_318,1.0
3,DER_319,1.0
3,DER_320,0.0
3,DER_321,0.0
3,DER_322,1.0
3,DER_323,0.0
3,DER_324,0.0
3,DER_325,0.0
3,DER_326,1.0
3,DER_327,0.0
3,DER_328,0.0
3,DER_329,1.0
3,DER_330,0.0
3,DER_331,0.0
3,DER_332,1.0
3,DER_333,1.0
3,DER_334,1.0
3,DER_335,0.0
3,DER_336,0.0
3,DER_337,1.0
3,DER_338,0.0
3,DER_339,0.0
3,DER_340,0.0
3,DER_341,0.0
3,DER_342,1.0
3,DER_343,0.0
3,DER_344,0.0
3,DER_345,1.0
3,DER_346,1.0
3,DER_347,1.0
3,DER_348,0.0
3,DER_349,1.0
3,DER_350,1.0
3,DER_351,1.0
3,DER_352,0.0
3,DER_353,0.0
3,DER_354,0.0
3,DER_355,1.0
3,DER_356,1.0
3,DER_357,0.0
3,DER_358,0.0
3,DER_359,0.0
3,DER_360,0.0
3,DER_361,1.0
3,DER_362,0.0
3,DER_363,0.0
3,DER_364,0.0
3,DER_365,1.0
3,DER_366,0.0
3,DER_367,1.0
3,DER_368,1.0
3,DER_369,0.0
3,DER_370,1.0
3,DER_371,1.0
3,DER_372,1.0
3,DER_373,0.0
3,DER_374,0.0
3,DER_375,1.0
3,DER_376,0.0
3,DER_377,0.0
3,DER_378,1.0
3,DER_379,0.0
3,DER_380,0.0
3,DER_381,1.0
3,DER_382,1.0
3,DER_383,0.0
3,DER_384,1.0
3,DER_385,0.0
3,DER_386,1.0
3,DER_387,1.0
3,DER_388,1.0
3,DER_389,1.0
3,DER_390,0.0
3,DER_391,1.0
3,DER_392,0.0
3,DER_393,0.0
3,DER_394,0.0
3,DER_395,1.0
3,DER_396,0.0
3,DER_397,1.0
3,DER_398,1.0
3,DER_399,1.0
3,DER_400,0.0
3,DER_401,0.0
3,DER_402,1.0
3,DER_403,0.0
3,DER_404,0.0
3,DER_405,1.0
3,DER_406,1.0
3,DER_407,0.0
3,DER_408,0.0
3,DER_409,0.0
3,DER_410,1.0
3,DER_411,0.0
3,DER_412,1.0
3,DER_413,1.0
3,DER_414,0.0
3,DER_415,1.0
3,DER_416,1.0
3,DER_417,1.0
3,DER_418,1.0
3,DER_419,1.0
3,DER_420,0.0
3,DER_421,0.0
3,DER_422,1.0
3,DER_423,1.0
3,DER_424,1.0
3,DER_425,1.0
3,DER_426,1.0
3,DER_427,0.0
3,DER_428,1.0
3,DER_429,0.0
3,DER_430,1.0
3,DER_431,1.0
3,DER_432,0.0
3,DER_433,0.0
3,DER_434,1.0
3,DER_435,0.0
3,DER_436,1.0
3,DER_437,1.0
3,DER_438,0.0
3,DER_439,1.0
3,DER_440,0.0
3,DER_441,0.0
3,DER_442,1.0
3,DER_443,0.0
3,DER_444,0.0
3,DER_445,0.0
3,DER_446,0.0
3,DER_447,0.0
3,DER_448,1.0
3,DER_449,1.0
3,DER_450,0.0
4,DER_1,1.0
4,DER_2,0.0
4,DER_3,1.0
4,DER_4,0.0
4,DER_5,1.0
4,DER_6,0.0
4,DER_7,1.0
4,DER_8,1.0
4,DER_9,0.0
4,DER_10,1.0
4,DER_11,1.0
4,DER_12,1.0
4,DER_13,0.0
4,DER_14,1.0
4,DER_15,0.0
4,DER_16,0.0
4,DER_17,1.0
4,DER_18,1.0
4,DER_19,0.0
4,DER_20,1.0
4,DER_21,1.0
4,DER_22,0.0
4,DER_23,0.0
4,DER_24,1.0
4,DER_25,1.0
4,DER_26,0.0
4,DER_27,0.0
4,DER_28,1.0
4,DER_29,0.0
4,DER_30,1.0
4,DER_31,0.0
4,DER_32,1.0
4,DER_33,1.0
4,DER_34,0.0
4,DER_35,1.0
4,DER_36,0.0
4,DER_37,1.0
4,DER_38,0.0
4,DER_39,0.0
4,DER_40,1.0
4,DER_41,0.0
4,DER_42,0.0
4,DER_43,1.0
4,DER_44,0.0
4,DER_45,0.0
4,DER_46,1.0
4,DER_47,0.0
4,DER_48,0.0
4,DER_49,0.0
4,DER_50,1.0
4,DER_51,0.0
4,DER_52,1.0
4,DER_53,0.0
4,DER_54,0.0
4,DER_55,0.0
4,DER_56,0.0
4,DER_57,1.0
4,DER_58,0.0
4,DER_59,0.0
4,DER_60,1.0
4,DER_61,1.0
4,DER_62,0.0
4,DER_63,0.0
4,DER_64,0.0
4,DER_65,1.0
4,DER_66,1.0
4,DER_67,1.0
4,DER_68,1.0
4,DER_69,0.0
4,DER_70,1.0
4,DER_71,0.0
4,DER_72,1.0
4,DER_73,1.0
4,DER_74,1.0
4,DER_75,1.0
4,DER_76,1.0
4,DER_77,1.0
4,DER_78,0.0
4,DER_79,0.0
4,DER_80,1.0
4,DER_81,1.0
4,DER_82,0.0
4,DER_83,0.0
4,DER_84,1.0
4,DER_85,1.0
4,DER_86,0.0
4,DER_87,0.0
4,DER_88,1.0
4,DER_89,0.0
4,DER_90,1.0
4,DER_91,1.0
4,DER_92,1.0
4,DER_93,1.0
4,DER_94,1.0
4,DER_95,0.0
4,DER_96,0.0
4,DER_97,0.0
4,DER_98,0.0
4,DER_99,1.0
4,DER_100,1.0
4,DER_101,1.0
4,DER_102,1.0
4,DER_103,0.0
4,DER_104,0.0
4,DER_105,1.0
4,DER_106,0.0
4,DER_107,0.0
4,DER_108,0.0
4,DER_109,0.0
4,DER_110,1.0
4,DER_111,1.0
4,DER_112,1.0
4,DER_113,0.0
4,DER_114,0.0
4,DER_115,1.0
4,DER_116,0.0
4,DER_117,0.0
4,DER_118,1.0
4,DER_119,1.0
4,DER_120,1.0
4,DER_121,0.0
4,DER_122,1.0
4,DER_123,1.0
4,DER_124,0.0
4,DER_125,1.0
4,DER_126,1.0
4,DER_127,1.0
4,DER_128,0.0
4,DER_129,1.0
4,DER_130,0.0
4,DER_131,1.0
4,DER_132,0.0
4,DER_133,1.0
4,DER_134,0.0
4,DER_135,0.0
4,DER_136,0.0
4,DER_137,1.0
4,DER_138,1.0
4,DER_139,1.0
4,DER_140,1.0
4,DER_141,1.0
4,DER_142,0.0
4,DER_143,0.0
4,DER_144,1.0
4,DER_145,1.0
4,DER_146,1.0
4,DER_147,0.0
4,DER_148,0.0
4,DER_149,1.0
4,DER_150,1.0
4,DER_151,1.0
4,DER_152,0.0
4,DER_153,1.0
4,DER_154,1.0
4,DER_155,1.0
4,DER_156,0.0
4,DER_157,0.0
4,DER_158,1.0
4,DER_159,1.0
4,DER_160,1.0
4,DER_161,0.0
4,DER_162,0.0
4,DER_163,0.0
4,DER_164,0.0
4,DER_165,0.0
4,DER_166,1.0
4,DER_167,0.0
4,DER_168,0.0
4,DER_169,0.0
4,DER_170,0.0
4,DER_171,1.0
4,DER_172,0.0
4,DER_173,0.0
4,DER_174,1.0
4,DER_175,1.0
4,DER_176,0.0
4,DER_177,1.0
4,DER_178,0.0
4,DER_179,1.0
4,DER_180,1.0
4,DER_181,1.0
4,DER_182,0.0
4,DER_183,1.0
4,DER_184,1.0
4,DER_185,0.0
4,DER_186,0.0
4,DER_187,0.0
4,DER_188,0.0
4,DER_189,1.0
4,DER_190,0.0
4,DER_191,0.0
4,DER_192,1.0
4,DER_193,0.0
4,DER_194,0.0
4,DER_195,1.0
4,DER_196,1.0
4,DER_197,0.0
4,DER_198,1.0
4,DER_199,0.0
4,DER_200,1.0
4,DER_201,1.0
4,DER_202,0.0
4,DER_203,0.0
4,DER_204,1.0
4,DER_205,1.0
4,DER_206,1.0
4,DER_207,1.0
4,DER_208,0.0
4,DER_209,0.0
4,DER_210,1.0
4,DER_211,0.0
4,DER_212,1.0
4,DER_213,0.0
4,DER_214,1.0
4,DER_215,0.0
4,DER_216,0.0
4,DER_217,1.0
4,DER_218,0.0
4,DER_219,0.0
4,DER_220,0.0
4,DER_221,1.0
4,DER_222,1.0
4,DER_223,1.0
4,DER_224,1.0
4,DER_225,1.0
4,DER_226,0.0
4,DER_227,1.0
4,DER_228,1.0
4,DER_229,1.0
4,DER_230,1.0
4,DER_231,0.0
4,DER_232,1.0
4,DER_233,0.0
4,DER_234,0.0
4,DER_235,1.0
4,DER_236,1.0
4,DER_237,1.0
4,DER_238,0.0
4,DER_239,1.0
4,DER_240,1.0
4,DER_241,1.0
4,DER_242,0.0
4,DER_243,0.0
4,DER_244,1.0
4,DER_245,0.0
4,DER_246,1.0
4,DER_247,1.0
4,DER_248,0.0
4,DER_249,1.0
4,DER_250,0.0
4,DER_251,0.0
4,DER_252,1.0
4,DER_253,0.0
4,DER_254,1.0
4,DER_255,0.0
4,DER_256,0.0
4,DER_257,1.0
4,DER_258,0.0
4,DER_259,1.0
4,DER_260,1.0
4,DER_261,1.0
4,DER_262,1.0
4,DER_263,0.0
4,DER_264,1.0
4,DER_265,0.0
4,DER_266,1.0
4,DER_267,1.0
4,DER_268,0.0
4,DER_269,1.0
4,DER_270,0.0
4,DER_271,0.0
4,DER_272,1.0
4,DER_273,1.0
4,DER_274,0.0
4,DER_275,0.0
4,DER_276,1.0
4,DER_277,1.0
4,DER_278,0.0
4,DER_279,0.0
4,DER_280,1.0
4,DER_281,0.0
4,DER_282,0.0
4,DER_283,0.0
4,DER_284,0.0
4,DER_285,0.0
4,DER_286,1.0
4,DER_287,0.0
4,DER_288,0.0
4,DER_289,1.0
4,DER_290,1.0
4,DER_291,1.0
4,DER_292,0.0
4,DER_293,0.0
4,DER_294,1.0
4,DER_295,1.0
4,DER_296,0.0
4,DER_297,1.0
4,DER_298,1.0
4,DER_299,1.0
4,DER_300,0.0
4,DER_301,0.0
4,DER_302,0.0
4,DER_303,1.0
4,DER_304,1.0
4,DER_305,1.0
4,DER_306,0.0
4,DER_307,0.0
4,DER_308,1.0
4,DER_309,0.0
4,DER_310,0.0
4,DER_311,0.0
4,DER_312,1.0
4,DER_313,1.0
4,DER_314,1.0
4,DER_315,0.0
4,DER_316,0.0
4,DER_317,1.0
4,DER_318,1.0
4,DER_319,1.0
4,DER_320,0.0
4,DER_321,0.0
4,DER_322,1.0
4,DER_323,0.0
4,DER_324,0.0
4,DER_325,0.0
4,DER_326,1.0
4,DER_327,0.0
4,DER_328,0.0
4,DER_329,1.0
4,DER_330,0.0
4,DER_331,0.0
4,DER_332,1.0
4,DER_333,1.0
4,DER_334,1.0
4,DER_335,0.0
4,DER_336,0.0
4,DER_337,1.0
4,DER_338,0.0
4,DER_339,0.0
4,DER_340,0.0
4,DER_341,0.0
4,DER_342,1.0
4,DER_343,0.0
4,DER_344,0.0
4,DER_345,1.0
4,DER_346,1.0
4,DER_347,1.0
4,DER_348,0.0
4,DER_349,1.0
4,DER_350,1.0
4,DER_351,1.0
4,DER_352,0.0
4,DER_353,0.0
4,DER_354,0.0
4,DER_355,1.0
4,DER_356,1.0
4,DER_357,0.0
4,DER_358,0.0
4,DER_359,0.0
4,DER_360,0.0
4,DER_361,1.0
4,DER_362,0.0
4,DER_363,0.0
4,DER_364,0.0
4,DER_365,1.0
4,DER_366,0.0
4,DER_367,1.0
4,DER_368,1.0
4,DER_369,0.0
4,DER_370,1.0
4,DER_371,1.0
4,DER_372,1.0
4,DER_373,0.0
4,DER_374,0.0
4,DER_375,1.0
4,DER_376,0.0
4,DER_377,0.0
4,DER_378,1.0
4,DER_379,0.0
4,DER_380,0.0
4,DER_381,1.0
4,DER_382,1.0
4,DER_383,0.0
4,DER_384,1.0
4,DER_385,0.0
4,DER_386,1.0
4,DER_387,1.0
4,DER_388,1.0
4,DER_389,1.0
4,DER_390,0.0
4,DER_391,1.0
4,DER_392,0.0
4,DER_393,0.0
4,DER_394,0.0
4,DER_395,1.0
4,DER_396,0.0
4,DER_397,1.0
4,DER_398,1.0
4,DER_399,1.0
4,DER_400,0.0
4,DER_401,0.0
4,DER_402,1.0
4,DER_403,0.0
4,DER_404,0.0
4,DER_405,1.0
4,DER_406,1.0
4,DER_407,0.0
4,DER_408,0.0
4,DER_409,0.0
4,DER_410,1.0
4,DER_411,0.0
4,DER_412,1.0
4,DER_413,1.0
4,DER_414,0.0
4,DER_415,1.0
4,DER_416,1.0
4,DER_417,1.0
4,DER_418,1.0
4,DER_419,1.0
4,DER_420,0.0
4,DER_421,0.0
4,DER_422,1.0
4,DER_423,1.0
4,DER_424,1.0
4,DER_425,1.0
4,DER_426,1.0
4,DER_427,0.0
4,DER_428,1.0
4,DER_429,0.0
4,DER_430,1.0
4,DER_431,1.0
4,DER_432,0.0
4,DER_433,0.0
4,DER_434,1.0
4,DER_435,0.0
4,DER_436,1.0
4,DER_437,1.0
4,DER_438,0.0
4,DER_439,1.0
4,DER_440,0.0
4,DER_441,0.0
4,DER_442,1.0
4,DER_443,0.0
4,DER_444,0.0
4,DER_445,0.0
4,DER_446,0.0
4,DER_447,0.0
4,DER_448,1.0
4,DER_449,1.0
4,DER_450,0.0
5,DER_1,1.0
5,DER_2,0.0
5,DER_3,1.0
5,DER_4,0.0
5,DER_5,1.0
5,DER_6,0.0
5,DER_7,1.0
5,DER_8,1.0
5,DER_9,0.0
5,DER_10,1.0
5,DER_11,1.0
5,DER_12,1.0
5,DER_13,0.0
5,DER_14,1.0
5,DER_15,0.0
5,DER_16,0.0
5,DER_17,1.0
5,DER_18,0.0
5,DER_19,0.0
5,DER_20,1.0
5,DER_21,1.0
5,DER_22,0.0
5,DER_23,0.0
5,DER_24,1.0
5,DER_25,1.0
5,DER_26,0.0
5,DER_27,0.0
5,DER_28,1.0
5,DER_29,0.0
5,DER_30,1.0
5,DER_31,0.0
5,DER_32,1.0
5,DER_33,1.0
5,DER_34,0.0
5,DER_35,1.0
5,DER_36,0.0
5,DER_37,1.0
5,DER_38,0.0
5,DER_39,0.0
5,DER_40,1.0
5,DER_41,0.0
5,DER_42,0.0
5,DER_43,1.0
5,DER_44,0.0
5,DER_45,0.0
5,DER_46,1.0
5,DER_47,0.0
5,DER_48,0.0
5,DER_49,0.0
5,DER_50,1.0
5,DER_51,0.0
5,DER_52,1.0
5,DER_53,0.0
5,DER_54,0.0
5,DER_55,0.0
5,DER_56,0.0
5,DER_57,1.0
5,DER_58,0.0
5,DER_59,0.0
5,DER_60,1.0
5,DER_61,1.0
5,DER_62,0.0
5,DER_63,0.0
5,DER_64,0.0
5,DER_65,1.0
5,DER_66,1.0
5,DER_67,1.0
5,DER_68,1.0
5,DER_69,0.0
5,DER_70,1.0
5,DER_71,0.0
5,DER_72,1.0
5,DER_73,1.0
5,DER_74,1.0
5,DER_75,1.0
5,DER_76,1.0
5,DER_77,1.0
5,DER_78,0.0
5,DER_79,0.0
5,DER_80,1.0
5,DER_81,1.0
5,DER_82,0.0
5,DER_83,0.0
5,DER_84,1.0
5,DER_85,1.0
5,DER_86,0.0
5,DER_87,0.0
5,DER_88,1.0
5,DER_89,0.0
5,DER_90,1.0
5,DER_91,1.0
5,DER_92,1.0
5,DER_93,1.0
5,DER_94,1.0
5,DER_95,0.0
5,DER_96,0.0
5,DER_97,0.0
5,DER_98,0.0
5,DER_99,1.0
5,DER_100,1.0
5,DER_101,1.0
5,DER_102,1.0
5,DER_103,0.0
5,DER_104,0.0
5,DER_105,1.0
5,DER_106,0.0
5,DER_107,0.0
5,DER_108,0.0
5,DER_109,0.0
5,DER_110,1.0
5,DER_111,1.0
5,DER_112,1.0
5,DER_113,0.0
5,DER_114,0.0
5,DER_115,1.0
5,DER_116,0.0
5,DER_117,0.0
5,DER_118,1.0
5,DER_119,1.0
5,DER_120,1.0
5,DER_121,0.0
5,DER_122,1.0
5,DER_123,1.0
5,DER_124,0.0
5,DER_125,1.0
5,DER_126,1.0
5,DER_127,1.0
5,DER_128,0.0
5,DER_129,1.0
5,DER_130,0.0
5,DER_131,1.0
5,DER_132,0.0
5,DER_133,1.0
5,DER_134,0.0
5,DER_135,0.0
5,DER_136,0.0
5,DER_137,1.0
5,DER_138,1.0
5,DER_139,1.0
5,DER_140,1.0
5,DER_141,1.0
5,DER_142,0.0
5,DER_143,0.0
5,DER_144,1.0
5,DER_145,1.0
5,DER_146,1.0
5,DER_147,0.0
5,DER_148,0.0
5,DER_149,1.0
5,DER_150,1.0
5,DER_151,1.0
5,DER_152,0.0
5,DER_153,1.0
5,DER_154,1.0
5,DER_155,1.0
5,DER_156,0.0
5,DER_157,0.0
5,DER_158,1.0
5,DER_159,1.0
5,DER_160,1.0
5,DER_161,0.0
5,DER_162,0.0
5,DER_163,0.0
5,DER_164,0.0
5,DER_165,0.0
5,DER_166,1.0
5,DER_167,0.0
5,DER_168,0.0
5,DER_169,0.0
5,DER_170,0.0
5,DER_171,1.0
5,DER_172,0.0
5,DER_173,0.0
5,DER_174,1.0
5,DER_175,1.0
5,DER_176,0.0
5,DER_177,1.0
5,DER_178,0.0
5,DER_179,1.0
5,DER_180,1.0
5,DER_181,1.0
5,DER_182,0.0
5,DER_183,1.0
5,DER_184,1.0
5,DER_185,0.0
5,DER_186,0.0
5,DER_187,0.0
5,DER_188,0.0
5,DER_189,1.0
5,DER_190,0.0
5,DER_191,0.0
5,DER_192,1.0
5,DER_193,0.0
5,DER_194,0.0
5,DER_195,1.0
5,DER_196,1.0
5,DER_197,0.0
5,DER_198,1.0
5,DER_199,0.0
5,DER_200,1.0
5,DER_201,1.0
5,DER_202,0.0
5,DER_203,0.0
5,DER_204,1.0
5,DER_205,1.0
5,DER_206,1.0
5,DER_207,1.0
5,DER_208,0.0
5,DER_209,0.0
5,DER_210,1.0
5,DER_211,0.0
5,DER_212,1.0
5,DER_213,0.0
5,DER_214,1.0
5,DER_215,0.0
5,DER_216,0.0
5,DER_217,1.0
5,DER_218,0.0
5,DER_219,0.0
5,DER_220,0.0
5,DER_221,1.0
5,DER_222,1.0
5,DER_223,1.0
5,DER_224,1.0
5,DER_225,1.0
5,DER_226,0.0
5,DER_227,1.0
5,DER_228,1.0
5,DER_229,1.0
5,DER_230,1.0
5,DER_231,0.0
5,DER_232,1.0
5,DER_233,0.0
5,DER_234,0.0
5,DER_235,1.0
5,DER_236,1.0
5,DER_237,1.0
5,DER_238,0.0
5,DER_239,1.0
5,DER_240,1.0
5,DER_241,1.0
5,DER_242,0.0
5,DER_243,0.0
5,DER_244,1.0
5,DER_245,0.0
5,DER_246,1.0
5,DER_247,1.0
5,DER_248,0.0
5,DER_249,1.0
5,DER_250,0.0
5,DER_251,0.0
5,DER_252,1.0
5,DER_253,0.0
5,DER_254,1.0
5,DER_255,0.0
5,DER_256,0.0
5,DER_257,1.0
5,DER_258,0.0
5,DER_259,1.0
5,DER_260,1.0
5,DER_261,1.0
5,DER_262,1.0
5,DER_263,0.0
5,DER_264,1.0
5,DER_265,0.0
5,DER_266,1.0
5,DER_267,1.0
5,DER_268,0.0
5,DER_269,1.0
5,DER_270,0.0
5,DER_271,0.0
5,DER_272,1.0
5,DER_273,1.0
5,DER_274,0.0
5,DER_275,0.0
5,DER_276,1.0
5,DER_277,1.0
5,DER_278,0.0
5,DER_279,0.0
5,DER_280,1.0
5,DER_281,0.0
5,DER_282,0.0
5,DER_283,0.0
5,DER_284,0.0
5,DER_285,0.0
5,DER_286,1.0
5,DER_287,0.0
5,DER_288,0.0
5,DER_289,1.0
5,DER_290,1.0
5,DER_291,1.0
5,DER_292,0.0
5,DER_293,0.0
5,DER_294,1.0
5,DER_295,1.0
5,DER_296,0.0
5,DER_297,1.0
5,DER_298,1.0
5,DER_299,1.0
5,DER_300,0.0
5,DER_301,0.0
5,DER_302,0.0
5,DER_303,1.0
5,DER_304,1.0
5,DER_305,1.0
5,DER_306,0.0
5,DER_307,0.0
5,DER_308,1.0
5,DER_309,0.0
5,DER_310,0.0
5,DER_311,0.0
5,DER_312,1.0
5,DER_313,1.0
5,DER_314,1.0
5,DER_315,0.0
5,DER_316,0.0
5,DER_317,1.0
5,DER_318,1.0
5,DER_319,1.0
5,DER_320,0.0
5,DER_321,0.0
5,DER_322,1.0
5,DER_323,0.0
5,DER_324,0.0
5,DER_325,0.0
5,DER_326,1.0
5,DER_327,0.0
5,DER_328,0.0
5,DER_329,1.0
5,DER_330,0.0
5,DER_331,0.0
5,DER_332,1.0
5,DER_333,1.0
5,DER_334,1.0
5,DER_335,0.0
5,DER_336,0.0
5,DER_337,1.0
5,DER_338,0.0
5,DER_339,0.0
5,DER_340,0.0
5,DER_341,0.0
5,DER_342,1.0
5,DER_343,0.0
5,DER_344,0.0
5,DER_345,1.0
5,DER_346,1.0
5,DER_347,1.0
5,DER_348,0.0
5,DER_349,1.0
5,DER_350,1.0
5,DER_351,1.0
5,DER_352,0.0
5,DER_353,0.0
5,DER_354,0.0
5,DER_355,1.0
5,DER_356,1.0
5,DER_357,0.0
5,DER_358,0.0
5,DER_359,0.0
5,DER_360,0.0
5,DER_361,1.0
5,DER_362,0.0
5,DER_363,0.0
5,DER_364,0.0
5,DER_365,1.0
5,DER_366,0.0
5,DER_367,1.0
5,DER_368,1.0
5,DER_369,0.0
5,DER_370,1.0
5,DER_371,1.0
5,DER_372,1.0
5,DER_373,0.0
5,DER_374,0.0
5,DER_375,1.0
5,DER_376,0.0
5,DER_377,0.0
5,DER_378,1.0
5,DER_379,0.0
5,DER_380,0.0
5,DER_381,1.0
5,DER_382,1.0
5,DER_383,0.0
5,DER_384,1.0
5,DER_385,0.0
5,DER_386,1.0
5,DER_387,1.0
5,DER_388,1.0
5,DER_389,1.0
5,DER_390,0.0
5,DER_391,1.0
5,DER_392,0.0
5,DER_393,0.0
5,DER_394,0.0
5,DER_395,1.0
5,DER_396,0.0
5,DER_397,1.0
5,DER_398,1.0
5,DER_399,1.0
5,DER_400,0.0
5,DER_401,0.0
5,DER_402,1.0
5,DER_403,0.0
5,DER_404,0.0
5,DER_405,1.0
5,DER_406,1.0
5,DER_407,0.0
5,DER_408,0.0
5,DER_409,0.0
5,DER_410,1.0
5,DER_411,0.0
5,DER_412,1.0
5,DER_413,1.0
5,DER_414,0.0
5,DER_415,1.0
5,DER_416,1.0
5,DER_417,1.0
5,DER_418,1.0
5,DER_419,1.0
5,DER_420,0.0
5,DER_421,0.0
5,DER_422,1.0
5,DER_423,1.0
5,DER_424,1.0
5,DER_425,1.0
5,DER_426,1.0
5,DER_427,0.0
5,DER_428,1.0
5,DER_429,0.0
5,DER_430,1.0
5,DER_431,1.0
5,DER_432,0.0
5,DER_433,0.0
5,DER_434,1.0
5,DER_435,0.0
5,DER_436,1.0
5,DER_437,1.0
5,DER_438,0.0
5,DER_439,1.0
5,DER_440,0.0
5,DER_441,0.0
5,DER_442,1.0
5,DER_443,0.0
5,DER_444,0.0
5,DER_445,0.0
5,DER_446,0.0
5,DER_447,0.0
5,DER_448,1.0
5,DER_449,1.0
5,DER_450,0.0
6,DER_1,1.0
6,DER_2,0.0
6,DER_3,1.0
6,DER_4,0.0
6,DER_5,1.0
6,DER_6,0.0
6,DER_7,1.0
6,DER_8,1.0
6,DER_9,0.0
6,DER_10,1.0
6,DER_11,1.0
6,DER_12,1.0
6,DER_13,0.0
6,DER_14,1.0
6,DER_15,0.0
6,DER_16,0.0
6,DER_17,1.0
6,DER_18,0.0
6,DER_19,0.0
6,DER_20,1.0
6,DER_21,1.0
6,DER_22,0.0
6,DER_23,0.0
6,DER_24,1.0
6,DER_25,1.0
6,DER_26,0.0
6,DER_27,0.0
6,DER_28,1.0
6,DER_29,0.0
6,DER_30,1.0
6,DER_31,0.0
6,DER_32,1.0
6,DER_33,1.0
6,DER_34,0.0
6,DER_35,1.0
6,DER_36,0.0
6,DER_37,1.0
6,DER_38,0.0
6,DER_39,0.0
6,DER_40,1.0
6,DER_41,0.0
6,DER_42,0.0
6,DER_43,1.0
6,DER_44,0.0
6,DER_45,0.0
6,DER_46,1.0
6,DER_47,0.0
6,DER_48,0.0
6,DER_49,0.0
6,DER_50,1.0
6,DER_51,0.0
6,DER_52,1.0
6,DER_53,0.0
6,DER_54,0.0
6,DER_55,0.0
6,DER_56,0.0
6,DER_57,1.0
6,DER_58,0.0
6,DER_59,0.0
6,DER_60,1.0
6,DER_61,1.0
6,DER_62,0.0
6,DER_63,0.0
6,DER_64,0.0
6,DER_65,1.0
6,DER_66,1.0
6,DER_67,1.0
6,DER_68,1.0
6,DER_69,0.0
6,DER_70,1.0
6,DER_71,0.0
6,DER_72,1.0
6,DER_73,1.0
6,DER_74,1.0
6,DER_75,1.0
6,DER_76,1.0
6,DER_77,1.0
6,DER_78,0.0
6,DER_79,0.0
6,DER_80,1.0
6,DER_81,1.0
6,DER_82,0.0
6,DER_83,0.0
6,DER_84,1.0
6,DER_85,1.0
6,DER_86,0.0
6,DER_87,0.0
6,DER_88,1.0
6,DER_89,0.0
6,DER_90,1.0
6,DER_91,1.0
6,DER_92,1.0
6,DER_93,1.0
6,DER_94,1.0
6,DER_95,0.0
6,DER_96,0.0
6,DER_97,0.0
6,DER_98,0.0
6,DER_99,1.0
6,DER_100,1.0
6,DER_101,1.0
6,DER_102,1.0
6,DER_103,0.0
6,DER_104,0.0
6,DER_105,1.0
6,DER_106,0.0
6,DER_107,0.0
6,DER_108,0.0
6,DER_109,0.0
6,DER_110,1.0
6,DER_111,1.0
6,DER_112,1.0
6,DER_113,0.0
6,DER_114,0.0
6,DER_115,1.0
6,DER_116,0.0
6,DER_117,0.0
6,DER_118,1.0
6,DER_119,1.0
6,DER_120,1.0
6,DER_121,0.0
6,DER_122,1.0
6,DER_123,1.0
6,DER_124,0.0
6,DER_125,1.0
6,DER_126,1.0
6,DER_127,1.0
6,DER_128,0.0
6,DER_129,1.0
6,DER_130,0.0
6,DER_131,1.0
6,DER_132,0.0
6,DER_133,1.0
6,DER_134,0.0
6,DER_135,0.0
6,DER_136,0.0
6,DER_137,1.0
6,DER_138,1.0
6,DER_139,1.0
6,DER_140,1.0
6,DER_141,1.0
6,DER_142,0.0
6,DER_143,0.0
6,DER_144,1.0
6,DER_145,1.0
6,DER_146,1.0
6,DER_147,0.0
6,DER_148,0.0
6,DER_149,1.0
6,DER_150,1.0
6,DER_151,1.0
6,DER_152,0.0
6,DER_153,1.0
6,DER_154,1.0
6,DER_155,1.0
6,DER_156,0.0
6,DER_157,0.0
6,DER_158,1.0
6,DER_159,1.0
6,DER_160,1.0
6,DER_161,0.0
6,DER_162,0.0
6,DER_163,0.0
6,DER_164,0.0
6,DER_165,0.0
6,DER_166,1.0
6,DER_167,0.0
6,DER_168,0.0
6,DER_169,0.0
6,DER_170,0.0
6,DER_171,1.0
6,DER_172,0.0
6,DER_173,0.0
6,DER_174,1.0
6,DER_175,1.0
6,DER_176,0.0
6,DER_177,1.0
6,DER_178,0.0
6,DER_179,1.0
6,DER_180,1.0
6,DER_181,1.0
6,DER_182,0.0
6,DER_183,1.0
6,DER_184,1.0
6,DER_185,0.0
6,DER_186,0.0
6,DER_187,0.0
6,DER_188,0.0
6,DER_189,1.0
6,DER_190,0.0
6,DER_191,0.0
6,DER_192,1.0
6,DER_193,0.0
6,DER_194,0.0
6,DER_195,1.0
6,DER_196,0.0
6,DER_197,0.0
6,DER_198,1.0
6,DER_199,0.0
6,DER_200,1.0
6,DER_201,1.0
6,DER_202,0.0
6,DER_203,0.0
6,DER_204,1.0
6,DER_205,1.0
6,DER_206,1.0
6,DER_207,1.0
6,DER_208,0.0
6,DER_209,0.0
6,DER_210,1.0
6,DER_211,0.0
6,DER_212,1.0
6,DER_213,0.0
6,DER_214,1.0
6,DER_215,0.0
6,DER_216,0.0
6,DER_217,1.0
6,DER_218,0.0
6,DER_219,0.0
6,DER_220,0.0
6,DER_221,1.0
6,DER_222,1.0
6,DER_223,1.0
6,DER_224,1.0
6,DER_225,1.0
6,DER_226,0.0
6,DER_227,1.0
6,DER_228,1.0
6,DER_229,1.0
6,DER_230,1.0
6,DER_231,0.0
6,DER_232,1.0
6,DER_233,0.0
6,DER_234,0.0
6,DER_235,1.0
6,DER_236,1.0
6,DER_237,1.0
6,DER_238,0.0
6,DER_239,1.0
6,DER_240,1.0
6,DER_241,1.0
6,DER_242,0.0
6,DER_243,0.0
6,DER_244,1.0
6,DER_245,0.0
6,DER_246,1.0
6,DER_247,1.0
6,DER_248,0.0
6,DER_249,1.0
6,DER_250,0.0
6,DER_251,0.0
6,DER_252,1.0
6,DER_253,0.0
6,DER_254,1.0
6,DER_255,0.0
6,DER_256,0.0
6,DER_257,1.0
6,DER_258,0.0
6,DER_259,1.0
6,DER_260,1.0
6,DER_261,1.0
6,DER_262,0.0
6,DER_263,0.0
6,DER_264,1.0
6,DER_265,0.0
6,DER_266,1.0
6,DER_267,1.0
6,DER_268,0.0
6,DER_269,1.0
6,DER_270,0.0
6,DER_271,0.0
6,DER_272,1.0
6,DER_273,1.0
6,DER_274,0.0
6,DER_275,0.0
6,DER_276,1.0
6,DER_277,1.0
6,DER_278,0.0
6,DER_279,0.0
6,DER_280,1.0
6,DER_281,0.0
6,DER_282,0.0
6,DER_283,0.0
6,DER_284,0.0
6,DER_285,0.0
6,DER_286,1.0
6,DER_287,0.0
6,DER_288,0.0
6,DER_289,0.0
6,DER_290,1.0
6,DER_291,1.0
6,DER_292,0.0
6,DER_293,0.0
6,DER_294,1.0
6,DER_295,1.0
6,DER_296,0.0
6,DER_297,1.0
6,DER_298,0.0
6,DER_299,1.0
6,DER_300,0.0
6,DER_301,0.0
6,DER_302,0.0
6,DER_303,1.0
6,DER_304,1.0
6,DER_305,1.0
6,DER_306,0.0
6,DER_307,0.0
6,DER_308,1.0
6,DER_309,0.0
6,DER_310,0.0
6,DER_311,0.0
6,DER_312,1.0
6,DER_313,1.0
6,DER_314,1.0
6,DER_315,0.0
6,DER_316,0.0
6,DER_317,1.0
6,DER_318,1.0
6,DER_319,1.0
6,DER_320,0.0
6,DER_321,0.0
6,DER_322,1.0
6,DER_323,0.0
6,DER_324,0.0
6,DER_325,0.0
6,DER_326,1.0
6,DER_327,0.0
6,DER_328,0.0
6,DER_329,1.0
6,DER_330,0.0
6,DER_331,0.0
6,DER_332,1.0
6,DER_333,1.0
6,DER_334,1.0
6,DER_335,0.0
6,DER_336,0.0
6,DER_337,1.0
6,DER_338,0.0
6,DER_339,0.0
6,DER_340,0.0
6,DER_341,0.0
6,DER_342,1.0
6,DER_343,0.0
6,DER_344,0.0
6,DER_345,1.0
6,DER_346,1.0
6,DER_347,1.0
6,DER_348,0.0
6,DER_349,1.0
6,DER_350,1.0
6,DER_351,1.0
6,DER_352,0.0
6,DER_353,0.0
6,DER_354,0.0
6,DER_355,1.0
6,DER_356,1.0
6,DER_357,0.0
6,DER_358,0.0
6,DER_359,0.0
6,DER_360,0.0
6,DER_361,1.0
6,DER_362,0.0
6,DER_363,0.0
6,DER_364,0.0
6,DER_365,1.0
6,DER_366,0.0
6,DER_367,1.0
6,DER_368,1.0
6,DER_369,0.0
6,DER_370,1.0
6,DER_371,1.0
6,DER_372,1.0
6,DER_373,0.0
6,DER_374,0.0
6,DER_375,1.0
6,DER_376,0.0
6,DER_377,0.0
6,DER_378,1.0
6,DER_379,0.0
6,DER_380,0.0
6,DER_381,1.0
6,DER_382,1.0
6,DER_383,0.0
6,DER_384,1.0
6,DER_385,0.0
6,DER_386,1.0
6,DER_387,1.0
6,DER_388,1.0
6,DER_389,1.0
6,DER_390,0.0
6,DER_391,1.0
6,DER_392,0.0
6,DER_393,0.0
6,DER_394,0.0
6,DER_395,1.0
6,DER_396,0.0
6,DER_397,1.0
6,DER_398,1.0
6,DER_399,1.0
6,DER_400,0.0
6,DER_401,0.0
6,DER_402,1.0
6,DER_403,0.0
6,DER_404,0.0
6,DER_405,1.0
6,DER_406,1.0
6,DER_407,0.0
6,DER_408,0.0
6,DER_409,0.0
6,DER_410,1.0
6,DER_411,0.0
6,DER_412,1.0
6,DER_413,1.0
6,DER_414,0.0
6,DER_415,1.0
6,DER_416,1.0
6,DER_417,1.0
6,DER_418,1.0
6,DER_419,1.0
6,DER_420,0.0
6,DER_421,0.0
6,DER_422,1.0
6,DER_423,1.0
6,DER_424,1.0
6,DER_425,1.0
6,DER_426,1.0
6,DER_427,0.0
6,DER_428,1.0
6,DER_429,0.0
6,DER_430,1.0
6,DER_431,1.0
6,DER_432,0.0
6,DER_433,0.0
6,DER_434,1.0
6,DER_435,0.0
6,DER_436,1.0
6,DER_437,1.0
6,DER_438,0.0
6,DER_439,1.0
6,DER_440,0.0
6,DER_441,0.0
6,DER_442,1.0
6,DER_443,0.0
6,DER_444,0.0
6,DER_445,0.0
6,DER_446,0.0
6,DER_447,0.0
6,DER_448,1.0
6,DER_449,1.0
6,DER_450,0.0
7,DER_1,1.0
7,DER_2,0.0
7,DER_3,1.0
7,DER_4,0.0
7,DER_5,1.0
7,DER_6,0.0
7,DER_7,1.0
7,DER_8,1.0
7,DER_9,0.0
7,DER_10,1.0
7,DER_11,1.0
7,DER_12,1.0
7,DER_13,0.0
7,DER_14,1.0
7,DER_15,0.0
7,DER_16,0.0
7,DER_17,1.0
7,DER_18,0.0
7,DER_19,0.0
7,DER_20,1.0
7,DER_21,1.0
7,DER_22,0.0
7,DER_23,0.0
7,DER_24,1.0
7,DER_25,1.0
7,DER_26,0.0
7,DER_27,0.0
7,DER_28,1.0
7,DER_29,0.0
7,DER_30,1.0
7,DER_31,0.0
7,DER_32,1.0
7,DER_33,1.0
7,DER_34,0.0
7,DER_35,1.0
7,DER_36,0.0
7,DER_37,1.0
7,DER_38,0.0
7,DER_39,0.0
7,DER_40,1.0
7,DER_41,0.0
7,DER_42,0.0
7,DER_43,1.0
7,DER_44,0.0
7,DER_45,0.0
7,DER_46,1.0
7,DER_47,0.0
7,DER_48,0.0
7,DER_49,0.0
7,DER_50,1.0
7,DER_51,0.0
7,DER_52,0.0
7,DER_53,0.0
7,DER_54,0.0
7,DER_55,0.0
7,DER_56,0.0
7,DER_57,1.0
7,DER_58,0.0
7,DER_59,0.0
7,DER_60,1.0
7,DER_61,1.0
7,DER_62,0.0
7,DER_63,0.0
7,DER_64,0.0
7,DER_65,1.0
7,DER_66,0.0
7,DER_67,1.0
7,DER_68,1.0
7,DER_69,0.0
7,DER_70,1.0
7,DER_71,0.0
7,DER_72,1.0
7,DER_73,1.0
7,DER_74,1.0
7,DER_75,1.0
7,DER_76,1.0
7,DER_77,1.0
7,DER_78,0.0
7,DER_79,0.0
7,DER_80,1.0
7,DER_81,1.0
7,DER_82,0.0
7,DER_83,0.0
7,DER_84,1.0
7,DER_85,1.0
7,DER_86,0.0
7,DER_87,0.0
7,DER_88,1.0
7,DER_89,0.0
7,DER_90,1.0
7,DER_91,1.0
7,DER_92,1.0
7,DER_93,1.0
7,DER_94,1.0
7,DER_95,0.0
7,DER_96,0.0
7,DER_97,0.0
7,DER_98,0.0
7,DER_99,1.0
7,DER_100,1.0
7,DER_101,1.0
7,DER_102,1.0
7,DER_103,0.0
7,DER_104,0.0
7,DER_105,1.0
7,DER_106,0.0
7,DER_107,0.0
7,DER_108,0.0
7,DER_109,0.0
7,DER_110,1.0
7,DER_111,1.0
7,DER_112,1.0
7,DER_113,0.0
7,DER_114,0.0
7,DER_115,1.0
7,DER_116,0.0
7,DER_117,0.0
7,DER_118,1.0
7,DER_119,1.0
7,DER_120,1.0
7,DER_121,0.0
7,DER_122,1.0
7,DER_123,1.0
7,DER_124,0.0
7,DER_125,1.0
7,DER_126,1.0
7,DER_127,1.0
7,DER_128,0.0
7,DER_129,1.0
7,DER_130,0.0
7,DER_131,1.0
7,DER_132,0.0
7,DER_133,1.0
7,DER_134,0.0
7,DER_135,0.0
7,DER_136,0.0
7,DER_137,1.0
7,DER_138,1.0
7,DER_139,1.0
7,DER_140,1.0
7,DER_141,1.0
7,DER_142,0.0
7,DER_143,0.0
7,DER_144,1.0
7,DER_145,1.0
7,DER_146,1.0
7,DER_147,0.0
7,DER_148,0.0
7,DER_149,1.0
7,DER_150,1.0
7,DER_151,1.0
7,DER_152,0.0
7,DER_153,1.0
7,DER_154,1.0
7,DER_155,1.0
7,DER_156,0.0
7,DER_157,0.0
7,DER_158,1.0
7,DER_159,1.0
7,DER_160,1.0
7,DER_161,0.0
7,DER_162,0.0
7,DER_163,0.0
7,DER_164,0.0
7,DER_165,0.0
7,DER_166,1.0
7,DER_167,0.0
7,DER_168,0.0
7,DER_169,0.0
7,DER_170,0.0
7,DER_171,1.0
7,DER_172,0.0
7,DER_173,0.0
7,DER_174,1.0
7,DER_175,1.0
7,DER_176,0.0
7,DER_177,1.0
7,DER_178,0.0
7,DER_179,1.0
7,DER_180,1.0
7,DER_181,1.0
7,DER_182,0.0
7,DER_183,1.0
7,DER_184,1.0
7,DER_185,0.0
7,DER_186,0.0
7,DER_187,0.0
7,DER_188,0.0
7,DER_189,1.0
7,DER_190,0.0
7,DER_191,0.0
7,DER_192,1.0
7,DER_193,0.0
7,DER_194,0.0
7,DER_195,1.0
7,DER_196,0.0
7,DER_197,0.0
7,DER_198,1.0
7,DER_199,0.0
7,DER_200,1.0
7,DER_201,1.0
7,DER_202,0.0
7,DER_203,0.0
7,DER_204,1.0
7,DER_205,0.0
7,DER_206,1.0
7,DER_207,1.0
7,DER_208,0.0
7,DER_209,0.0
7,DER_210,1.0
7,DER_211,0.0
7,DER_212,1.0
7,DER_213,0.0
7,DER_214,1.0
7,DER_215,0.0
7,DER_216,0.0
7,DER_217,1.0
7,DER_218,0.0
7,DER_219,0.0
7,DER_220,0.0
7,DER_221,1.0
7,DER_222,1.0
7,DER_223,1.0
7,DER_224,1.0
7,DER_225,1.0
7,DER_226,0.0
7,DER_227,1.0
7,DER_228,1.0
7,DER_229,1.0
7,DER_230,0.0
7,DER_231,0.0
7,DER_232,1.0
7,DER_233,0.0
7,DER_234,0.0
7,DER_235,1.0
7,DER_236,1.0
7,DER_237,1.0
7,DER_238,0.0
7,DER_239,1.0
7,DER_240,1.0
7,DER_241,1.0
7,DER_242,0.0
7,DER_243,0.0
7,DER_244,1.0
7,DER_245,0.0
7,DER_246,1.0
7,DER_247,1.0
7,DER_248,0.0
7,DER_249,1.0
7,DER_250,0.0
7,DER_251,0.0
7,DER_252,1.0
7,DER_253,0.0
7,DER_254,1.0
7,DER_255,0.0
7,DER_256,0.0
7,DER_257,1.0
7,DER_258,0.0
7,DER_259,1.0
7,DER_260,1.0
7,DER_261,1.0
7,DER_262,0.0
7,DER_263,0.0
7,DER_264,1.0
7,DER_265,0.0
7,DER_266,1.0
7,DER_267,1.0
7,DER_268,0.0
7,DER_269,1.0
7,DER_270,0.0
7,DER_271,0.0
7,DER_272,1.0
7,DER_273,1.0
7,DER_274,0.0
7,DER_275,0.0
7,DER_276,1.0
7,DER_277,1.0
7,DER_278,0.0
7,DER_279,0.0
7,DER_280,1.0
7,DER_281,0.0
7,DER_282,0.0
7,DER_283,0.0
7,DER_284,0.0
7,DER_285,0.0
7,DER_286,1.0
7,DER_287,0.0
7,DER_288,0.0
7,DER_289,0.0
7,DER_290,1.0
7,DER_291,1.0
7,DER_292,0.0
7,DER_293,0.0
7,DER_294,1.0
7,DER_295,1.0
7,DER_296,0.0
7,DER_297,1.0
7,DER_298,0.0
7,DER_299,1.0
7,DER_300,0.0
7,DER_301,0.0
7,DER_302,0.0
7,DER_303,1.0
7,DER_304,1.0
7,DER_305,1.0
7,DER_306,0.0
7,DER_307,0.0
7,DER_308,1.0
7,DER_309,0.0
7,DER_310,0.0
7,DER_311,0.0
7,DER_312,1.0
7,DER_313,1.0
7,DER_314,1.0
7,DER_315,0.0
7,DER_316,0.0
7,DER_317,1.0
7,DER_318,1.0
7,DER_319,1.0
7,DER_320,0.0
7,DER_321,0.0
7,DER_322,1.0
7,DER_323,0.0
7,DER_324,0.0
7,DER_325,0.0
7,DER_326,1.0
7,DER_327,0.0
7,DER_328,0.0
7,DER_329,1.0
7,DER_330,0.0
7,DER_331,0.0
7,DER_332,1.0
7,DER_333,1.0
7,DER_334,1.0
7,DER_335,0.0
7,DER_336,0.0
7,DER_337,1.0
7,DER_338,0.0
7,DER_339,0.0
7,DER_340,0.0
7,DER_341,0.0
7,DER_342,1.0
7,DER_343,0.0
7,DER_344,0.0
7,DER_345,1.0
7,DER_346,1.0
7,DER_347,1.0
7,DER_348,0.0
7,DER_349,1.0
7,DER_350,1.0
7,DER_351,1.0
7,DER_352,0.0
7,DER_353,0.0
7,DER_354,0.0
7,DER_355,1.0
7,DER_356,1.0
7,DER_357,0.0
7,DER_358,0.0
7,DER_359,0.0
7,DER_360,0.0
7,DER_361,1.0
7,DER_362,0.0
7,DER_363,0.0
7,DER_364,0.0
7,DER_365,1.0
7,DER_366,0.0
7,DER_367,1.0
7,DER_368,1.0
7,DER_369,0.0
7,DER_370,1.0
7,DER_371,1.0
7,DER_372,1.0
7,DER_373,0.0
7,DER_374,0.0
7,DER_375,1.0
7,DER_376,0.0
7,DER_377,0.0
7,DER_378,1.0
7,DER_379,0.0
7,DER_380,0.0
7,DER_381,1.0
7,DER_382,1.0
7,DER_383,0.0
7,DER_384,0.0
7,DER_385,0.0
7,DER_386,0.0
7,DER_387,1.0
7,DER_388,1.0
7,DER_389,1.0
7,DER_390,0.0
7,DER_391,1.0
7,DER_392,0.0
7,DER_393,0.0
7,DER_394,0.0
7,DER_395,1.0
7,DER_396,0.0
7,DER_397,1.0
7,DER_398,1.0
7,DER_399,1.0
7,DER_400,0.0
7,DER_401,0.0
7,DER_402,1.0
7,DER_403,0.0
7,DER_404,0.0
7,DER_405,1.0
7,DER_406,1.0
7,DER_407,0.0
7,DER_408,0.0
7,DER_409,0.0
7,DER_410,1.0
7,DER_411,0.0
7,DER_412,1.0
7,DER_413,1.0
7,DER_414,0.0
7,DER_415,1.0
7,DER_416,1.0
7,DER_417,1.0
7,DER_418,1.0
7,DER_419,1.0
7,DER_420,0.0
7,DER_421,0.0
7,DER_422,1.0
7,DER_423,1.0
7,DER_424,1.0
7,DER_425,0.0
7,DER_426,1.0
7,DER_427,0.0
7,DER_428,1.0
7,DER_429,0.0
7,DER_430,1.0
7,DER_431,1.0
7,DER_432,0.0
7,DER_433,0.0
7,DER_434,1.0
7,DER_435,0.0
7,DER_436,1.0
7,DER_437,1.0
7,DER_438,0.0
7,DER_439,1.0
7,DER_440,0.0
7,DER_441,0.0
7,DER_442,1.0
7,DER_443,0.0
7,DER_444,0.0
7,DER_445,0.0
7,DER_446,0.0
7,DER_447,0.0
7,DER_448,1.0
7,DER_449,1.0
7,DER_450,0.0
8,DER_1,1.0
8,DER_2,0.0
8,DER_3,1.0
8,DER_4,0.0
8,DER_5,1.0
8,DER_6,0.0
8,DER_7,1.0
8,DER_8,1.0
8,DER_9,0.0
8,DER_10,1.0
8,DER_11,1.0
8,DER_12,1.0
8,DER_13,0.0
8,DER_14,1.0
8,DER_15,0.0
8,DER_16,0.0
8,DER_17,1.0
8,DER_18,0.0
8,DER_19,0.0
8,DER_20,1.0
8,DER_21,1.0
8,DER_22,0.0
8,DER_23,0.0
8,DER_24,1.0
8,DER_25,1.0
8,DER_26,0.0
8,DER_27,0.0
8,DER_28,1.0
8,DER_29,0.0
8,DER_30,1.0
8,DER_31,0.0
8,DER_32,1.0
8,DER_33,1.0
8,DER_34,0.0
8,DER_35,1.0
8,DER_36,0.0
8,DER_37,1.0
8,DER_38,0.0
8,DER_39,0.0
8,DER_40,1.0
8,DER_41,0.0
8,DER_42,0.0
8,DER_43,1.0
8,DER_44,0.0
8,DER_45,0.0
8,DER_46,1.0
8,DER_47,0.0
8,DER_48,0.0
8,DER_49,0.0
8,DER_50,1.0
8,DER_51,0.0
8,DER_52,0.0
8,DER_53,0.0
8,DER_54,0.0
8,DER_55,0.0
8,DER_56,0.0
8,DER_57,1.0
8,DER_58,0.0
8,DER_59,0.0
8,DER_60,1.0
8,DER_61,1.0
8,DER_62,0.0
8,DER_63,0.0
8,DER_64,0.0
8,DER_65,1.0
8,DER_66,0.0
8,DER_67,1.0
8,DER_68,1.0
8,DER_69,0.0
8,DER_70,1.0
8,DER_71,0.0
8,DER_72,1.0
8,DER_73,1.0
8,DER_74,1.0
8,DER_75,1.0
8,DER_76,1.0
8,DER_77,1.0
8,DER_78,0.0
8,DER_79,0.0
8,DER_80,1.0
8,DER_81,1.0
8,DER_82,0.0
8,DER_83,0.0
8,DER_84,1.0
8,DER_85,1.0
8,DER_86,0.0
8,DER_87,0.0
8,DER_88,1.0
8,DER_89,0.0
8,DER_90,1.0
8,DER_91,1.0
8,DER_92,1.0
8,DER_93,1.0
8,DER_94,1.0
8,DER_95,0.0
8,DER_96,0.0
8,DER_97,0.0
8,DER_98,0.0
8,DER_99,1.0
8,DER_100,1.0
8,DER_101,1.0
8,DER_102,1.0
8,DER_103,0.0
8,DER_104,0.0
8,DER_105,1.0
8,DER_106,0.0
8,DER_107,0.0
8,DER_108,0.0
8,DER_109,0.0
8,DER_110,1.0
8,DER_111,1.0
8,DER_112,1.0
8,DER_113,0.0
8,DER_114,0.0
8,DER_115,1.0
8,DER_116,0.0
8,DER_117,0.0
8,DER_118,1.0
8,DER_119,1.0
8,DER_120,1.0
8,DER_121,0.0
8,DER_122,1.0
8,DER_123,0.0
8,DER_124,0.0
8,DER_125,1.0
8,DER_126,1.0
8,DER_127,1.0
8,DER_128,0.0
8,DER_129,1.0
8,DER_130,0.0
8,DER_131,1.0
8,DER_132,0.0
8,DER_133,1.0
8,DER_134,0.0
8,DER_135,0.0
8,DER_136,0.0
8,DER_137,1.0
8,DER_138,1.0
8,DER_139,1.0
8,DER_140,1.0
8,DER_141,1.0
8,DER_142,0.0
8,DER_143,0.0
8,DER_144,1.0
8,DER_145,1.0
8,DER_146,1.0
8,DER_147,0.0
8,DER_148,0.0
8,DER_149,1.0
8,DER_150,1.0
8,DER_151,1.0
8,DER_152,0.0
8,DER_153,1.0
8,DER_154,1.0
8,DER_155,1.0
8,DER_156,0.0
8,DER_157,0.0
8,DER_158,1.0
8,DER_159,0.0
8,DER_160,1.0
8,DER_161,0.0
8,DER_162,0.0
8,DER_163,0.0
8,DER_164,0.0
8,DER_165,0.0
8,DER_166,1.0
8,DER_167,0.0
8,DER_168,0.0
8,DER_169,0.0
8,DER_170,0.0
8,DER_171,1.0
8,DER_172,0.0
8,DER_173,0.0
8,DER_174,1.0
8,DER_175,1.0
8,DER_176,0.0
8,DER_177,1.0
8,DER_178,0.0
8,DER_179,1.0
8,DER_180,1.0
8,DER_181,1.0
8,DER_182,0.0
8,DER_183,1.0
8,DER_184,1.0
8,DER_185,0.0
8,DER_186,0.0
8,DER_187,0.0
8,DER_188,0.0
8,DER_189,1.0
8,DER_190,0.0
8,DER_191,0.0
8,DER_192,1.0
8,DER_193,0.0
8,DER_194,0.0
8,DER_195,1.0
8,DER_196,0.0
8,DER_197,0.0
8,DER_198,1.0
8,DER_199,0.0
8,DER_200,1.0
8,DER_201,1.0
8,DER_202,0.0
8,DER_203,0.0
8,DER_204,1.0
8,DER_205,0.0
8,DER_206,1.0
8,DER_207,1.0
8,DER_208,0.0
8,DER_209,0.0
8,DER_210,1.0
8,DER_211,0.0
8,DER_212,1.0
8,DER_213,0.0
8,DER_214,1.0
8,DER_215,0.0
8,DER_216,0.0
8,DER_217,1.0
8,DER_218,0.0
8,DER_219,0.0
8,DER_220,0.0
8,DER_221,1.0
8,DER_222,1.0
8,DER_223,1.0
8,DER_224,1.0
8,DER_225,1.0
8,DER_226,0.0
8,DER_227,1.0
8,DER_228,1.0
8,DER_229,0.0
8,DER_230,0.0
8,DER_231,0.0
8,DER_232,1.0
8,DER_233,0.0
8,DER_234,0.0
8,DER_235,0.0
8,DER_236,1.0
8,DER_237,1.0
8,DER_238,0.0
8,DER_239,1.0
8,DER_240,1.0
8,DER_241,1.0
8,DER_242,0.0
8,DER_243,0.0
8,DER_244,1.0
8,DER_245,0.0
8,DER_246,1.0
8,DER_247,1.0
8,DER_248,0.0
8,DER_249,1.0
8,DER_250,0.0
8,DER_251,0.0
8,DER_252,1.0
8,DER_253,0.0
8,DER_254,1.0
8,DER_255,0.0
8,DER_256,0.0
8,DER_257,1.0
8,DER_258,0.0
8,DER_259,1.0
8,DER_260,1.0
8,DER_261,1.0
8,DER_262,0.0
8,DER_263,0.0
8,DER_264,1.0
8,DER_265,0.0
8,DER_266,1.0
8,DER_267,1.0
8,DER_268,0.0
8,DER_269,1.0
8,DER_270,0.0
8,DER_271,0.0
8,DER_272,1.0
8,DER_273,0.0
8,DER_274,0.0
8,DER_275,0.0
8,DER_276,1.0
8,DER_277,1.0
8,DER_278,0.0
8,DER_279,0.0
8,DER_280,1.0
8,DER_281,0.0
8,DER_282,0.0
8,DER_283,0.0
8,DER_284,0.0
8,DER_285,0.0
8,DER_286,1.0
8,DER_287,0.0
8,DER_288,0.0
8,DER_289,0.0
8,DER_290,1.0
8,DER_291,1.0
8,DER_292,0.0
8,DER_293,0.0
8,DER_294,1.0
8,DER_295,1.0
8,DER_296,0.0
8,DER_297,1.0
8,DER_298,0.0
8,DER_299,1.0
8,DER_300,0.0
8,DER_301,0.0
8,DER_302,0.0
8,DER_303,1.0
8,DER_304,1.0
8,DER_305,1.0
8,DER_306,0.0
8,DER_307,0.0
8,DER_308,1.0
8,DER_309,0.0
8,DER_310,0.0
8,DER_311,0.0
8,DER_312,1.0
8,DER_313,1.0
8,DER_314,1.0
8,DER_315,0.0
8,DER_316,0.0
8,DER_317,1.0
8,DER_318,1.0
8,DER_319,1.0
8,DER_320,0.0
8,DER_321,0.0
8,DER_322,1.0
8,DER_323,0.0
8,DER_324,0.0
8,DER_325,0.0
8,DER_326,1.0
8,DER_327,0.0
8,DER_328,0.0
8,DER_329,1.0
8,DER_330,0.0
8,DER_331,0.0
8,DER_332,1.0
8,DER_333,1.0
8,DER_334,1.0
8,DER_335,0.0
8,DER_336,0.0
8,DER_337,1.0
8,DER_338,0.0
8,DER_339,0.0
8,DER_340,0.0
8,DER_341,0.0
8,DER_342,1.0
8,DER_343,0.0
8,DER_344,0.0
8,DER_345,1.0
8,DER_346,1.0
8,DER_347,1.0
8,DER_348,0.0
8,DER_349,1.0
8,DER_350,1.0
8,DER_351,1.0
8,DER_352,0.0
8,DER_353,0.0
8,DER_354,0.0
8,DER_355,1.0
8,DER_356,1.0
8,DER_357,0.0
8,DER_358,0.0
8,DER_359,0.0
8,DER_360,0.0
8,DER_361,1.0
8,DER_362,0.0
8,DER_363,0.0
8,DER_364,0.0
8,DER_365,1.0
8,DER_366,0.0
8,DER_367,1.0
8,DER_368,1.0
8,DER_369,0.0
8,DER_370,1.0
8,DER_371,1.0
8,DER_372,1.0
8,DER_373,0.0
8,DER_374,0.0
8,DER_375,1.0
8,DER_376,0.0
8,DER_377,0.0
8,DER_378,1.0
8,DER_379,0.0
8,DER_380,0.0
8,DER_381,1.0
8,DER_382,1.0
8,DER_383,0.0
8,DER_384,0.0
8,DER_385,0.0
8,DER_386,0.0
8,DER_387,1.0
8,DER_388,1.0
8,DER_389,1.0
8,DER_390,0.0
8,DER_391,1.0
8,DER_392,0.0
8,DER_393,0.0
8,DER_394,0.0
8,DER_395,1.0
8,DER_396,0.0
8,DER_397,1.0
8,DER_398,1.0
8,DER_399,1.0
8,DER_400,0.0
8,DER_401,0.0
8,DER_402,1.0
8,DER_403,0.0
8,DER_404,0.0
8,DER_405,1.0
8,DER_406,1.0
8,DER_407,0.0
8,DER_408,0.0
8,DER_409,0.0
8,DER_410,1.0
8,DER_411,0.0
8,DER_412,1.0
8,DER_413,1.0
8,DER_414,0.0
8,DER_415,1.0
8,DER_416,1.0
8,DER_417,1.0
8,DER_418,1.0
8,DER_419,1.0
8,DER_420,0.0
8,DER_421,0.0
8,DER_422,1.0
8,DER_423,1.0
8,DER_424,1.0
8,DER_425,0.0
8,DER_426,1.0
8,DER_427,0.0
8,DER_428,1.0
8,DER_429,0.0
8,DER_430,1.0
8,DER_431,1.0
8,DER_432,0.0
8,DER_433,0.0
8,DER_434,1.0
8,DER_435,0.0
8,DER_436,0.0
8,DER_437,1.0
8,DER_438,0.0
8,DER_439,1.0
8,DER_440,0.0
8,DER_441,0.0
8,DER_442,1.0
8,DER_443,0.0
8,DER_444,0.0
8,DER_445,0.0
8,DER_446,0.0
8,DER_447,0.0
8,DER_448,1.0
8,DER_449,0.0
8,DER_450,0.0
9,DER_1,1.0
9,DER_2,0.0
9,DER_3,1.0
9,DER_4,0.0
9,DER_5,1.0
9,DER_6,0.0
9,DER_7,1.0
9,DER_8,1.0
9,DER_9,0.0
9,DER_10,1.0
9,DER_11,1.0
9,DER_12,1.0
9,DER_13,0.0
9,DER_14,1.0
9,DER_15,0.0
9,DER_16,0.0
9,DER_17,1.0
9,DER_18,0.0
9,DER_19,0.0
9,DER_20,1.0
9,DER_21,1.0
9,DER_22,0.0
9,DER_23,0.0
9,DER_24,1.0
9,DER_25,1.0
9,DER_26,0.0
9,DER_27,0.0
9,DER_28,0.0
9,DER_29,0.0
9,DER_30,1.0
9,DER_31,0.0
9,DER_32,1.0
9,DER_33,1.0
9,DER_34,0.0
9,DER_35,1.0
9,DER_36,0.0
9,DER_37,1.0
9,DER_38,0.0
9,DER_39,0.0
9,DER_40,1.0
9,DER_41,0.0
9,DER_42,0.0
9,DER_43,0.0
9,DER_44,0.0
9,DER_45,0.0
9,DER_46,1.0
9,DER_47,0.0
9,DER_48,0.0
9,DER_49,0.0
9,DER_50,1.0
9,DER_51,0.0
9,DER_52,0.0
9,DER_53,0.0
9,DER_54,0.0
9,DER_55,0.0
9,DER_56,0.0
9,DER_57,1.0
9,DER_58,0.0
9,DER_59,0.0
9,DER_60,1.0
9,DER_61,1.0
9,DER_62,0.0
9,DER_63,0.0
9,DER_64,0.0
9,DER_65,1.0
9,DER_66,0.0
9,DER_67,1.0
9,DER_68,1.0
9,DER_69,0.0
9,DER_70,1.0
9,DER_71,0.0
9,DER_72,1.0
9,DER_73,1.0
9,DER_74,1.0
9,DER_75,1.0
9,DER_76,1.0
9,DER_77,1.0
9,DER_78,0.0
9,DER_79,0.0
9,DER_80,1.0
9,DER_81,1.0
9,DER_82,0.0
9,DER_83,0.0
9,DER_84,1.0
9,DER_85,1.0
9,DER_86,0.0
9,DER_87,0.0
9,DER_88,1.0
9,DER_89,0.0
9,DER_90,1.0
9,DER_91,0.0
9,DER_92,0.0
9,DER_93,1.0
9,DER_94,1.0
9,DER_95,0.0
9,DER_96,0.0
9,DER_97,0.0
9,DER_98,0.0
9,DER_99,1.0
9,DER_100,1.0
9,DER_101,1.0
9,DER_102,1.0
9,DER_103,0.0
9,DER_104,0.0
9,DER_105,1.0
9,DER_106,0.0
9,DER_107,0.0
9,DER_108,0.0
9,DER_109,0.0
9,DER_110,1.0
9,DER_111,0.0
9,DER_112,1.0
9,DER_113,0.0
9,DER_114,0.0
9,DER_115,1.0
9,DER_116,0.0
9,DER_117,0.0
9,DER_118,1.0
9,DER_119,1.0
9,DER_120,1.0
9,DER_121,0.0
9,DER_122,1.0
9,DER_123,0.0
9,DER_124,0.0
9,DER_125,1.0
9,DER_126,1.0
9,DER_127,1.0
9,DER_128,0.0
9,DER_129,1.0
9,DER_130,0.0
9,DER_131,1.0
9,DER_132,0.0
9,DER_133,1.0
9,DER_134,0.0
9,DER_135,0.0
9,DER_136,0.0
9,DER_137,1.0
9,DER_138,1.0
9,DER_139,1.0
9,DER_140,1.0
9,DER_141,1.0
9,DER_142,0.0
9,DER_143,0.0
9,DER_144,1.0
9,DER_145,1.0
9,DER_146,1.0
9,DER_147,0.0
9,DER_148,0.0
9,DER_149,1.0
9,DER_150,1.0
9,DER_151,1.0
9,DER_152,0.0
9,DER_153,1.0
9,DER_154,1.0
9,DER_155,1.0
9,DER_156,0.0
9,DER_157,0.0
9,DER_158,1.0
9,DER_159,0.0
9,DER_160,0.0
9,DER_161,0.0
9,DER_162,0.0
9,DER_163,0.0
9,DER_164,0.0
9,DER_165,0.0
9,DER_166,1.0
9,DER_167,0.0
9,DER_168,0.0
9,DER_169,0.0
9,DER_170,0.0
9,DER_171,1.0
9,DER_172,0.0
9,DER_173,0.0
9,DER_174,1.0
9,DER_175,1.0
9,DER_176,0.0
9,DER_177,1.0
9,DER_178,0.0
9,DER_179,1.0
9,DER_180,1.0
9,DER_181,1.0
9,DER_182,0.0
9,DER_183,1.0
9,DER_184,1.0
9,DER_185,0.0
9,DER_186,0.0
9,DER_187,0.0
9,DER_188,0.0
9,DER_189,1.0
9,DER_190,0.0
9,DER_191,0.0
9,DER_192,1.0
9,DER_193,0.0
9,DER_194,0.0
9,DER_195,1.0
9,DER_196,0.0
9,DER_197,0.0
9,DER_198,1.0
9,DER_199,0.0
9,DER_200,1.0
9,DER_201,1.0
9,DER_202,0.0
9,DER_203,0.0
9,DER_204,1.0
9,DER_205,0.0
9,DER_206,1.0
9,DER_207,0.0
9,DER_208,0.0
9,DER_209,0.0
9,DER_210,1.0
9,DER_211,0.0
9,DER_212,1.0
9,DER_213,0.0
9,DER_214,1.0
9,DER_215,0.0
9,DER_216,0.0
9,DER_217,1.0
9,DER_218,0.0
9,DER_219,0.0
9,DER_220,0.0
9,DER_221,1.0
9,DER_222,1.0
9,DER_223,1.0
9,DER_224,1.0
9,DER_225,1.0
9,DER_226,0.0
9,DER_227,1.0
9,DER_228,1.0
9,DER_229,0.0
9,DER_230,0.0
9,DER_231,0.0
9,DER_232,1.0
9,DER_233,0.0
9,DER_234,0.0
9,DER_235,0.0
9,DER_236,1.0
9,DER_237,1.0
9,DER_238,0.0
9,DER_239,1.0
9,DER_240,1.0
9,DER_241,1.0
9,DER_242,0.0
9,DER_243,0.0
9,DER_244,1.0
9,DER_245,0.0
9,DER_246,1.0
9,DER_247,1.0
9,DER_248,0.0
9,DER_249,1.0
9,DER_250,0.0
9,DER_251,0.0
9,DER_252,1.0
9,DER_253,0.0
9,DER_254,1.0
9,DER_255,0.0
9,DER_256,0.0
9,DER_257,1.0
9,DER_258,0.0
9,DER_259,1.0
9,DER_260,1.0
9,DER_261,1.0
9,DER_262,0.0
9,DER_263,0.0
9,DER_264,1.0
9,DER_265,0.0
9,DER_266,1.0
9,DER_267,1.0
9,DER_268,0.0
9,DER_269,1.0
9,DER_270,0.0
9,DER_271,0.0
9,DER_272,1.0
9,DER_273,0.0
9,DER_274,0.0
9,DER_275,0.0
9,DER_276,1.0
9,DER_277,1.0
9,DER_278,0.0
9,DER_279,0.0
9,DER_280,1.0
9,DER_281,0.0
9,DER_282,0.0
9,DER_283,0.0
9,DER_284,0.0
9,DER_285,0.0
9,DER_286,1.0
9,DER_287,0.0
9,DER_288,0.0
9,DER_289,0.0
9,DER_290,1.0
9,DER_291,1.0
9,DER_292,0.0
9,DER_293,0.0
9,DER_294,1.0
9,DER_295,1.0
9,DER_296,0.0
9,DER_297,1.0
9,DER_298,0.0
9,DER_299,1.0
9,DER_300,0.0
9,DER_301,0.0
9,DER_302,0.0
9,DER_303,1.0
9,DER_304,1.0
9,DER_305,1.0
9,DER_306,0.0
9,DER_307,0.0
9,DER_308,1.0
9,DER_309,0.0
9,DER_310,0.0
9,DER_311,0.0
9,DER_312,1.0
9,DER_313,1.0
9,DER_314,1.0
9,DER_315,0.0
9,DER_316,0.0
9,DER_317,1.0
9,DER_318,1.0
9,DER_319,1.0
9,DER_320,0.0
9,DER_321,0.0
9,DER_322,1.0
9,DER_323,0.0
9,DER_324,0.0
9,DER_325,0.0
9,DER_326,1.0
9,DER_327,0.0
9,DER_328,0.0
9,DER_329,1.0
9,DER_330,0.0
9,DER_331,0.0
9,DER_332,1.0
9,DER_333,1.0
9,DER_334,1.0
9,DER_335,0.0
9,DER_336,0.0
9,DER_337,1.0
9,DER_338,0.0
9,DER_339,0.0
9,DER_340,0.0
9,DER_341,0.0
9,DER_342,1.0
9,DER_343,0.0
9,DER_344,0.0
9,DER_345,1.0
9,DER_346,1.0
9,DER_347,1.0
9,DER_348,0.0
9,DER_349,1.0
9,DER_350,1.0
9,DER_351,1.0
9,DER_352,0.0
9,DER_353,0.0
9,DER_354,0.0
9,DER_355,1.0
9,DER_356,1.0
9,DER_357,0.0
9,DER_358,0.0
9,DER_359,0.0
9,DER_360,0.0
9,DER_361,1.0
9,DER_362,0.0
9,DER_363,0.0
9,DER_364,0.0
9,DER_365,1.0
9,DER_366,0.0
9,DER_367,1.0
9,DER_368,1.0
9,DER_369,0.0
9,DER_370,1.0
9,DER_371,1.0
9,DER_372,0.0
9,DER_373,0.0
9,DER_374,0.0
9,DER_375,1.0
9,DER_376,0.0
9,DER_377,0.0
9,DER_378,1.0
9,DER_379,0.0
9,DER_380,0.0
9,DER_381,1.0
9,DER_382,1.0
9,DER_383,0.0
9,DER_384,0.0
9,DER_385,0.0
9,DER_386,0.0
9,DER_387,1.0
9,DER_388,1.0
9,DER_389,1.0
9,DER_390,0.0
9,DER_391,1.0
9,DER_392,0.0
9,DER_393,0.0
9,DER_394,0.0
9,DER_395,1.0
9,DER_396,0.0
9,DER_397,1.0
9,DER_398,0.0
9,DER_399,1.0
9,DER_400,0.0
9,DER_401,0.0
9,DER_402,1.0
9,DER_403,0.0
9,DER_404,0.0
9,DER_405,1.0
9,DER_406,1.0
9,DER_407,0.0
9,DER_408,0.0
9,DER_409,0.0
9,DER_410,1.0
9,DER_411,0.0
9,DER_412,1.0
9,DER_413,1.0
9,DER_414,0.0
9,DER_415,1.0
9,DER_416,1.0
9,DER_417,1.0
9,DER_418,1.0
9,DER_419,1.0
9,DER_420,0.0
9,DER_421,0.0
9,DER_422,1.0
9,DER_423,1.0
9,DER_424,1.0
9,DER_425,0.0
9,DER_426,1.0
9,DER_427,0.0
9,DER_428,1.0
9,DER_429,0.0
9,DER_430,1.0
9,DER_431,1.0
9,DER_432,0.0
9,DER_433,0.0
9,DER_434,1.0
9,DER_435,0.0
9,DER_436,0.0
9,DER_437,1.0
9,DER_438,0.0
9,DER_439,1.0
9,DER_440,0.0
9,DER_441,0.0
9,DER_442,1.0
9,DER_443,0.0
9,DER_444,0.0
9,DER_445,0.0
9,DER_446,0.0
9,DER_447,0.0
9,DER_448,1.0
9,DER_449,0.0
9,DER_450,0.0
10,DER_1,1.0
10,DER_2,0.0
10,DER_3,1.0
10,DER_4,0.0
10,DER_5,1.0
10,DER_6,0.0
10,DER_7,1.0
10,DER_8,1.0
10,DER_9,0.0
10,DER_10,1.0
10,DER_11,1.0
10,DER_12,1.0
10,DER_13,0.0
10,DER_14,1.0
10,DER_15,0.0
10,DER_16,1.0
10,DER_17,1.0
10,DER_18,0.0
10,DER_19,0.0
10,DER_20,1.0
10,DER_21,1.0
10,DER_22,0.0
10,DER_23,0.0
10,DER_24,1.0
10,DER_25,1.0
10,DER_26,0.0
10,DER_27,0.0
10,DER_28,0.0
10,DER_29,0.0
10,DER_30,1.0
10,DER_31,0.0
10,DER_32,1.0
10,DER_33,1.0
10,DER_34,0.0
10,DER_35,1.0
10,DER_36,0.0
10,DER_37,1.0
10,DER_38,0.0
10,DER_39,0.0
10,DER_40,1.0
10,DER_41,0.0
10,DER_42,0.0
10,DER_43,0.0
10,DER_44,0.0
10,DER_45,0.0
10,DER_46,1.0
10,DER_47,0.0
10,DER_48,0.0
10,DER_49,0.0
10,DER_50,1.0
10,DER_51,0.0
10,DER_52,0.0
10,DER_53,0.0
10,DER_54,0.0
10,DER_55,0.0
10,DER_56,0.0
10,DER_57,1.0
10,DER_58,0.0
10,DER_59,0.0
10,DER_60,1.0
10,DER_61,1.0
10,DER_62,0.0
10,DER_63,0.0
10,DER_64,0.0
10,DER_65,1.0
10,DER_66,0.0
10,DER_67,1.0
10,DER_68,1.0
10,DER_69,0.0
10,DER_70,1.0
10,DER_71,0.0
10,DER_72,1.0
10,DER_73,1.0
10,DER_74,1.0
10,DER_75,1.0
10,DER_76,1.0
10,DER_77,1.0
10,DER_78,0.0
10,DER_79,0.0
10,DER_80,1.0
10,DER_81,1.0
10,DER_82,0.0
10,DER_83,0.0
10,DER_84,1.0
10,DER_85,1.0
10,DER_86,0.0
10,DER_87,0.0
10,DER_88,1.0
10,DER_89,0.0
10,DER_90,1.0
10,DER_91,0.0
10,DER_92,0.0
10,DER_93,1.0
10,DER_94,1.0
10,DER_95,0.0
10,DER_96,0.0
10,DER_97,0.0
10,DER_98,0.0
10,DER_99,1.0
10,DER_100,1.0
10,DER_101,1.0
10,DER_102,1.0
10,DER_103,0.0
10,DER_104,0.0
10,DER_105,1.0
10,DER_106,0.0
10,DER_107,0.0
10,DER_108,0.0
10,DER_109,0.0
10,DER_110,1.0
10,DER_111,0.0
10,DER_112,1.0
10,DER_113,0.0
10,DER_114,0.0
10,DER_115,1.0
10,DER_116,0.0
10,DER_117,0.0
10,DER_118,1.0
10,DER_119,1.0
10,DER_120,1.0
10,DER_121,0.0
10,DER_122,1.0
10,DER_123,0.0
10,DER_124,0.0
10,DER_125,1.0
10,DER_126,1.0
10,DER_127,1.0
10,DER_128,0.0
10,DER_129,1.0
10,DER_130,0.0
10,DER_131,1.0
10,DER_132,0.0
10,DER_133,1.0
10,DER_134,0.0
10,DER_135,0.0
10,DER_136,0.0
10,DER_137,1.0
10,DER_138,1.0
10,DER_139,1.0
10,DER_140,1.0
10,DER_141,1.0
10,DER_142,0.0
10,DER_143,0.0
10,DER_144,1.0
10,DER_145,1.0
10,DER_146,1.0
10,DER_147,0.0
10,DER_148,0.0
10,DER_149,1.0
10,DER_150,1.0
10,DER_151,1.0
10,DER_152,0.0
10,DER_153,1.0
10,DER_154,1.0
10,DER_155,1.0
10,DER_156,0.0
10,DER_157,0.0
10,DER_158,1.0
10,DER_159,0.0
10,DER_160,0.0
10,DER_161,0.0
10,DER_162,0.0
10,DER_163,0.0
10,DER_164,0.0
10,DER_165,0.0
10,DER_166,1.0
10,DER_167,0.0
10,DER_168,0.0
10,DER_169,0.0
10,DER_170,0.0
10,DER_171,1.0
10,DER_172,0.0
10,DER_173,0.0
10,DER_174,1.0
10,DER_175,1.0
10,DER_176,0.0
10,DER_177,1.0
10,DER_178,0.0
10,DER_179,1.0
10,DER_180,1.0
10,DER_181,1.0
10,DER_182,0.0
10,DER_183,1.0
10,DER_184,1.0
10,DER_185,0.0
10,DER_186,0.0
10,DER_187,0.0
10,DER_188,0.0
10,DER_189,1.0
10,DER_190,0.0
10,DER_191,0.0
10,DER_192,1.0
10,DER_193,0.0
10,DER_194,0.0
10,DER_195,1.0
10,DER_196,0.0
10,DER_197,0.0
10,DER_198,1.0
10,DER_199,0.0
10,DER_200,1.0
10,DER_201,1.0
10,DER_202,0.0
10,DER_203,0.0
10,DER_204,1.0
10,DER_205,0.0
10,DER_206,1.0
10,DER_207,0.0
10,DER_208,0.0
10,DER_209,0.0
10,DER_210,1.0
10,DER_211,0.0
10,DER_212,1.0
10,DER_213,0.0
10,DER_214,1.0
10,DER_215,0.0
10,DER_216,0.0
10,DER_217,1.0
10,DER_218,0.0
10,DER_219,0.0
10,DER_220,0.0
10,DER_221,1.0
10,DER_222,1.0
10,DER_223,1.0
10,DER_224,1.0
10,DER_225,1.0
10,DER_226,0.0
10,DER_227,1.0
10,DER_228,1.0
10,DER_229,0.0
10,DER_230,0.0
10,DER_231,0.0
10,DER_232,1.0
10,DER_233,0.0
10,DER_234,0.0
10,DER_235,0.0
10,DER_236,1.0
10,DER_237,1.0
10,DER_238,0.0
10,DER_239,1.0
10,DER_240,1.0
10,DER_241,1.0
10,DER_242,0.0
10,DER_243,0.0
10,DER_244,1.0
10,DER_245,0.0
10,DER_246,1.0
10,DER_247,1.0
10,DER_248,0.0
10,DER_249,1.0
10,DER_250,0.0
10,DER_251,0.0
10,DER_252,1.0
10,DER_253,0.0
10,DER_254,1.0
10,DER_255,0.0
10,DER_256,0.0
10,DER_257,1.0
10,DER_258,0.0
10,DER_259,1.0
10,DER_260,1.0
10,DER_261,1.0
10,DER_262,0.0
10,DER_263,0.0
10,DER_264,1.0
10,DER_265,0.0
10,DER_266,1.0
10,DER_267,1.0
10,DER_268,0.0
10,DER_269,1.0
10,DER_270,0.0
10,DER_271,0.0
10,DER_272,1.0
10,DER_273,0.0
10,DER_274,0.0
10,DER_275,0.0
10,DER_276,1.0
10,DER_277,1.0
10,DER_278,0.0
10,DER_279,0.0
10,DER_280,1.0
10,DER_281,0.0
10,DER_282,0.0
10,DER_283,0.0
10,DER_284,0.0
10,DER_285,0.0
10,DER_286,1.0
10,DER_287,0.0
10,DER_288,0.0
10,DER_289,0.0
10,DER_290,1.0
10,DER_291,1.0
10,DER_292,0.0
10,DER_293,0.0
10,DER_294,1.0
10,DER_295,1.0
10,DER_296,0.0
10,DER_297,1.0
10,DER_298,0.0
10,DER_299,1.0
10,DER_300,0.0
10,DER_301,0.0
10,DER_302,0.0
10,DER_303,1.0
10,DER_304,1.0
10,DER_305,1.0
10,DER_306,0.0
10,DER_307,0.0
10,DER_308,1.0
10,DER_309,0.0
10,DER_310,0.0
10,DER_311,0.0
10,DER_312,1.0
10,DER_313,1.0
10,DER_314,1.0
10,DER_315,0.0
10,DER_316,0.0
10,DER_317,1.0
10,DER_318,1.0
10,DER_319,1.0
10,DER_320,0.0
10,DER_321,0.0
10,DER_322,1.0
10,DER_323,0.0
10,DER_324,0.0
10,DER_325,0.0
10,DER_326,1.0
10,DER_327,0.0
10,DER_328,0.0
10,DER_329,1.0
10,DER_330,0.0
10,DER_331,0.0
10,DER_332,1.0
10,DER_333,1.0
10,DER_334,1.0
10,DER_335,0.0
10,DER_336,0.0
10,DER_337,1.0
10,DER_338,0.0
10,DER_339,0.0
10,DER_340,0.0
10,DER_341,0.0
10,DER_342,1.0
10,DER_343,0.0
10,DER_344,0.0
10,DER_345,1.0
10,DER_346,1.0
10,DER_347,1.0
10,DER_348,0.0
10,DER_349,1.0
10,DER_350,1.0
10,DER_351,1.0
10,DER_352,1.0
10,DER_353,0.0
10,DER_354,0.0
10,DER_355,1.0
10,DER_356,1.0
10,DER_357,0.0
10,DER_358,0.0
10,DER_359,0.0
10,DER_360,0.0
10,DER_361,1.0
10,DER_362,0.0
10,DER_363,0.0
10,DER_364,0.0
10,DER_365,1.0
10,DER_366,0.0
10,DER_367,1.0
10,DER_368,1.0
10,DER_369,0.0
10,DER_370,1.0
10,DER_371,1.0
10,DER_372,0.0
10,DER_373,0.0
10,DER_374,0.0
10,DER_375,1.0
10,DER_376,0.0
10,DER_377,0.0
10,DER_378,1.0
10,DER_379,0.0
10,DER_380,0.0
10,DER_381,1.0
10,DER_382,1.0
10,DER_383,0.0
10,DER_384,0.0
10,DER_385,0.0
10,DER_386,0.0
10,DER_387,1.0
10,DER_388,1.0
10,DER_389,1.0
10,DER_390,0.0
10,DER_391,1.0
10,DER_392,0.0
10,DER_393,0.0
10,DER_394,0.0
10,DER_395,1.0
10,DER_396,0.0
10,DER_397,1.0
10,DER_398,0.0
10,DER_399,1.0
10,DER_400,0.0
10,DER_401,0.0
10,DER_402,1.0
10,DER_403,0.0
10,DER_404,0.0
10,DER_405,1.0
10,DER_406,1.0
10,DER_407,0.0
10,DER_408,0.0
10,DER_409,0.0
10,DER_410,1.0
10,DER_411,0.0
10,DER_412,1.0
10,DER_413,1.0
10,DER_414,0.0
10,DER_415,1.0
10,DER_416,1.0
10,DER_417,1.0
10,DER_418,1.0
10,DER_419,1.0
10,DER_420,0.0
10,DER_421,0.0
10,DER_422,1.0
10,DER_423,1.0
10,DER_424,1.0
10,DER_425,0.0
10,DER_426,1.0
10,DER_427,0.0
10,DER_428,1.0
10,DER_429,0.0
10,DER_430,1.0
10,DER_431,1.0
10,DER_432,0.0
10,DER_433,0.0
10,DER_434,1.0
10,DER_435,0.0
10,DER_436,0.0
10,DER_437,1.0
10,DER_438,0.0
10,DER_439,1.0
10,DER_440,0.0
10,DER_441,0.0
10,DER_442,1.0
10,DER_443,0.0
10,DER_444,0.0
10,DER_445,0.0
10,DER_446,0.0
10,DER_447,0.0
10,DER_448,1.0
10,DER_449,0.0
10,DER_450,0.0
11,DER_1,1.0
11,DER_2,0.0
11,DER_3,1.0
11,DER_4,0.0
11,DER_5,1.0
11,DER_6,0.0
11,DER_7,1.0
11,DER_8,1.0
11,DER_9,0.0
11,DER_10,1.0
11,DER_11,1.0
11,DER_12,1.0
11,DER_13,0.0
11,DER_14,0.0
11,DER_15,0.0
11,DER_16,1.0
11,DER_17,1.0
11,DER_18,0.0
11,DER_19,0.0
11,DER_20,1.0
11,DER_21,1.0
11,DER_22,0.0
11,DER_23,0.0
11,DER_24,1.0
11,DER_25,1.0
11,DER_26,0.0
11,DER_27,0.0
11,DER_28,0.0
11,DER_29,0.0
11,DER_30,1.0
11,DER_31,0.0
11,DER_32,1.0
11,DER_33,1.0
11,DER_34,0.0
11,DER_35,1.0
11,DER_36,0.0
11,DER_37,1.0
11,DER_38,0.0
11,DER_39,0.0
11,DER_40,1.0
11,DER_41,0.0
11,DER_42,0.0
11,DER_43,0.0
11,DER_44,0.0
11,DER_45,0.0
11,DER_46,1.0
11,DER_47,0.0
11,DER_48,0.0
11,DER_49,0.0
11,DER_50,1.0
11,DER_51,0.0
11,DER_52,0.0
11,DER_53,0.0
11,DER_54,0.0
11,DER_55,0.0
11,DER_56,0.0
11,DER_57,1.0
11,DER_58,0.0
11,DER_59,0.0
11,DER_60,1.0
11,DER_61,1.0
11,DER_62,0.0
11,DER_63,0.0
11,DER_64,0.0
11,DER_65,1.0
11,DER_66,0.0
11,DER_67,1.0
11,DER_68,1.0
11,DER_69,0.0
11,DER_70,1.0
11,DER_71,0.0
11,DER_72,1.0
11,DER_73,1.0
11,DER_74,1.0
11,DER_75,1.0
11,DER_76,1.0
11,DER_77,1.0
11,DER_78,0.0
11,DER_79,0.0
11,DER_80,1.0
11,DER_81,1.0
11,DER_82,0.0
11,DER_83,0.0
11,DER_84,1.0
11,DER_85,1.0
11,DER_86,0.0
11,DER_87,0.0
11,DER_88,1.0
11,DER_89,0.0
11,DER_90,1.0
11,DER_91,0.0
11,DER_92,0.0
11,DER_93,1.0
11,DER_94,1.0
11,DER_95,0.0
11,DER_96,0.0
11,DER_97,0.0
11,DER_98,0.0
11,DER_99,1.0
11,DER_100,1.0
11,DER_101,1.0
11,DER_102,0.0
11,DER_103,0.0
11,DER_104,0.0
11,DER_105,1.0
11,DER_106,0.0
11,DER_107,0.0
11,DER_108,0.0
11,DER_109,0.0
11,DER_110,1.0
11,DER_111,0.0
11,DER_112,1.0
11,DER_113,0.0
11,DER_114,0.0
11,DER_115,1.0
11,DER_116,0.0
11,DER_117,0.0
11,DER_118,1.0
11,DER_119,1.0
11,DER_120,1.0
11,DER_121,0.0
11,DER_122,1.0
11,DER_123,0.0
11,DER_124,0.0
11,DER_125,1.0
11,DER_126,1.0
11,DER_127,1.0
11,DER_128,0.0
11,DER_129,1.0
11,DER_130,0.0
11,DER_131,1.0
11,DER_132,0.0
11,DER_133,1.0
11,DER_134,0.0
11,DER_135,0.0
11,DER_136,0.0
11,DER_137,1.0
11,DER_138,1.0
11,DER_139,1.0
11,DER_140,0.0
11,DER_141,1.0
11,DER_142,0.0
11,DER_143,0.0
11,DER_144,1.0
11,DER_145,1.0
11,DER_146,1.0
11,DER_147,0.0
11,DER_148,0.0
11,DER_149,1.0
11,DER_150,1.0
11,DER_151,1.0
11,DER_152,0.0
11,DER_153,1.0
11,DER_154,1.0
11,DER_155,1.0
11,DER_156,0.0
11,DER_157,0.0
11,DER_158,1.0
11,DER_159,0.0
11,DER_160,0.0
11,DER_161,0.0
11,DER_162,0.0
11,DER_163,0.0
11,DER_164,0.0
11,DER_165,0.0
11,DER_166,1.0
11,DER_167,0.0
11,DER_168,0.0
11,DER_169,0.0
11,DER_170,0.0
11,DER_171,1.0
11,DER_172,0.0
11,DER_173,0.0
11,DER_174,1.0
11,DER_175,1.0
11,DER_176,0.0
11,DER_177,1.0
11,DER_178,0.0
11,DER_179,1.0
11,DER_180,1.0
11,DER_181,1.0
11,DER_182,0.0
11,DER_183,1.0
11,DER_184,1.0
11,DER_185,0.0
11,DER_186,0.0
11,DER_187,0.0
11,DER_188,0.0
11,DER_189,1.0
11,DER_190,0.0
11,DER_191,0.0
11,DER_192,1.0
11,DER_193,0.0
11,DER_194,0.0
11,DER_195,1.0
11,DER_196,0.0
11,DER_197,0.0
11,DER_198,1.0
11,DER_199,0.0
11,DER_200,1.0
11,DER_201,1.0
11,DER_202,0.0
11,DER_203,0.0
11,DER_204,1.0
11,DER_205,0.0
11,DER_206,1.0
11,DER_207,0.0
11,DER_208,0.0
11,DER_209,0.0
11,DER_210,1.0
11,DER_211,0.0
11,DER_212,1.0
11,DER_213,0.0
11,DER_214,1.0
11,DER_215,0.0
11,DER_216,0.0
11,DER_217,1.0
11,DER_218,0.0
11,DER_219,0.0
11,DER_220,0.0
11,DER_221,1.0
11,DER_222,1.0
11,DER_223,1.0
11,DER_224,1.0
11,DER_225,1.0
11,DER_226,0.0
11,DER_227,1.0
11,DER_228,1.0
11,DER_229,0.0
11,DER_230,0.0
11,DER_231,0.0
11,DER_232,1.0
11,DER_233,0.0
11,DER_234,0.0
11,DER_235,0.0
11,DER_236,1.0
11,DER_237,1.0
11,DER_238,0.0
11,DER_239,1.0
11,DER_240,1.0
11,DER_241,1.0
11,DER_242,0.0
11,DER_243,0.0
11,DER_244,1.0
11,DER_245,0.0
11,DER_246,1.0
11,DER_247,1.0
11,DER_248,0.0
11,DER_249,1.0
11,DER_250,0.0
11,DER_251,0.0
11,DER_252,1.0
11,DER_253,0.0
11,DER_254,1.0
11,DER_255,0.0
11,DER_256,0.0
11,DER_257,1.0
11,DER_258,0.0
11,DER_259,1.0
11,DER_260,1.0
11,DER_261,1.0
11,DER_262,0.0
11,DER_263,0.0
11,DER_264,0.0
11,DER_265,0.0
11,DER_266,1.0
11,DER_267,1.0
11,DER_268,0.0
11,DER_269,0.0
11,DER_270,0.0
11,DER_271,0.0
11,DER_272,1.0
11,DER_273,0.0
11,DER_274,0.0
11,DER_275,0.0
11,DER_276,1.0
11,DER_277,1.0
11,DER_278,0.0
11,DER_279,0.0
11,DER_280,0.0
11,DER_281,0.0
11,DER_282,0.0
11,DER_283,0.0
11,DER_284,0.0
11,DER_285,0.0
11,DER_286,1.0
11,DER_287,0.0
11,DER_288,0.0
11,DER_289,0.0
11,DER_290,1.0
11,DER_291,1.0
11,DER_292,0.0
11,DER_293,0.0
11,DER_294,1.0
11,DER_295,1.0
11,DER_296,0.0
11,DER_297,0.0
11,DER_298,0.0
11,DER_299,1.0
11,DER_300,0.0
11,DER_301,0.0
11,DER_302,0.0
11,DER_303,1.0
11,DER_304,1.0
11,DER_305,1.0
11,DER_306,0.0
11,DER_307,0.0
11,DER_308,1.0
11,DER_309,0.0
11,DER_310,0.0
11,DER_311,0.0
11,DER_312,1.0
11,DER_313,1.0
11,DER_314,1.0
11,DER_315,0.0
11,DER_316,0.0
11,DER_317,1.0
11,DER_318,1.0
11,DER_319,1.0
11,DER_320,0.0
11,DER_321,0.0
11,DER_322,1.0
11,DER_323,0.0
11,DER_324,0.0
11,DER_325,0.0
11,DER_326,1.0
11,DER_327,0.0
11,DER_328,0.0
11,DER_329,1.0
11,DER_330,0.0
11,DER_331,0.0
11,DER_332,1.0
11,DER_333,0.0
11,DER_334,1.0
11,DER_335,0.0
11,DER_336,0.0
11,DER_337,1.0
11,DER_338,0.0
11,DER_339,0.0
11,DER_340,0.0
11,DER_341,0.0
11,DER_342,1.0
11,DER_343,0.0
11,DER_344,0.0
11,DER_345,1.0
11,DER_346,1.0
11,DER_347,1.0
11,DER_348,0.0
11,DER_349,1.0
11,DER_350,1.0
11,DER_351,1.0
11,DER_352,1.0
11,DER_353,0.0
11,DER_354,0.0
11,DER_355,1.0
11,DER_356,1.0
11,DER_357,0.0
11,DER_358,0.0
11,DER_359,0.0
11,DER_360,0.0
11,DER_361,1.0
11,DER_362,0.0
11,DER_363,0.0
11,DER_364,0.0
11,DER_365,1.0
11,DER_366,0.0
11,DER_367,1.0
11,DER_368,1.0
11,DER_369,0.0
11,DER_370,1.0
11,DER_371,1.0
11,DER_372,0.0
11,DER_373,0.0
11,DER_374,0.0
11,DER_375,1.0
11,DER_376,0.0
11,DER_377,0.0
11,DER_378,1.0
11,DER_379,0.0
11,DER_380,0.0
11,DER_381,1.0
11,DER_382,1.0
11,DER_383,0.0
11,DER_384,0.0
11,DER_385,0.0
11,DER_386,0.0
11,DER_387,1.0
11,DER_388,1.0
11,DER_389,1.0
11,DER_390,0.0
11,DER_391,1.0
11,DER_392,0.0
11,DER_393,0.0
11,DER_394,0.0
11,DER_395,1.0
11,DER_396,0.0
11,DER_397,1.0
11,DER_398,0.0
11,DER_399,1.0
11,DER_400,0.0
11,DER_401,0.0
11,DER_402,1.0
11,DER_403,0.0
11,DER_404,0.0
11,DER_405,1.0
11,DER_406,1.0
11,DER_407,0.0
11,DER_408,0.0
11,DER_409,0.0
11,DER_410,1.0
11,DER_411,0.0
11,DER_412,1.0
11,DER_413,1.0
11,DER_414,0.0
11,DER_415,1.0
11,DER_416,1.0
11,DER_417,1.0
11,DER_418,1.0
11,DER_419,0.0
11,DER_420,0.0
11,DER_421,0.0
11,DER_422,1.0
11,DER_423,1.0
11,DER_424,1.0
11,DER_425,0.0
11,DER_426,1.0
11,DER_427,0.0
11,DER_428,0.0
11,DER_429,0.0
11,DER_430,1.0
11,DER_431,1.0
11,DER_432,0.0
11,DER_433,0.0
11,DER_434,1.0
11,DER_435,0.0
11,DER_436,0.0
11,DER_437,1.0
11,DER_438,0.0
11,DER_439,1.0
11,DER_440,0.0
11,DER_441,0.0
11,DER_442,1.0
11,DER_443,0.0
11,DER_444,0.0
11,DER_445,0.0
11,DER_446,0.0
11,DER_447,0.0
11,DER_448,0.0
11,DER_449,0.0
11,DER_450,0.0
12,DER_1,1.0
12,DER_2,0.0
12,DER_3,1.0
12,DER_4,0.0
12,DER_5,1.0
12,DER_6,0.0
12,DER_7,1.0
12,DER_8,1.0
12,DER_9,0.0
12,DER_10,1.0
12,DER_11,1.0
12,DER_12,1.0
12,DER_13,0.0
12,DER_14,0.0
12,DER_15,0.0
12,DER_16,1.0
12,DER_17,1.0
12,DER_18,0.0
12,DER_19,0.0
12,DER_20,1.0
12,DER_21,1.0
12,DER_22,0.0
12,DER_23,0.0
12,DER_24,1.0
12,DER_25,1.0
12,DER_26,0.0
12,DER_27,0.0
12,DER_28,0.0
12,DER_29,0.0
12,DER_30,1.0
12,DER_31,0.0
12,DER_32,1.0
12,DER_33,1.0
12,DER_34,0.0
12,DER_35,1.0
12,DER_36,0.0
12,DER_37,1.0
12,DER_38,0.0
12,DER_39,0.0
12,DER_40,1.0
12,DER_41,0.0
12,DER_42,0.0
12,DER_43,0.0
12,DER_44,0.0
12,DER_45,0.0
12,DER_46,1.0
12,DER_47,0.0
12,DER_48,0.0
12,DER_49,0.0
12,DER_50,1.0
12,DER_51,0.0
12,DER_52,0.0
12,DER_53,0.0
12,DER_54,0.0
12,DER_55,0.0
12,DER_56,0.0
12,DER_57,1.0
12,DER_58,0.0
12,DER_59,0.0
12,DER_60,1.0
12,DER_61,1.0
12,DER_62,0.0
12,DER_63,0.0
12,DER_64,0.0
12,DER_65,1.0
12,DER_66,0.0
12,DER_67,1.0
12,DER_68,1.0
12,DER_69,0.0
12,DER_70,1.0
12,DER_71,0.0
12,DER_72,1.0
12,DER_73,1.0
12,DER_74,1.0
12,DER_75,1.0
12,DER_76,1.0
12,DER_77,1.0
12,DER_78,0.0
12,DER_79,1.0
12,DER_80,1.0
12,DER_81,1.0
12,DER_82,0.0
12,DER_83,0.0
12,DER_84,1.0
12,DER_85,1.0
12,DER_86,0.0
12,DER_87,0.0
12,DER_88,1.0
12,DER_89,0.0
12,DER_90,1.0
12,DER_91,0.0
12,DER_92,0.0
12,DER_93,1.0
12,DER_94,1.0
12,DER_95,0.0
12,DER_96,0.0
12,DER_97,0.0
12,DER_98,0.0
12,DER_99,1.0
12,DER_100,1.0
12,DER_101,1.0
12,DER_102,0.0
12,DER_103,0.0
12,DER_104,0.0
12,DER_105,1.0
12,DER_106,0.0
12,DER_107,0.0
12,DER_108,0.0
12,DER_109,0.0
12,DER_110,1.0
12,DER_111,0.0
12,DER_112,1.0
12,DER_113,0.0
12,DER_114,0.0
12,DER_115,1.0
12,DER_116,0.0
12,DER_117,0.0
12,DER_118,1.0
12,DER_119,1.0
12,DER_120,1.0
12,DER_121,0.0
12,DER_122,1.0
12,DER_123,0.0
12,DER_124,0.0
12,DER_125,1.0
12,DER_126,1.0
12,DER_127,1.0
12,DER_128,0.0
12,DER_129,1.0
12,DER_130,0.0
12,DER_131,1.0
12,DER_132,0.0
12,DER_133,1.0
12,DER_134,0.0
12,DER_135,0.0
12,DER_136,0.0
12,DER_137,1.0
12,DER_138,1.0
12,DER_139,1.0
12,DER_140,0.0
12,DER_141,1.0
12,DER_142,0.0
12,DER_143,0.0
12,DER_144,1.0
12,DER_145,1.0
12,DER_146,1.0
12,DER_147,0.0
12,DER_148,0.0
12,DER_149,1.0
12,DER_150,1.0
12,DER_151,1.0
12,DER_152,0.0
12,DER_153,1.0
12,DER_154,1.0
12,DER_155,1.0
12,DER_156,0.0
12,DER_157,0.0
12,DER_158,1.0
12,DER_159,0.0
12,DER_160,0.0
12,DER_161,0.0
12,DER_162,0.0
12,DER_163,0.0
12,DER_164,0.0
12,DER_165,0.0
12,DER_166,1.0
12,DER_167,0.0
12,DER_168,0.0
12,DER_169,0.0
12,DER_170,0.0
12,DER_171,1.0
12,DER_172,0.0
12,DER_173,0.0
12,DER_174,1.0
12,DER_175,1.0
12,DER_176,0.0
12,DER_177,1.0
12,DER_178,0.0
12,DER_179,1.0
12,DER_180,1.0
12,DER_181,1.0
12,DER_182,0.0
12,DER_183,1.0
12,DER_184,1.0
12,DER_185,0.0
12,DER_186,0.0
12,DER_187,0.0
12,DER_188,0.0
12,DER_189,1.0
12,DER_190,0.0
12,DER_191,0.0
12,DER_192,1.0
12,DER_193,0.0
12,DER_194,0.0
12,DER_195,1.0
12,DER_196,0.0
12,DER_197,0.0
12,DER_198,1.0
12,DER_199,0.0
12,DER_200,1.0
12,DER_201,1.0
12,DER_202,0.0
12,DER_203,0.0
12,DER_204,1.0
12,DER_205,0.0
12,DER_206,1.0
12,DER_207,0.0
12,DER_208,0.0
12,DER_209,0.0
12,DER_210,1.0
12,DER_211,0.0
12,DER_212,1.0
12,DER_213,0.0
12,DER_214,1.0
12,DER_215,0.0
12,DER_216,0.0
12,DER_217,1.0
12,DER_218,0.0
12,DER_219,0.0
12,DER_220,0.0
12,DER_221,1.0
12,DER_222,1.0
12,DER_223,1.0
12,DER_224,1.0
12,DER_225,1.0
12,DER_226,0.0
12,DER_227,1.0
12,DER_228,1.0
12,DER_229,0.0
12,DER_230,0.0
12,DER_231,1.0
12,DER_232,1.0
12,DER_233,0.0
12,DER_234,0.0
12,DER_235,0.0
12,DER_236,1.0
12,DER_237,1.0
12,DER_238,0.0
12,DER_239,1.0
12,DER_240,1.0
12,DER_241,1.0
12,DER_242,0.0
12,DER_243,0.0
12,DER_244,1.0
12,DER_245,0.0
12,DER_246,1.0
12,DER_247,1.0
12,DER_248,0.0
12,DER_249,1.0
12,DER_250,0.0
12,DER_251,0.0
12,DER_252,1.0
12,DER_253,0.0
12,DER_254,1.0
12,DER_255,0.0
12,DER_256,0.0
12,DER_257,1.0
12,DER_258,0.0
12,DER_259,1.0
12,DER_260,1.0
12,DER_261,1.0
12,DER_262,0.0
12,DER_263,0.0
12,DER_264,0.0
12,DER_265,0.0
12,DER_266,1.0
12,DER_267,1.0
12,DER_268,0.0
12,DER_269,0.0
12,DER_270,0.0
12,DER_271,0.0
12,DER_272,1.0
12,DER_273,0.0
12,DER_274,0.0
12,DER_275,0.0
12,DER_276,1.0
12,DER_277,1.0
12,DER_278,0.0
12,DER_279,0.0
12,DER_280,0.0
12,DER_281,0.0
12,DER_282,0.0
12,DER_283,0.0
12,DER_284,0.0
12,DER_285,0.0
12,DER_286,1.0
12,DER_287,0.0
12,DER_288,0.0
12,DER_289,0.0
12,DER_290,1.0
12,DER_291,1.0
12,DER_292,0.0
12,DER_293,0.0
12,DER_294,1.0
12,DER_295,1.0
12,DER_296,0.0
12,DER_297,0.0
12,DER_298,0.0
12,DER_299,1.0
12,DER_300,1.0
12,DER_301,0.0
12,DER_302,0.0
12,DER_303,1.0
12,DER_304,1.0
12,DER_305,1.0
12,DER_306,0.0
12,DER_307,0.0
12,DER_308,1.0
12,DER_309,0.0
12,DER_310,0.0
12,DER_311,0.0
12,DER_312,1.0
12,DER_313,1.0
12,DER_314,1.0
12,DER_315,0.0
12,DER_316,0.0
12,DER_317,1.0
12,DER_318,1.0
12,DER_319,1.0
12,DER_320,0.0
12,DER_321,0.0
12,DER_322,1.0
12,DER_323,0.0
12,DER_324,0.0
12,DER_325,0.0
12,DER_326,1.0
12,DER_327,0.0
12,DER_328,0.0
12,DER_329,1.0
12,DER_330,0.0
12,DER_331,0.0
12,DER_332,1.0
12,DER_333,0.0
12,DER_334,1.0
12,DER_335,0.0
12,DER_336,0.0
12,DER_337,1.0
12,DER_338,0.0
12,DER_339,0.0
12,DER_340,0.0
12,DER_341,0.0
12,DER_342,1.0
12,DER_343,0.0
12,DER_344,0.0
12,DER_345,1.0
12,DER_346,1.0
12,DER_347,1.0
12,DER_348,0.0
12,DER_349,1.0
12,DER_350,1.0
12,DER_351,1.0
12,DER_352,1.0
12,DER_353,0.0
12,DER_354,0.0
12,DER_355,1.0
12,DER_356,1.0
12,DER_357,0.0
12,DER_358,0.0
12,DER_359,0.0
12,DER_360,0.0
12,DER_361,1.0
12,DER_362,0.0
12,DER_363,0.0
12,DER_364,0.0
12,DER_365,1.0
12,DER_366,0.0
12,DER_367,1.0
12,DER_368,1.0
12,DER_369,0.0
12,DER_370,1.0
12,DER_371,1.0
12,DER_372,0.0
12,DER_373,0.0
12,DER_374,0.0
12,DER_375,1.0
12,DER_376,0.0
12,DER_377,0.0
12,DER_378,1.0
12,DER_379,0.0
12,DER_380,0.0
12,DER_381,1.0
12,DER_382,1.0
12,DER_383,0.0
12,DER_384,0.0
12,DER_385,0.0
12,DER_386,0.0
12,DER_387,1.0
12,DER_388,1.0
12,DER_389,1.0
12,DER_390,0.0
12,DER_391,1.0
12,DER_392,0.0
12,DER_393,0.0
12,DER_394,0.0
12,DER_395,1.0
12,DER_396,0.0
12,DER_397,1.0
12,DER_398,0.0
12,DER_399,1.0
12,DER_400,0.0
12,DER_401,0.0
12,DER_402,1.0
12,DER_403,0.0
12,DER_404,0.0
12,DER_405,1.0
12,DER_406,1.0
12,DER_407,0.0
12,DER_408,0.0
12,DER_409,0.0
12,DER_410,1.0
12,DER_411,0.0
12,DER_412,1.0
12,DER_413,1.0
12,DER_414,0.0
12,DER_415,1.0
12,DER_416,1.0
12,DER_417,1.0
12,DER_418,1.0
12,DER_419,0.0
12,DER_420,0.0
12,DER_421,0.0
12,DER_422,1.0
12,DER_423,1.0
12,DER_424,1.0
12,DER_425,0.0
12,DER_426,1.0
12,DER_427,0.0
12,DER_428,0.0
12,DER_429,0.0
12,DER_430,1.0
12,DER_431,1.0
12,DER_432,0.0
12,DER_433,0.0
12,DER_434,1.0
12,DER_435,0.0
12,DER_436,0.0
12,DER_437,1.0
12,DER_438,0.0
12,DER_439,1.0
12,DER_440,0.0
12,DER_441,0.0
12,DER_442,1.0
12,DER_443,0.0
12,DER_444,0.0
12,DER_445,0.0
12,DER_446,0.0
12,DER_447,0.0
12,DER_448,0.0
12,DER_449,0.0
12,DER_450,0.0
13,DER_1,0.0
13,DER_2,0.0
13,DER_3,1.0
13,DER_4,0.0
13,DER_5,1.0
13,DER_6,0.0
13,DER_7,1.0
13,DER_8,1.0
13,DER_9,0.0
13,DER_10,1.0
13,DER_11,1.0
13,DER_12,1.0
13,DER_13,0.0
13,DER_14,0.0
13,DER_15,0.0
13,DER_16,1.0
13,DER_17,1.0
13,DER_18,0.0
13,DER_19,0.0
13,DER_20,1.0
13,DER_21,1.0
13,DER_22,0.0
13,DER_23,0.0
13,DER_24,1.0
13,DER_25,1.0
13,DER_26,0.0
13,DER_27,0.0
13,DER_28,0.0
13,DER_29,0.0
13,DER_30,1.0
13,DER_31,0.0
13,DER_32,1.0
13,DER_33,1.0
13,DER_34,0.0
13,DER_35,1.0
13,DER_36,0.0
13,DER_37,1.0
13,DER_38,0.0
13,DER_39,0.0
13,DER_40,1.0
13,DER_41,0.0
13,DER_42,0.0
13,DER_43,0.0
13,DER_44,0.0
13,DER_45,0.0
13,DER_46,1.0
13,DER_47,0.0
13,DER_48,0.0
13,DER_49,0.0
13,DER_50,1.0
13,DER_51,0.0
13,DER_52,0.0
13,DER_53,0.0
13,DER_54,0.0
13,DER_55,0.0
13,DER_56,0.0
13,DER_57,1.0
13,DER_58,0.0
13,DER_59,0.0
13,DER_60,1.0
13,DER_61,1.0
13,DER_62,0.0
13,DER_63,0.0
13,DER_64,0.0
13,DER_65,1.0
13,DER_66,0.0
13,DER_67,1.0
13,DER_68,1.0
13,DER_69,0.0
13,DER_70,1.0
13,DER_71,0.0
13,DER_72,1.0
13,DER_73,1.0
13,DER_74,1.0
13,DER_75,1.0
13,DER_76,1.0
13,DER_77,1.0
13,DER_78,0.0
13,DER_79,1.0
13,DER_80,1.0
13,DER_81,1.0
13,DER_82,0.0
13,DER_83,0.0
13,DER_84,1.0
13,DER_85,1.0
13,DER_86,0.0
13,DER_87,0.0
13,DER_88,1.0
13,DER_89,0.0
13,DER_90,1.0
13,DER_91,0.0
13,DER_92,0.0
13,DER_93,1.0
13,DER_94,1.0
13,DER_95,0.0
13,DER_96,0.0
13,DER_97,0.0
13,DER_98,0.0
13,DER_99,1.0
13,DER_100,1.0
13,DER_101,1.0
13,DER_102,0.0
13,DER_103,0.0
13,DER_104,0.0
13,DER_105,1.0
13,DER_106,0.0
13,DER_107,0.0
13,DER_108,0.0
13,DER_109,0.0
13,DER_110,1.0
13,DER_111,0.0
13,DER_112,1.0
13,DER_113,0.0
13,DER_114,0.0
13,DER_115,1.0
13,DER_116,0.0
13,DER_117,0.0
13,DER_118,1.0
13,DER_119,1.0
13,DER_120,1.0
13,DER_121,0.0
13,DER_122,1.0
13,DER_123,0.0
13,DER_124,0.0
13,DER_125,0.0
13,DER_126,1.0
13,DER_127,1.0
13,DER_128,0.0
13,DER_129,1.0
13,DER_130,0.0
13,DER_131,1.0
13,DER_132,0.0
13,DER_133,1.0
13,DER_134,0.0
13,DER_135,0.0
13,DER_136,0.0
13,DER_137,1.0
13,DER_138,1.0
13,DER_139,1.0
13,DER_140,0.0
13,DER_141,1.0
13,DER_142,0.0
13,DER_143,0.0
13,DER_144,1.0
13,DER_145,1.0
13,DER_146,1.0
13,DER_147,0.0
13,DER_148,0.0
13,DER_149,1.0
13,DER_150,1.0
13,DER_151,1.0
13,DER_152,0.0
13,DER_153,1.0
13,DER_154,1.0
13,DER_155,0.0
13,DER_156,0.0
13,DER_157,0.0
13,DER_158,1.0
13,DER_159,0.0
13,DER_160,0.0
13,DER_161,0.0
13,DER_162,0.0
13,DER_163,0.0
13,DER_164,0.0
13,DER_165,0.0
13,DER_166,1.0
13,DER_167,0.0
13,DER_168,0.0
13,DER_169,0.0
13,DER_170,0.0
13,DER_171,0.0
13,DER_172,0.0
13,DER_173,0.0
13,DER_174,1.0
13,DER_175,1.0
13,DER_176,0.0
13,DER_177,1.0
13,DER_178,0.0
13,DER_179,1.0
13,DER_180,1.0
13,DER_181,1.0
13,DER_182,0.0
13,DER_183,1.0
13,DER_184,1.0
13,DER_185,0.0
13,DER_186,0.0
13,DER_187,0.0
13,DER_188,0.0
13,DER_189,1.0
13,DER_190,0.0
13,DER_191,0.0
13,DER_192,1.0
13,DER_193,0.0
13,DER_194,0.0
13,DER_195,1.0
13,DER_196,0.0
13,DER_197,0.0
13,DER_198,1.0
13,DER_199,0.0
13,DER_200,0.0
13,DER_201,1.0
13,DER_202,0.0
13,DER_203,0.0
13,DER_204,1.0
13,DER_205,0.0
13,DER_206,1.0
13,DER_207,0.0
13,DER_208,0.0
13,DER_209,0.0
13,DER_210,1.0
13,DER_211,0.0
13,DER_212,1.0
13,DER_213,0.0
13,DER_214,1.0
13,DER_215,0.0
13,DER_216,0.0
13,DER_217,1.0
13,DER_218,0.0
13,DER_219,0.0
13,DER_220,0.0
13,DER_221,1.0
13,DER_222,1.0
13,DER_223,0.0
13,DER_224,1.0
13,DER_225,1.0
13,DER_226,0.0
13,DER_227,1.0
13,DER_228,1.0
13,DER_229,0.0
13,DER_230,0.0
13,DER_231,1.0
13,DER_232,1.0
13,DER_233,0.0
13,DER_234,0.0
13,DER_235,0.0
13,DER_236,1.0
13,DER_237,1.0
13,DER_238,0.0
13,DER_239,1.0
13,DER_240,1.0
13,DER_241,1.0
13,DER_242,0.0
13,DER_243,0.0
13,DER_244,1.0
13,DER_245,0.0
13,DER_246,1.0
13,DER_247,1.0
13,DER_248,0.0
13,DER_249,1.0
13,DER_250,0.0
13,DER_251,0.0
13,DER_252,1.0
13,DER_253,0.0
13,DER_254,1.0
13,DER_255,0.0
13,DER_256,0.0
13,DER_257,1.0
13,DER_258,0.0
13,DER_259,1.0
13,DER_260,0.0
13,DER_261,1.0
13,DER_262,0.0
13,DER_263,0.0
13,DER_264,0.0
13,DER_265,0.0
13,DER_266,1.0
13,DER_267,0.0
13,DER_268,0.0
13,DER_269,0.0
13,DER_270,0.0
13,DER_271,0.0
13,DER_272,1.0
13,DER_273,0.0
13,DER_274,0.0
13,DER_275,0.0
13,DER_276,1.0
13,DER_277,1.0
13,DER_278,0.0
13,DER_279,0.0
13,DER_280,0.0
13,DER_281,0.0
13,DER_282,0.0
13,DER_283,0.0
13,DER_284,0.0
13,DER_285,0.0
13,DER_286,1.0
13,DER_287,0.0
13,DER_288,0.0
13,DER_289,0.0
13,DER_290,1.0
13,DER_291,1.0
13,DER_292,0.0
13,DER_293,0.0
13,DER_294,1.0
13,DER_295,1.0
13,DER_296,0.0
13,DER_297,0.0
13,DER_298,0.0
13,DER_299,1.0
13,DER_300,1.0
13,DER_301,0.0
13,DER_302,0.0
13,DER_303,1.0
13,DER_304,1.0
13,DER_305,1.0
13,DER_306,0.0
13,DER_307,0.0
13,DER_308,1.0
13,DER_309,0.0
13,DER_310,0.0
13,DER_311,0.0
13,DER_312,1.0
13,DER_313,0.0
13,DER_314,1.0
13,DER_315,0.0
13,DER_316,0.0
13,DER_317,1.0
13,DER_318,1.0
13,DER_319,1.0
13,DER_320,0.0
13,DER_321,0.0
13,DER_322,1.0
13,DER_323,0.0
13,DER_324,0.0
13,DER_325,0.0
13,DER_326,1.0
13,DER_327,0.0
13,DER_328,0.0
13,DER_329,1.0
13,DER_330,0.0
13,DER_331,0.0
13,DER_332,1.0
13,DER_333,0.0
13,DER_334,1.0
13,DER_335,0.0
13,DER_336,0.0
13,DER_337,1.0
13,DER_338,0.0
13,DER_339,0.0
13,DER_340,0.0
13,DER_341,0.0
13,DER_342,1.0
13,DER_343,0.0
13,DER_344,0.0
13,DER_345,1.0
13,DER_346,1.0
13,DER_347,0.0
13,DER_348,0.0
13,DER_349,1.0
13,DER_350,1.0
13,DER_351,1.0
13,DER_352,1.0
13,DER_353,0.0
13,DER_354,0.0
13,DER_355,1.0
13,DER_356,1.0
13,DER_357,0.0
13,DER_358,0.0
13,DER_359,0.0
13,DER_360,0.0
13,DER_361,1.0
13,DER_362,0.0
13,DER_363,0.0
13,DER_364,0.0
13,DER_365,1.0
13,DER_366,0.0
13,DER_367,1.0
13,DER_368,1.0
13,DER_369,0.0
13,DER_370,1.0
13,DER_371,1.0
13,DER_372,0.0
13,DER_373,0.0
13,DER_374,0.0
13,DER_375,1.0
13,DER_376,0.0
13,DER_377,0.0
13,DER_378,1.0
13,DER_379,0.0
13,DER_380,0.0
13,DER_381,1.0
13,DER_382,1.0
13,DER_383,0.0
13,DER_384,0.0
13,DER_385,0.0
13,DER_386,0.0
13,DER_387,1.0
13,DER_388,1.0
13,DER_389,1.0
13,DER_390,0.0
13,DER_391,1.0
13,DER_392,0.0
13,DER_393,0.0
13,DER_394,0.0
13,DER_395,1.0
13,DER_396,0.0
13,DER_397,1.0
13,DER_398,0.0
13,DER_399,1.0
13,DER_400,0.0
13,DER_401,0.0
13,DER_402,1.0
13,DER_403,0.0
13,DER_404,0.0
13,DER_405,1.0
13,DER_406,1.0
13,DER_407,0.0
13,DER_408,0.0
13,DER_409,0.0
13,DER_410,1.0
13,DER_411,0.0
13,DER_412,1.0
13,DER_413,1.0
13,DER_414,0.0
13,DER_415,1.0
13,DER_416,1.0
13,DER_417,1.0
13,DER_418,1.0
13,DER_419,0.0
13,DER_420,0.0
13,DER_421,0.0
13,DER_422,1.0
13,DER_423,1.0
13,DER_424,1.0
13,DER_425,0.0
13,DER_426,1.0
13,DER_427,0.0
13,DER_428,0.0
13,DER_429,0.0
13,DER_430,1.0
13,DER_431,1.0
13,DER_432,0.0
13,DER_433,0.0
13,DER_434,1.0
13,DER_435,0.0
13,DER_436,0.0
13,DER_437,1.0
13,DER_438,0.0
13,DER_439,1.0
13,DER_440,0.0
13,DER_441,0.0
13,DER_442,1.0
13,DER_443,0.0
13,DER_444,0.0
13,DER_445,0.0
13,DER_446,0.0
13,DER_447,0.0
13,DER_448,0.0
13,DER_449,0.0
13,DER_450,0.0
14,DER_1,0.0
14,DER_2,1.0
14,DER_3,1.0
14,DER_4,0.0
14,DER_5,1.0
14,DER_6,0.0
14,DER_7,1.0
14,DER_8,1.0
14,DER_9,1.0
14,DER_10,1.0
14,DER_11,1.0
14,DER_12,1.0
14,DER_13,1.0
14,DER_14,0.0
14,DER_15,1.0
14,DER_16,1.0
14,DER_17,1.0
14,DER_18,0.0
14,DER_19,0.0
14,DER_20,1.0
14,DER_21,1.0
14,DER_22,0.0
14,DER_23,0.0
14,DER_24,1.0
14,DER_25,1.0
14,DER_26,0.0
14,DER_27,0.0
14,DER_28,0.0
14,DER_29,0.0
14,DER_30,1.0
14,DER_31,0.0
14,DER_32,1.0
14,DER_33,1.0
14,DER_34,0.0
14,DER_35,1.0
14,DER_36,0.0
14,DER_37,1.0
14,DER_38,1.0
14,DER_39,0.0
14,DER_40,1.0
14,DER_41,0.0
14,DER_42,1.0
14,DER_43,0.0
14,DER_44,1.0
14,DER_45,1.0
14,DER_46,1.0
14,DER_47,1.0
14,DER_48,1.0
14,DER_49,1.0
14,DER_50,1.0
14,DER_51,1.0
14,DER_52,0.0
14,DER_53,0.0
14,DER_54,0.0
14,DER_55,0.0
14,DER_56,0.0
14,DER_57,1.0
14,DER_58,0.0
14,DER_59,0.0
14,DER_60,1.0
14,DER_61,1.0
14,DER_62,0.0
14,DER_63,1.0
14,DER_64,0.0
14,DER_65,1.0
14,DER_66,0.0
14,DER_67,1.0
14,DER_68,1.0
14,DER_69,0.0
14,DER_70,1.0
14,DER_71,0.0
14,DER_72,1.0
14,DER_73,1.0
14,DER_74,1.0
14,DER_75,1.0
14,DER_76,1.0
14,DER_77,1.0
14,DER_78,1.0
14,DER_79,1.0
14,DER_80,1.0
14,DER_81,1.0
14,DER_82,1.0
14,DER_83,1.0
14,DER_84,1.0
14,DER_85,1.0
14,DER_86,1.0
14,DER_87,0.0
14,DER_88,1.0
14,DER_89,1.0
14,DER_90,1.0
14,DER_91,0.0
14,DER_92,0.0
14,DER_93,1.0
14,DER_94,1.0
14,DER_95,1.0
14,DER_96,0.0
14,DER_97,0.0
14,DER_98,1.0
14,DER_99,1.0
14,DER_100,1.0
14,DER_101,1.0
14,DER_102,0.0
14,DER_103,1.0
14,DER_104,1.0
14,DER_105,1.0
14,DER_106,1.0
14,DER_107,1.0
14,DER_108,0.0
14,DER_109,0.0
14,DER_110,1.0
14,DER_111,0.0
14,DER_112,1.0
14,DER_113,1.0
14,DER_114,1.0
14,DER_115,1.0
14,DER_116,0.0
14,DER_117,0.0
14,DER_118,1.0
14,DER_119,1.0
14,DER_120,1.0
14,DER_121,0.0
14,DER_122,1.0
14,DER_123,0.0
14,DER_124,0.0
14,DER_125,0.0
14,DER_126,1.0
14,DER_127,1.0
14,DER_128,0.0
14,DER_129,1.0
14,DER_130,0.0
14,DER_131,1.0
14,DER_132,0.0
14,DER_133,1.0
14,DER_134,0.0
14,DER_135,0.0
14,DER_136,0.0
14,DER_137,1.0
14,DER_138,1.0
14,DER_139,1.0
14,DER_140,0.0
14,DER_141,1.0
14,DER_142,0.0
14,DER_143,1.0
14,DER_144,1.0
14,DER_145,1.0
14,DER_146,1.0
14,DER_147,1.0
14,DER_148,1.0
14,DER_149,1.0
14,DER_150,1.0
14,DER_151,1.0
14,DER_152,0.0
14,DER_153,1.0
14,DER_154,1.0
14,DER_155,0.0
14,DER_156,0.0
14,DER_157,0.0
14,DER_158,1.0
14,DER_159,0.0
14,DER_160,0.0
14,DER_161,0.0
14,DER_162,0.0
14,DER_163,0.0
14,DER_164,0.0
14,DER_165,0.0
14,DER_166,1.0
14,DER_167,0.0
14,DER_168,0.0
14,DER_169,0.0
14,DER_170,0.0
14,DER_171,0.0
14,DER_172,1.0
14,DER_173,1.0
14,DER_174,1.0
14,DER_175,1.0
14,DER_176,0.0
14,DER_177,1.0
14,DER_178,1.0
14,DER_179,1.0
14,DER_180,1.0
14,DER_181,1.0
14,DER_182,0.0
14,DER_183,1.0
14,DER_184,1.0
14,DER_185,0.0
14,DER_186,1.0
14,DER_187,0.0
14,DER_188,0.0
14,DER_189,1.0
14,DER_190,0.0
14,DER_191,1.0
14,DER_192,1.0
14,DER_193,0.0
14,DER_194,1.0
14,DER_195,1.0
14,DER_196,0.0
14,DER_197,1.0
14,DER_198,1.0
14,DER_199,0.0
14,DER_200,0.0
14,DER_201,1.0
14,DER_202,0.0
14,DER_203,0.0
14,DER_204,1.0
14,DER_205,0.0
14,DER_206,1.0
14,DER_207,0.0
14,DER_208,0.0
14,DER_209,0.0
14,DER_210,1.0
14,DER_211,0.0
14,DER_212,1.0
14,DER_213,0.0
14,DER_214,1.0
14,DER_215,0.0
14,DER_216,0.0
14,DER_217,1.0
14,DER_218,0.0
14,DER_219,0.0
14,DER_220,0.0
14,DER_221,1.0
14,DER_222,1.0
14,DER_223,0.0
14,DER_224,1.0
14,DER_225,1.0
14,DER_226,0.0
14,DER_227,1.0
14,DER_228,1.0
14,DER_229,0.0
14,DER_230,0.0
14,DER_231,1.0
14,DER_232,1.0
14,DER_233,1.0
14,DER_234,0.0
14,DER_235,0.0
14,DER_236,1.0
14,DER_237,1.0
14,DER_238,0.0
14,DER_239,1.0
14,DER_240,1.0
14,DER_241,1.0
14,DER_242,0.0
14,DER_243,0.0
14,DER_244,1.0
14,DER_245,0.0
14,DER_246,1.0
14,DER_247,1.0
14,DER_248,0.0
14,DER_249,1.0
14,DER_250,0.0
14,DER_251,0.0
14,DER_252,1.0
14,DER_253,0.0
14,DER_254,1.0
14,DER_255,0.0
14,DER_256,0.0
14,DER_257,1.0
14,DER_258,0.0
14,DER_259,1.0
14,DER_260,0.0
14,DER_261,1.0
14,DER_262,0.0
14,DER_263,1.0
14,DER_264,0.0
14,DER_265,1.0
14,DER_266,1.0
14,DER_267,0.0
14,DER_268,0.0
14,DER_269,0.0
14,DER_270,0.0
14,DER_271,0.0
14,DER_272,1.0
14,DER_273,0.0
14,DER_274,1.0
14,DER_275,1.0
14,DER_276,1.0
14,DER_277,1.0
14,DER_278,0.0
14,DER_279,0.0
14,DER_280,0.0
14,DER_281,0.0
14,DER_282,0.0
14,DER_283,0.0
14,DER_284,0.0
14,DER_285,0.0
14,DER_286,1.0
14,DER_287,0.0
14,DER_288,0.0
14,DER_289,0.0
14,DER_290,1.0
14,DER_291,1.0
14,DER_292,0.0
14,DER_293,0.0
14,DER_294,1.0
14,DER_295,1.0
14,DER_296,1.0
14,DER_297,0.0
14,DER_298,0.0
14,DER_299,1.0
14,DER_300,1.0
14,DER_301,1.0
14,DER_302,1.0
14,DER_303,1.0
14,DER_304,1.0
14,DER_305,1.0
14,DER_306,0.0
14,DER_307,1.0
14,DER_308,1.0
14,DER_309,1.0
14,DER_310,0.0
14,DER_311,0.0
14,DER_312,1.0
14,DER_313,0.0
14,DER_314,1.0
14,DER_315,1.0
14,DER_316,0.0
14,DER_317,1.0
14,DER_318,1.0
14,DER_319,1.0
14,DER_320,0.0
14,DER_321,0.0
14,DER_322,1.0
14,DER_323,0.0
14,DER_324,0.0
14,DER_325,0.0
14,DER_326,1.0
14,DER_327,0.0
14,DER_328,1.0
14,DER_329,1.0
14,DER_330,1.0
14,DER_331,1.0
14,DER_332,1.0
14,DER_333,0.0
14,DER_334,1.0
14,DER_335,0.0
14,DER_336,0.0
14,DER_337,1.0
14,DER_338,0.0
14,DER_339,0.0
14,DER_340,0.0
14,DER_341,0.0
14,DER_342,1.0
14,DER_343,0.0
14,DER_344,0.0
14,DER_345,1.0
14,DER_346,1.0
14,DER_347,0.0
14,DER_348,0.0
14,DER_349,1.0
14,DER_350,1.0
14,DER_351,1.0
14,DER_352,1.0
14,DER_353,0.0
14,DER_354,0.0
14,DER_355,1.0
14,DER_356,1.0
14,DER_357,0.0
14,DER_358,1.0
14,DER_359,1.0
14,DER_360,0.0
14,DER_361,1.0
14,DER_362,0.0
14,DER_363,1.0
14,DER_364,1.0
14,DER_365,1.0
14,DER_366,1.0
14,DER_367,1.0
14,DER_368,1.0
14,DER_369,1.0
14,DER_370,1.0
14,DER_371,1.0
14,DER_372,0.0
14,DER_373,0.0
14,DER_374,0.0
14,DER_375,1.0
14,DER_376,0.0
14,DER_377,0.0
14,DER_378,1.0
14,DER_379,0.0
14,DER_380,0.0
14,DER_381,1.0
14,DER_382,1.0
14,DER_383,0.0
14,DER_384,0.0
14,DER_385,0.0
14,DER_386,0.0
14,DER_387,1.0
14,DER_388,1.0
14,DER_389,1.0
14,DER_390,0.0
14,DER_391,1.0
14,DER_392,0.0
14,DER_393,0.0
14,DER_394,0.0
14,DER_395,1.0
14,DER_396,0.0
14,DER_397,1.0
14,DER_398,0.0
14,DER_399,1.0
14,DER_400,0.0
14,DER_401,0.0
14,DER_402,1.0
14,DER_403,0.0
14,DER_404,0.0
14,DER_405,1.0
14,DER_406,1.0
14,DER_407,1.0
14,DER_408,0.0
14,DER_409,0.0
14,DER_410,1.0
14,DER_411,1.0
14,DER_412,1.0
14,DER_413,1.0
14,DER_414,0.0
14,DER_415,1.0
14,DER_416,1.0
14,DER_417,1.0
14,DER_418,1.0
14,DER_419,0.0
14,DER_420,0.0
14,DER_421,0.0
14,DER_422,1.0
14,DER_423,1.0
14,DER_424,1.0
14,DER_425,0.0
14,DER_426,1.0
14,DER_427,1.0
14,DER_428,0.0
14,DER_429,0.0
14,DER_430,1.0
14,DER_431,1.0
14,DER_432,0.0
14,DER_433,0.0
14,DER_434,1.0
14,DER_435,1.0
14,DER_436,0.0
14,DER_437,1.0
14,DER_438,0.0
14,DER_439,1.0
14,DER_440,0.0
14,DER_441,0.0
14,DER_442,1.0
14,DER_443,0.0
14,DER_444,0.0
14,DER_445,0.0
14,DER_446,1.0
14,DER_447,0.0
14,DER_448,0.0
14,DER_449,0.0
14,DER_450,0.0
15,DER_1,0.0
15,DER_2,1.0
15,DER_3,1.0
15,DER_4,0.0
15,DER_5,1.0
15,DER_6,0.0
15,DER_7,1.0
15,DER_8,0.0
15,DER_9,1.0
15,DER_10,0.0
15,DER_11,0.0
15,DER_12,0.0
15,DER_13,1.0
15,DER_14,0.0
15,DER_15,1.0
15,DER_16,1.0
15,DER_17,0.0
15,DER_18,0.0
15,DER_19,0.0
15,DER_20,0.0
15,DER_21,1.0
15,DER_22,0.0
15,DER_23,0.0
15,DER_24,1.0
15,DER_25,1.0
15,DER_26,0.0
15,DER_27,0.0
15,DER_28,0.0
15,DER_29,0.0
15,DER_30,1.0
15,DER_31,0.0
15,DER_32,1.0
15,DER_33,1.0
15,DER_34,0.0
15,DER_35,1.0
15,DER_36,0.0
15,DER_37,1.0
15,DER_38,1.0
15,DER_39,0.0
15,DER_40,1.0
15,DER_41,0.0
15,DER_42,1.0
15,DER_43,0.0
15,DER_44,1.0
15,DER_45,1.0
15,DER_46,0.0
15,DER_47,1.0
15,DER_48,1.0
15,DER_49,1.0
15,DER_50,0.0
15,DER_51,1.0
15,DER_52,0.0
15,DER_53,0.0
15,DER_54,0.0
15,DER_55,0.0
15,DER_56,0.0
15,DER_57,1.0
15,DER_58,0.0
15,DER_59,0.0
15,DER_60,1.0
15,DER_61,1.0
15,DER_62,0.0
15,DER_63,1.0
15,DER_64,0.0
15,DER_65,1.0
15,DER_66,0.0
15,DER_67,1.0
15,DER_68,1.0
15,DER_69,0.0
15,DER_70,1.0
15,DER_71,0.0
15,DER_72,1.0
15,DER_73,1.0
15,DER_74,0.0
15,DER_75,1.0
15,DER_76,0.0
15,DER_77,0.0
15,DER_78,1.0
15,DER_79,1.0
15,DER_80,0.0
15,DER_81,0.0
15,DER_82,1.0
15,DER_83,1.0
15,DER_84,0.0
15,DER_85,0.0
15,DER_86,1.0
15,DER_87,0.0
15,DER_88,1.0
15,DER_89,1.0
15,DER_90,0.0
15,DER_91,0.0
15,DER_92,0.0
15,DER_93,1.0
15,DER_94,1.0
15,DER_95,1.0
15,DER_96,0.0
15,DER_97,0.0
15,DER_98,1.0
15,DER_99,1.0
15,DER_100,1.0
15,DER_101,1.0
15,DER_102,0.0
15,DER_103,1.0
15,DER_104,1.0
15,DER_105,0.0
15,DER_106,1.0
15,DER_107,1.0
15,DER_108,0.0
15,DER_109,0.0
15,DER_110,1.0
15,DER_111,0.0
15,DER_112,1.0
15,DER_113,1.0
15,DER_114,1.0
15,DER_115,1.0
15,DER_116,0.0
15,DER_117,0.0
15,DER_118,1.0
15,DER_119,1.0
15,DER_120,1.0
15,DER_121,0.0
15,DER_122,1.0
15,DER_123,0.0
15,DER_124,0.0
15,DER_125,0.0
15,DER_126,1.0
15,DER_127,1.0
15,DER_128,0.0
15,DER_129,1.0
15,DER_130,0.0
15,DER_131,1.0
15,DER_132,0.0
15,DER_133,1.0
15,DER_134,0.0
15,DER_135,0.0
15,DER_136,0.0
15,DER_137,0.0
15,DER_138,0.0
15,DER_139,1.0
15,DER_140,0.0
15,DER_141,1.0
15,DER_142,0.0
15,DER_143,1.0
15,DER_144,0.0
15,DER_145,0.0
15,DER_146,0.0
15,DER_147,1.0
15,DER_148,1.0
15,DER_149,1.0
15,DER_150,1.0
15,DER_151,1.0
15,DER_152,0.0
15,DER_153,1.0
15,DER_154,1.0
15,DER_155,0.0
15,DER_156,0.0
15,DER_157,0.0
15,DER_158,1.0
15,DER_159,0.0
15,DER_160,0.0
15,DER_161,0.0
15,DER_162,0.0
15,DER_163,0.0
15,DER_164,0.0
15,DER_165,0.0
15,DER_166,1.0
15,DER_167,0.0
15,DER_168,0.0
15,DER_169,0.0
15,DER_170,0.0
15,DER_171,0.0
15,DER_172,1.0
15,DER_173,1.0
15,DER_174,1.0
15,DER_175,1.0
15,DER_176,0.0
15,DER_177,1.0
15,DER_178,1.0
15,DER_179,0.0
15,DER_180,0.0
15,DER_181,0.0
15,DER_182,0.0
15,DER_183,1.0
15,DER_184,1.0
15,DER_185,0.0
15,DER_186,1.0
15,DER_187,0.0
15,DER_188,0.0
15,DER_189,0.0
15,DER_190,0.0
15,DER_191,1.0
15,DER_192,1.0
15,DER_193,0.0
15,DER_194,1.0
15,DER_195,1.0
15,DER_196,0.0
15,DER_197,1.0
15,DER_198,1.0
15,DER_199,0.0
15,DER_200,0.0
15,DER_201,1.0
15,DER_202,0.0
15,DER_203,0.0
15,DER_204,0.0
15,DER_205,0.0
15,DER_206,0.0
15,DER_207,0.0
15,DER_208,0.0
15,DER_209,0.0
15,DER_210,1.0
15,DER_211,0.0
15,DER_212,1.0
15,DER_213,0.0
15,DER_214,1.0
15,DER_215,0.0
15,DER_216,0.0
15,DER_217,1.0
15,DER_218,0.0
15,DER_219,0.0
15,DER_220,0.0
15,DER_221,1.0
15,DER_222,1.0
15,DER_223,0.0
15,DER_224,1.0
15,DER_225,0.0
15,DER_226,0.0
15,DER_227,1.0
15,DER_228,1.0
15,DER_229,0.0
15,DER_230,0.0
15,DER_231,1.0
15,DER_232,1.0
15,DER_233,1.0
15,DER_234,0.0
15,DER_235,0.0
15,DER_236,1.0
15,DER_237,1.0
15,DER_238,0.0
15,DER_239,1.0
15,DER_240,0.0
15,DER_241,1.0
15,DER_242,0.0
15,DER_243,0.0
15,DER_244,1.0
15,DER_245,0.0
15,DER_246,1.0
15,DER_247,1.0
15,DER_248,0.0
15,DER_249,1.0
15,DER_250,0.0
15,DER_251,0.0
15,DER_252,1.0
15,DER_253,0.0
15,DER_254,0.0
15,DER_255,0.0
15,DER_256,0.0
15,DER_257,1.0
15,DER_258,0.0
15,DER_259,1.0
15,DER_260,0.0
15,DER_261,1.0
15,DER_262,0.0
15,DER_263,1.0
15,DER_264,0.0
15,DER_265,1.0
15,DER_266,0.0
15,DER_267,0.0
15,DER_268,0.0
15,DER_269,0.0
15,DER_270,0.0
15,DER_271,0.0
15,DER_272,0.0
15,DER_273,0.0
15,DER_274,1.0
15,DER_275,1.0
15,DER_276,1.0
15,DER_277,0.0
15,DER_278,0.0
15,DER_279,0.0
15,DER_280,0.0
15,DER_281,0.0
15,DER_282,0.0
15,DER_283,0.0
15,DER_284,0.0
15,DER_285,0.0
15,DER_286,1.0
15,DER_287,0.0
15,DER_288,0.0
15,DER_289,0.0
15,DER_290,0.0
15,DER_291,0.0
15,DER_292,0.0
15,DER_293,0.0
15,DER_294,1.0
15,DER_295,1.0
15,DER_296,1.0
15,DER_297,0.0
15,DER_298,0.0
15,DER_299,0.0
15,DER_300,1.0
15,DER_301,1.0
15,DER_302,1.0
15,DER_303,0.0
15,DER_304,0.0
15,DER_305,1.0
15,DER_306,0.0
15,DER_307,1.0
15,DER_308,1.0
15,DER_309,1.0
15,DER_310,0.0
15,DER_311,0.0
15,DER_312,1.0
15,DER_313,0.0
15,DER_314,1.0
15,DER_315,1.0
15,DER_316,0.0
15,DER_317,0.0
15,DER_318,0.0
15,DER_319,1.0
15,DER_320,0.0
15,DER_321,0.0
15,DER_322,1.0
15,DER_323,0.0
15,DER_324,0.0
15,DER_325,0.0
15,DER_326,1.0
15,DER_327,0.0
15,DER_328,1.0
15,DER_329,0.0
15,DER_330,1.0
15,DER_331,1.0
15,DER_332,1.0
15,DER_333,0.0
15,DER_334,1.0
15,DER_335,0.0
15,DER_336,0.0
15,DER_337,1.0
15,DER_338,0.0
15,DER_339,0.0
15,DER_340,0.0
15,DER_341,0.0
15,DER_342,1.0
15,DER_343,0.0
15,DER_344,0.0
15,DER_345,1.0
15,DER_346,1.0
15,DER_347,0.0
15,DER_348,0.0
15,DER_349,1.0
15,DER_350,1.0
15,DER_351,1.0
15,DER_352,1.0
15,DER_353,0.0
15,DER_354,0.0
15,DER_355,1.0
15,DER_356,1.0
15,DER_357,0.0
15,DER_358,1.0
15,DER_359,1.0
15,DER_360,0.0
15,DER_361,1.0
15,DER_362,0.0
15,DER_363,1.0
15,DER_364,1.0
15,DER_365,0.0
15,DER_366,1.0
15,DER_367,0.0
15,DER_368,0.0
15,DER_369,1.0
15,DER_370,1.0
15,DER_371,1.0
15,DER_372,0.0
15,DER_373,0.0
15,DER_374,0.0
15,DER_375,1.0
15,DER_376,0.0
15,DER_377,0.0
15,DER_378,1.0
15,DER_379,0.0
15,DER_380,0.0
15,DER_381,1.0
15,DER_382,0.0
15,DER_383,0.0
15,DER_384,0.0
15,DER_385,0.0
15,DER_386,0.0
15,DER_387,0.0
15,DER_388,0.0
15,DER_389,1.0
15,DER_390,0.0
15,DER_391,1.0
15,DER_392,0.0
15,DER_393,0.0
15,DER_394,0.0
15,DER_395,1.0
15,DER_396,0.0
15,DER_397,0.0
15,DER_398,0.0
15,DER_399,1.0
15,DER_400,0.0
15,DER_401,0.0
15,DER_402,0.0
15,DER_403,0.0
15,DER_404,0.0
15,DER_405,0.0
15,DER_406,0.0
15,DER_407,1.0
15,DER_408,0.0
15,DER_409,0.0
15,DER_410,1.0
15,DER_411,1.0
15,DER_412,1.0
15,DER_413,1.0
15,DER_414,0.0
15,DER_415,1.0
15,DER_416,1.0
15,DER_417,1.0
15,DER_418,0.0
15,DER_419,0.0
15,DER_420,0.0
15,DER_421,0.0
15,DER_422,0.0
15,DER_423,1.0
15,DER_424,0.0
15,DER_425,0.0
15,DER_426,1.0
15,DER_427,1.0
15,DER_428,0.0
15,DER_429,0.0
15,DER_430,1.0
15,DER_431,0.0
15,DER_432,0.0
15,DER_433,0.0
15,DER_434,1.0
15,DER_435,1.0
15,DER_436,0.0
15,DER_437,1.0
15,DER_438,0.0
15,DER_439,1.0
15,DER_440,0.0
15,DER_441,0.0
15,DER_442,1.0
15,DER_443,0.0
15,DER_444,0.0
15,DER_445,0.0
15,DER_446,1.0
15,DER_447,0.0
15,DER_448,0.0
15,DER_449,0.0
15,DER_450,0.0
16,DER_1,0.0
16,DER_2,1.0
16,DER_3,1.0
16,DER_4,0.0
16,DER_5,1.0
16,DER_6,1.0
16,DER_7,1.0
16,DER_8,0.0
16,DER_9,1.0
16,DER_10,0.0
16,DER_11,0.0
16,DER_12,0.0
16,DER_13,1.0
16,DER_14,0.0
16,DER_15,1.0
16,DER_16,1.0
16,DER_17,0.0
16,DER_18,0.0
16,DER_19,0.0
16,DER_20,0.0
16,DER_21,1.0
16,DER_22,0.0
16,DER_23,0.0
16,DER_24,1.0
16,DER_25,1.0
16,DER_26,0.0
16,DER_27,1.0
16,DER_28,0.0
16,DER_29,0.0
16,DER_30,1.0
16,DER_31,0.0
16,DER_32,1.0
16,DER_33,1.0
16,DER_34,0.0
16,DER_35,1.0
16,DER_36,1.0
16,DER_37,1.0
16,DER_38,1.0
16,DER_39,0.0
16,DER_40,1.0
16,DER_41,0.0
16,DER_42,1.0
16,DER_43,0.0
16,DER_44,1.0
16,DER_45,1.0
16,DER_46,0.0
16,DER_47,1.0
16,DER_48,1.0
16,DER_49,1.0
16,DER_50,0.0
16,DER_51,1.0
16,DER_52,0.0
16,DER_53,0.0
16,DER_54,0.0
16,DER_55,0.0
16,DER_56,0.0
16,DER_57,1.0
16,DER_58,0.0
16,DER_59,0.0
16,DER_60,1.0
16,DER_61,1.0
16,DER_62,0.0
16,DER_63,1.0
16,DER_64,0.0
16,DER_65,1.0
16,DER_66,0.0
16,DER_67,1.0
16,DER_68,1.0
16,DER_69,1.0
16,DER_70,1.0
16,DER_71,0.0
16,DER_72,1.0
16,DER_73,1.0
16,DER_74,0.0
16,DER_75,1.0
16,DER_76,0.0
16,DER_77,0.0
16,DER_78,1.0
16,DER_79,1.0
16,DER_80,0.0
16,DER_81,0.0
16,DER_82,1.0
16,DER_83,1.0
16,DER_84,0.0
16,DER_85,0.0
16,DER_86,1.0
16,DER_87,0.0
16,DER_88,1.0
16,DER_89,1.0
16,DER_90,0.0
16,DER_91,0.0
16,DER_92,0.0
16,DER_93,1.0
16,DER_94,1.0
16,DER_95,1.0
16,DER_96,0.0
16,DER_97,0.0
16,DER_98,1.0
16,DER_99,1.0
16,DER_100,1.0
16,DER_101,1.0
16,DER_102,0.0
16,DER_103,1.0
16,DER_104,1.0
16,DER_105,0.0
16,DER_106,1.0
16,DER_107,1.0
16,DER_108,0.0
16,DER_109,0.0
16,DER_110,1.0
16,DER_111,0.0
16,DER_112,1.0
16,DER_113,1.0
16,DER_114,1.0
16,DER_115,1.0
16,DER_116,0.0
16,DER_117,0.0
16,DER_118,1.0
16,DER_119,1.0
16,DER_120,1.0
16,DER_121,0.0
16,DER_122,1.0
16,DER_123,0.0
16,DER_124,0.0
16,DER_125,0.0
16,DER_126,1.0
16,DER_127,1.0
16,DER_128,0.0
16,DER_129,1.0
16,DER_130,0.0
16,DER_131,1.0
16,DER_132,0.0
16,DER_133,1.0
16,DER_134,0.0
16,DER_135,0.0
16,DER_136,0.0
16,DER_137,0.0
16,DER_138,0.0
16,DER_139,1.0
16,DER_140,0.0
16,DER_141,1.0
16,DER_142,0.0
16,DER_143,1.0
16,DER_144,0.0
16,DER_145,0.0
16,DER_146,0.0
16,DER_147,1.0
16,DER_148,1.0
16,DER_149,1.0
16,DER_150,1.0
16,DER_151,1.0
16,DER_152,1.0
16,DER_153,1.0
16,DER_154,1.0
16,DER_155,0.0
16,DER_156,0.0
16,DER_157,1.0
16,DER_158,1.0
16,DER_159,0.0
16,DER_160,0.0
16,DER_161,0.0
16,DER_162,0.0
16,DER_163,0.0
16,DER_164,0.0
16,DER_165,0.0
16,DER_166,1.0
16,DER_167,0.0
16,DER_168,0.0
16,DER_169,0.0
16,DER_170,0.0
16,DER_171,0.0
16,DER_172,1.0
16,DER_173,1.0
16,DER_174,1.0
16,DER_175,1.0
16,DER_176,0.0
16,DER_177,1.0
16,DER_178,1.0
16,DER_179,0.0
16,DER_180,0.0
16,DER_181,0.0
16,DER_182,0.0
16,DER_183,1.0
16,DER_184,1.0
16,DER_185,0.0
16,DER_186,1.0
16,DER_187,0.0
16,DER_188,0.0
16,DER_189,0.0
16,DER_190,0.0
16,DER_191,1.0
16,DER_192,1.0
16,DER_193,0.0
16,DER_194,1.0
16,DER_195,1.0
16,DER_196,0.0
16,DER_197,1.0
16,DER_198,1.0
16,DER_199,0.0
16,DER_200,0.0
16,DER_201,1.0
16,DER_202,0.0
16,DER_203,0.0
16,DER_204,0.0
16,DER_205,0.0
16,DER_206,0.0
16,DER_207,0.0
16,DER_208,0.0
16,DER_209,0.0
16,DER_210,1.0
16,DER_211,0.0
16,DER_212,1.0
16,DER_213,0.0
16,DER_214,1.0
16,DER_215,0.0
16,DER_216,0.0
16,DER_217,1.0
16,DER_218,0.0
16,DER_219,0.0
16,DER_220,0.0
16,DER_221,1.0
16,DER_222,1.0
16,DER_223,0.0
16,DER_224,1.0
16,DER_225,0.0
16,DER_226,0.0
16,DER_227,1.0
16,DER_228,1.0
16,DER_229,0.0
16,DER_230,0.0
16,DER_231,1.0
16,DER_232,1.0
16,DER_233,1.0
16,DER_234,0.0
16,DER_235,0.0
16,DER_236,1.0
16,DER_237,1.0
16,DER_238,0.0
16,DER_239,1.0
16,DER_240,0.0
16,DER_241,1.0
16,DER_242,0.0
16,DER_243,0.0
16,DER_244,1.0
16,DER_245,0.0
16,DER_246,1.0
16,DER_247,1.0
16,DER_248,0.0
16,DER_249,1.0
16,DER_250,0.0
16,DER_251,0.0
16,DER_252,1.0
16,DER_253,0.0
16,DER_254,0.0
16,DER_255,0.0
16,DER_256,0.0
16,DER_257,1.0
16,DER_258,0.0
16,DER_259,1.0
16,DER_260,0.0
16,DER_261,1.0
16,DER_262,0.0
16,DER_263,1.0
16,DER_264,0.0
16,DER_265,1.0
16,DER_266,0.0
16,DER_267,0.0
16,DER_268,0.0
16,DER_269,0.0
16,DER_270,1.0
16,DER_271,0.0
16,DER_272,0.0
16,DER_273,0.0
16,DER_274,1.0
16,DER_275,1.0
16,DER_276,1.0
16,DER_277,0.0
16,DER_278,1.0
16,DER_279,0.0
16,DER_280,0.0
16,DER_281,0.0
16,DER_282,0.0
16,DER_283,0.0
16,DER_284,0.0
16,DER_285,0.0
16,DER_286,1.0
16,DER_287,0.0
16,DER_288,0.0
16,DER_289,0.0
16,DER_290,0.0
16,DER_291,0.0
16,DER_292,0.0
16,DER_293,0.0
16,DER_294,1.0
16,DER_295,1.0
16,DER_296,1.0
16,DER_297,0.0
16,DER_298,0.0
16,DER_299,0.0
16,DER_300,1.0
16,DER_301,1.0
16,DER_302,1.0
16,DER_303,0.0
16,DER_304,0.0
16,DER_305,1.0
16,DER_306,0.0
16,DER_307,1.0
16,DER_308,1.0
16,DER_309,1.0
16,DER_310,0.0
16,DER_311,0.0
16,DER_312,1.0
16,DER_313,0.0
16,DER_314,1.0
16,DER_315,1.0
16,DER_316,0.0
16,DER_317,0.0
16,DER_318,0.0
16,DER_319,1.0
16,DER_320,0.0
16,DER_321,1.0
16,DER_322,1.0
16,DER_323,0.0
16,DER_324,0.0
16,DER_325,0.0
16,DER_326,1.0
16,DER_327,0.0
16,DER_328,1.0
16,DER_329,0.0
16,DER_330,1.0
16,DER_331,1.0
16,DER_332,1.0
16,DER_333,0.0
16,DER_334,1.0
16,DER_335,0.0
16,DER_336,0.0
16,DER_337,1.0
16,DER_338,0.0
16,DER_339,0.0
16,DER_340,0.0
16,DER_341,0.0
16,DER_342,1.0
16,DER_343,0.0
16,DER_344,1.0
16,DER_345,1.0
16,DER_346,1.0
16,DER_347,0.0
16,DER_348,0.0
16,DER_349,1.0
16,DER_350,1.0
16,DER_351,1.0
16,DER_352,1.0
16,DER_353,0.0
16,DER_354,1.0
16,DER_355,1.0
16,DER_356,1.0
16,DER_357,1.0
16,DER_358,1.0
16,DER_359,1.0
16,DER_360,0.0
16,DER_361,1.0
16,DER_362,0.0
16,DER_363,1.0
16,DER_364,1.0
16,DER_365,0.0
16,DER_366,1.0
16,DER_367,0.0
16,DER_368,0.0
16,DER_369,1.0
16,DER_370,1.0
16,DER_371,1.0
16,DER_372,0.0
16,DER_373,0.0
16,DER_374,0.0
16,DER_375,1.0
16,DER_376,0.0
16,DER_377,0.0
16,DER_378,1.0
16,DER_379,0.0
16,DER_380,0.0
16,DER_381,1.0
16,DER_382,0.0
16,DER_383,0.0
16,DER_384,0.0
16,DER_385,0.0
16,DER_386,0.0
16,DER_387,0.0
16,DER_388,0.0
16,DER_389,1.0
16,DER_390,0.0
16,DER_391,1.0
16,DER_392,0.0
16,DER_393,0.0
16,DER_394,0.0
16,DER_395,1.0
16,DER_396,1.0
16,DER_397,0.0
16,DER_398,0.0
16,DER_399,1.0
16,DER_400,0.0
16,DER_401,0.0
16,DER_402,0.0
16,DER_403,0.0
16,DER_404,0.0
16,DER_405,0.0
16,DER_406,0.0
16,DER_407,1.0
16,DER_408,0.0
16,DER_409,0.0
16,DER_410,1.0
16,DER_411,1.0
16,DER_412,1.0
16,DER_413,1.0
16,DER_414,0.0
16,DER_415,1.0
16,DER_416,1.0
16,DER_417,1.0
16,DER_418,0.0
16,DER_419,0.0
16,DER_420,0.0
16,DER_421,0.0
16,DER_422,0.0
16,DER_423,1.0
16,DER_424,0.0
16,DER_425,0.0
16,DER_426,1.0
16,DER_427,1.0
16,DER_428,0.0
16,DER_429,0.0
16,DER_430,1.0
16,DER_431,0.0
16,DER_432,0.0
16,DER_433,0.0
16,DER_434,1.0
16,DER_435,1.0
16,DER_436,0.0
16,DER_437,1.0
16,DER_438,0.0
16,DER_439,1.0
16,DER_440,0.0
16,DER_441,0.0
16,DER_442,1.0
16,DER_443,0.0
16,DER_444,0.0
16,DER_445,0.0
16,DER_446,1.0
16,DER_447,1.0
16,DER_448,0.0
16,DER_449,0.0
16,DER_450,1.0
17,DER_1,0.0
17,DER_2,1.0
17,DER_3,1.0
17,DER_4,0.0
17,DER_5,0.0
17,DER_6,1.0
17,DER_7,1.0
17,DER_8,0.0
17,DER_9,1.0
17,DER_10,0.0
17,DER_11,0.0
17,DER_12,0.0
17,DER_13,1.0
17,DER_14,0.0
17,DER_15,1.0
17,DER_16,1.0
17,DER_17,0.0
17,DER_18,0.0
17,DER_19,0.0
17,DER_20,0.0
17,DER_21,0.0
17,DER_22,0.0
17,DER_23,0.0
17,DER_24,1.0
17,DER_25,1.0
17,DER_26,0.0
17,DER_27,1.0
17,DER_28,0.0
17,DER_29,0.0
17,DER_30,1.0
17,DER_31,0.0
17,DER_32,1.0
17,DER_33,1.0
17,DER_34,0.0
17,DER_35,1.0
17,DER_36,1.0
17,DER_37,0.0
17,DER_38,1.0
17,DER_39,0.0
17,DER_40,1.0
17,DER_41,0.0
17,DER_42,1.0
17,DER_43,0.0
17,DER_44,1.0
17,DER_45,1.0
17,DER_46,0.0
17,DER_47,1.0
17,DER_48,1.0
17,DER_49,1.0
17,DER_50,0.0
17,DER_51,1.0
17,DER_52,0.0
17,DER_53,0.0
17,DER_54,0.0
17,DER_55,0.0
17,DER_56,0.0
17,DER_57,0.0
17,DER_58,0.0
17,DER_59,0.0
17,DER_60,1.0
17,DER_61,1.0
17,DER_62,0.0
17,DER_63,1.0
17,DER_64,0.0
17,DER_65,0.0
17,DER_66,0.0
17,DER_67,1.0
17,DER_68,0.0
17,DER_69,1.0
17,DER_70,0.0
17,DER_71,0.0
17,DER_72,1.0
17,DER_73,0.0
17,DER_74,0.0
17,DER_75,1.0
17,DER_76,0.0
17,DER_77,0.0
17,DER_78,1.0
17,DER_79,1.0
17,DER_80,0.0
17,DER_81,0.0
17,DER_82,1.0
17,DER_83,1.0
17,DER_84,0.0
17,DER_85,0.0
17,DER_86,1.0
17,DER_87,0.0
17,DER_88,1.0
17,DER_89,1.0
17,DER_90,0.0
17,DER_91,0.0
17,DER_92,0.0
17,DER_93,1.0
17,DER_94,1.0
17,DER_95,1.0
17,DER_96,0.0
17,DER_97,0.0
17,DER_98,1.0
17,DER_99,1.0
17,DER_100,0.0
17,DER_101,0.0
17,DER_102,0.0
17,DER_103,1.0
17,DER_104,1.0
17,DER_105,0.0
17,DER_106,1.0
17,DER_107,1.0
17,DER_108,0.0
17,DER_109,0.0
17,DER_110,1.0
17,DER_111,0.0
17,DER_112,1.0
17,DER_113,1.0
17,DER_114,1.0
17,DER_115,0.0
17,DER_116,0.0
17,DER_117,0.0
17,DER_118,1.0
17,DER_119,1.0
17,DER_120,0.0
17,DER_121,0.0
17,DER_122,0.0
17,DER_123,0.0
17,DER_124,0.0
17,DER_125,0.0
17,DER_126,0.0
17,DER_127,1.0
17,DER_128,0.0
17,DER_129,1.0
17,DER_130,0.0
17,DER_131,1.0
17,DER_132,0.0
17,DER_133,1.0
17,DER_134,0.0
17,DER_135,0.0
17,DER_136,0.0
17,DER_137,0.0
17,DER_138,0.0
17,DER_139,1.0
17,DER_140,0.0
17,DER_141,1.0
17,DER_142,0.0
17,DER_143,1.0
17,DER_144,0.0
17,DER_145,0.0
17,DER_146,0.0
17,DER_147,1.0
17,DER_148,1.0
17,DER_149,0.0
17,DER_150,1.0
17,DER_151,1.0
17,DER_152,1.0
17,DER_153,1.0
17,DER_154,0.0
17,DER_155,0.0
17,DER_156,0.0
17,DER_157,1.0
17,DER_158,1.0
17,DER_159,0.0
17,DER_160,0.0
17,DER_161,0.0
17,DER_162,0.0
17,DER_163,0.0
17,DER_164,0.0
17,DER_165,0.0
17,DER_166,1.0
17,DER_167,0.0
17,DER_168,0.0
17,DER_169,0.0
17,DER_170,0.0
17,DER_171,0.0
17,DER_172,1.0
17,DER_173,1.0
17,DER_174,1.0
17,DER_175,1.0
17,DER_176,0.0
17,DER_177,0.0
17,DER_178,1.0
17,DER_179,0.0
17,DER_180,0.0
17,DER_181,0.0
17,DER_182,0.0
17,DER_183,1.0
17,DER_184,1.0
17,DER_185,0.0
17,DER_186,1.0
17,DER_187,0.0
17,DER_188,0.0
17,DER_189,0.0
17,DER_190,0.0
17,DER_191,1.0
17,DER_192,1.0
17,DER_193,0.0
17,DER_194,1.0
17,DER_195,0.0
17,DER_196,0.0
17,DER_197,1.0
17,DER_198,1.0
17,DER_199,0.0
17,DER_200,0.0
17,DER_201,0.0
17,DER_202,0.0
17,DER_203,0.0
17,DER_204,0.0
17,DER_205,0.0
17,DER_206,0.0
17,DER_207,0.0
17,DER_208,0.0
17,DER_209,0.0
17,DER_210,0.0
17,DER_211,0.0
17,DER_212,1.0
17,DER_213,0.0
17,DER_214,1.0
17,DER_215,0.0
17,DER_216,0.0
17,DER_217,0.0
17,DER_218,0.0
17,DER_219,0.0
17,DER_220,0.0
17,DER_221,1.0
17,DER_222,1.0
17,DER_223,0.0
17,DER_224,1.0
17,DER_225,0.0
17,DER_226,0.0
17,DER_227,1.0
17,DER_228,1.0
17,DER_229,0.0
17,DER_230,0.0
17,DER_231,1.0
17,DER_232,0.0
17,DER_233,1.0
17,DER_234,0.0
17,DER_235,0.0
17,DER_236,1.0
17,DER_237,0.0
17,DER_238,0.0
17,DER_239,1.0
17,DER_240,0.0
17,DER_241,1.0
17,DER_242,0.0
17,DER_243,0.0
17,DER_244,1.0
17,DER_245,0.0
17,DER_246,1.0
17,DER_247,1.0
17,DER_248,0.0
17,DER_249,1.0
17,DER_250,0.0
17,DER_251,0.0
17,DER_252,1.0
17,DER_253,0.0
17,DER_254,0.0
17,DER_255,0.0
17,DER_256,0.0
17,DER_257,1.0
17,DER_258,0.0
17,DER_259,1.0
17,DER_260,0.0
17,DER_261,0.0
17,DER_262,0.0
17,DER_263,1.0
17,DER_264,0.0
17,DER_265,1.0
17,DER_266,0.0
17,DER_267,0.0
17,DER_268,0.0
17,DER_269,0.0
17,DER_270,1.0
17,DER_271,0.0
17,DER_272,0.0
17,DER_273,0.0
17,DER_274,1.0
17,DER_275,1.0
17,DER_276,1.0
17,DER_277,0.0
17,DER_278,1.0
17,DER_279,0.0
17,DER_280,0.0
17,DER_281,0.0
17,DER_282,0.0
17,DER_283,0.0
17,DER_284,0.0
17,DER_285,0.0
17,DER_286,1.0
17,DER_287,0.0
17,DER_288,0.0
17,DER_289,0.0
17,DER_290,0.0
17,DER_291,0.0
17,DER_292,0.0
17,DER_293,0.0
17,DER_294,0.0
17,DER_295,1.0
17,DER_296,1.0
17,DER_297,0.0
17,DER_298,0.0
17,DER_299,0.0
17,DER_300,1.0
17,DER_301,1.0
17,DER_302,1.0
17,DER_303,0.0
17,DER_304,0.0
17,DER_305,0.0
17,DER_306,0.0
17,DER_307,1.0
17,DER_308,1.0
17,DER_309,1.0
17,DER_310,0.0
17,DER_311,0.0
17,DER_312,1.0
17,DER_313,0.0
17,DER_314,1.0
17,DER_315,1.0
17,DER_316,0.0
17,DER_317,0.0
17,DER_318,0.0
17,DER_319,0.0
17,DER_320,0.0
17,DER_321,1.0
17,DER_322,0.0
17,DER_323,0.0
17,DER_324,0.0
17,DER_325,0.0
17,DER_326,1.0
17,DER_327,0.0
17,DER_328,1.0
17,DER_329,0.0
17,DER_330,1.0
17,DER_331,1.0
17,DER_332,0.0
17,DER_333,0.0
17,DER_334,0.0
17,DER_335,0.0
17,DER_336,0.0
17,DER_337,1.0
17,DER_338,0.0
17,DER_339,0.0
17,DER_340,0.0
17,DER_341,0.0
17,DER_342,1.0
17,DER_343,0.0
17,DER_344,1.0
17,DER_345,1.0
17,DER_346,1.0
17,DER_347,0.0
17,DER_348,0.0
17,DER_349,1.0
17,DER_350,1.0
17,DER_351,0.0
17,DER_352,1.0
17,DER_353,0.0
17,DER_354,1.0
17,DER_355,1.0
17,DER_356,0.0
17,DER_357,1.0
17,DER_358,1.0
17,DER_359,1.0
17,DER_360,0.0
17,DER_361,0.0
17,DER_362,0.0
17,DER_363,1.0
17,DER_364,1.0
17,DER_365,0.0
17,DER_366,1.0
17,DER_367,0.0
17,DER_368,0.0
17,DER_369,1.0
17,DER_370,1.0
17,DER_371,0.0
17,DER_372,0.0
17,DER_373,0.0
17,DER_374,0.0
17,DER_375,1.0
17,DER_376,0.0
17,DER_377,0.0
17,DER_378,0.0
17,DER_379,0.0
17,DER_380,0.0
17,DER_381,1.0
17,DER_382,0.0
17,DER_383,0.0
17,DER_384,0.0
17,DER_385,0.0
17,DER_386,0.0
17,DER_387,0.0
17,DER_388,0.0
17,DER_389,1.0
17,DER_390,0.0
17,DER_391,1.0
17,DER_392,0.0
17,DER_393,0.0
17,DER_394,0.0
17,DER_395,1.0
17,DER_396,1.0
17,DER_397,0.0
17,DER_398,0.0
17,DER_399,1.0
17,DER_400,0.0
17,DER_401,0.0
17,DER_402,0.0
17,DER_403,0.0
17,DER_404,0.0
17,DER_405,0.0
17,DER_406,0.0
17,DER_407,1.0
17,DER_408,0.0
17,DER_409,0.0
17,DER_410,0.0
17,DER_411,1.0
17,DER_412,1.0
17,DER_413,1.0
17,DER_414,0.0
17,DER_415,1.0
17,DER_416,1.0
17,DER_417,1.0
17,DER_418,0.0
17,DER_419,0.0
17,DER_420,0.0
17,DER_421,0.0
17,DER_422,0.0
17,DER_423,1.0
17,DER_424,0.0
17,DER_425,0.0
17,DER_426,1.0
17,DER_427,1.0
17,DER_428,0.0
17,DER_429,0.0
17,DER_430,0.0
17,DER_431,0.0
17,DER_432,0.0
17,DER_433,0.0
17,DER_434,1.0
17,DER_435,1.0
17,DER_436,0.0
17,DER_437,1.0
17,DER_438,0.0
17,DER_439,1.0
17,DER_440,0.0
17,DER_441,0.0
17,DER_442,1.0
17,DER_443,0.0
17,DER_444,0.0
17,DER_445,0.0
17,DER_446,1.0
17,DER_447,1.0
17,DER_448,0.0
17,DER_449,0.0
17,DER_450,1.0
18,DER_1,0.0
18,DER_2,1.0
18,DER_3,1.0
18,DER_4,0.0
18,DER_5,0.0
18,DER_6,1.0
18,DER_7,1.0
18,DER_8,0.0
18,DER_9,1.0
18,DER_10,0.0
18,DER_11,0.0
18,DER_12,0.0
18,DER_13,1.0
18,DER_14,0.0
18,DER_15,1.0
18,DER_16,1.0
18,DER_17,0.0
18,DER_18,0.0
18,DER_19,0.0
18,DER_20,0.0
18,DER_21,0.0
18,DER_22,0.0
18,DER_23,0.0
18,DER_24,1.0
18,DER_25,1.0
18,DER_26,0.0
18,DER_27,1.0
18,DER_28,0.0
18,DER_29,0.0
18,DER_30,1.0
18,DER_31,0.0
18,DER_32,1.0
18,DER_33,1.0
18,DER_34,0.0
18,DER_35,1.0
18,DER_36,1.0
18,DER_37,0.0
18,DER_38,1.0
18,DER_39,0.0
18,DER_40,1.0
18,DER_41,0.0
18,DER_42,1.0
18,DER_43,0.0
18,DER_44,1.0
18,DER_45,1.0
18,DER_46,0.0
18,DER_47,1.0
18,DER_48,1.0
18,DER_49,1.0
18,DER_50,0.0
18,DER_51,1.0
18,DER_52,0.0
18,DER_53,0.0
18,DER_54,0.0
18,DER_55,0.0
18,DER_56,0.0
18,DER_57,0.0
18,DER_58,0.0
18,DER_59,0.0
18,DER_60,1.0
18,DER_61,1.0
18,DER_62,0.0
18,DER_63,1.0
18,DER_64,0.0
18,DER_65,0.0
18,DER_66,0.0
18,DER_67,1.0
18,DER_68,0.0
18,DER_69,1.0
18,DER_70,0.0
18,DER_71,0.0
18,DER_72,1.0
18,DER_73,0.0
18,DER_74,0.0
18,DER_75,1.0
18,DER_76,0.0
18,DER_77,0.0
18,DER_78,1.0
18,DER_79,1.0
18,DER_80,0.0
18,DER_81,0.0
18,DER_82,1.0
18,DER_83,1.0
18,DER_84,0.0
18,DER_85,0.0
18,DER_86,1.0
18,DER_87,0.0
18,DER_88,1.0
18,DER_89,1.0
18,DER_90,0.0
18,DER_91,0.0
18,DER_92,0.0
18,DER_93,1.0
18,DER_94,1.0
18,DER_95,1.0
18,DER_96,0.0
18,DER_97,0.0
18,DER_98,1.0
18,DER_99,1.0
18,DER_100,0.0
18,DER_101,0.0
18,DER_102,0.0
18,DER_103,1.0
18,DER_104,1.0
18,DER_105,0.0
18,DER_106,1.0
18,DER_107,1.0
18,DER_108,0.0
18,DER_109,0.0
18,DER_110,1.0
18,DER_111,0.0
18,DER_112,1.0
18,DER_113,1.0
18,DER_114,1.0
18,DER_115,0.0
18,DER_116,0.0
18,DER_117,0.0
18,DER_118,1.0
18,DER_119,1.0
18,DER_120,0.0
18,DER_121,0.0
18,DER_122,0.0
18,DER_123,0.0
18,DER_124,0.0
18,DER_125,0.0
18,DER_126,0.0
18,DER_127,1.0
18,DER_128,0.0
18,DER_129,1.0
18,DER_130,0.0
18,DER_131,1.0
18,DER_132,0.0
18,DER_133,1.0
18,DER_134,0.0
18,DER_135,0.0
18,DER_136,0.0
18,DER_137,0.0
18,DER_138,0.0
18,DER_139,1.0
18,DER_140,0.0
18,DER_141,1.0
18,DER_142,0.0
18,DER_143,1.0
18,DER_144,0.0
18,DER_145,0.0
18,DER_146,0.0
18,DER_147,1.0
18,DER_148,1.0
18,DER_149,0.0
18,DER_150,1.0
18,DER_151,1.0
18,DER_152,1.0
18,DER_153,1.0
18,DER_154,0.0
18,DER_155,0.0
18,DER_156,0.0
18,DER_157,1.0
18,DER_158,1.0
18,DER_159,0.0
18,DER_160,0.0
18,DER_161,0.0
18,DER_162,0.0
18,DER_163,0.0
18,DER_164,0.0
18,DER_165,0.0
18,DER_166,1.0
18,DER_167,0.0
18,DER_168,0.0
18,DER_169,0.0
18,DER_170,0.0
18,DER_171,0.0
18,DER_172,1.0
18,DER_173,1.0
18,DER_174,1.0
18,DER_175,1.0
18,DER_176,0.0
18,DER_177,0.0
18,DER_178,1.0
18,DER_179,0.0
18,DER_180,0.0
18,DER_181,0.0
18,DER_182,0.0
18,DER_183,1.0
18,DER_184,1.0
18,DER_185,0.0
18,DER_186,1.0
18,DER_187,0.0
18,DER_188,0.0
18,DER_189,0.0
18,DER_190,0.0
18,DER_191,1.0
18,DER_192,1.0
18,DER_193,0.0
18,DER_194,1.0
18,DER_195,0.0
18,DER_196,0.0
18,DER_197,1.0
18,DER_198,1.0
18,DER_199,0.0
18,DER_200,0.0
18,DER_201,0.0
18,DER_202,0.0
18,DER_203,0.0
18,DER_204,0.0
18,DER_205,0.0
18,DER_206,0.0
18,DER_207,0.0
18,DER_208,0.0
18,DER_209,0.0
18,DER_210,0.0
18,DER_211,0.0
18,DER_212,1.0
18,DER_213,0.0
18,DER_214,1.0
18,DER_215,0.0
18,DER_216,0.0
18,DER_217,0.0
18,DER_218,0.0
18,DER_219,0.0
18,DER_220,0.0
18,DER_221,1.0
18,DER_222,1.0
18,DER_223,0.0
18,DER_224,1.0
18,DER_225,0.0
18,DER_226,0.0
18,DER_227,1.0
18,DER_228,1.0
18,DER_229,0.0
18,DER_230,0.0
18,DER_231,1.0
18,DER_232,0.0
18,DER_233,1.0
18,DER_234,0.0
18,DER_235,0.0
18,DER_236,1.0
18,DER_237,0.0
18,DER_238,0.0
18,DER_239,1.0
18,DER_240,0.0
18,DER_241,1.0
18,DER_242,1.0
18,DER_243,0.0
18,DER_244,1.0
18,DER_245,0.0
18,DER_246,1.0
18,DER_247,1.0
18,DER_248,0.0
18,DER_249,1.0
18,DER_250,0.0
18,DER_251,0.0
18,DER_252,1.0
18,DER_253,0.0
18,DER_254,0.0
18,DER_255,0.0
18,DER_256,0.0
18,DER_257,1.0
18,DER_258,0.0
18,DER_259,1.0
18,DER_260,0.0
18,DER_261,0.0
18,DER_262,0.0
18,DER_263,1.0
18,DER_264,0.0
18,DER_265,1.0
18,DER_266,0.0
18,DER_267,0.0
18,DER_268,0.0
18,DER_269,0.0
18,DER_270,1.0
18,DER_271,0.0
18,DER_272,0.0
18,DER_273,0.0
18,DER_274,1.0
18,DER_275,1.0
18,DER_276,1.0
18,DER_277,0.0
18,DER_278,1.0
18,DER_279,0.0
18,DER_280,0.0
18,DER_281,0.0
18,DER_282,0.0
18,DER_283,0.0
18,DER_284,0.0
18,DER_285,0.0
18,DER_286,1.0
18,DER_287,0.0
18,DER_288,0.0
18,DER_289,0.0
18,DER_290,0.0
18,DER_291,0.0
18,DER_292,0.0
18,DER_293,0.0
18,DER_294,0.0
18,DER_295,1.0
18,DER_296,1.0
18,DER_297,0.0
18,DER_298,0.0
18,DER_299,0.0
18,DER_300,1.0
18,DER_301,1.0
18,DER_302,1.0
18,DER_303,0.0
18,DER_304,0.0
18,DER_305,0.0
18,DER_306,0.0
18,DER_307,1.0
18,DER_308,1.0
18,DER_309,1.0
18,DER_310,1.0
18,DER_311,0.0
18,DER_312,1.0
18,DER_313,0.0
18,DER_314,1.0
18,DER_315,1.0
18,DER_316,0.0
18,DER_317,0.0
18,DER_318,0.0
18,DER_319,0.0
18,DER_320,0.0
18,DER_321,1.0
18,DER_322,0.0
18,DER_323,0.0
18,DER_324,0.0
18,DER_325,0.0
18,DER_326,1.0
18,DER_327,0.0
18,DER_328,1.0
18,DER_329,0.0
18,DER_330,1.0
18,DER_331,1.0
18,DER_332,0.0
18,DER_333,0.0
18,DER_334,0.0
18,DER_335,0.0
18,DER_336,0.0
18,DER_337,1.0
18,DER_338,0.0
18,DER_339,0.0
18,DER_340,0.0
18,DER_341,0.0
18,DER_342,1.0
18,DER_343,0.0
18,DER_344,1.0
18,DER_345,1.0
18,DER_346,1.0
18,DER_347,0.0
18,DER_348,0.0
18,DER_349,1.0
18,DER_350,1.0
18,DER_351,0.0
18,DER_352,1.0
18,DER_353,0.0
18,DER_354,1.0
18,DER_355,1.0
18,DER_356,0.0
18,DER_357,1.0
18,DER_358,1.0
18,DER_359,1.0
18,DER_360,0.0
18,DER_361,0.0
18,DER_362,0.0
18,DER_363,1.0
18,DER_364,1.0
18,DER_365,0.0
18,DER_366,1.0
18,DER_367,0.0
18,DER_368,0.0
18,DER_369,1.0
18,DER_370,1.0
18,DER_371,0.0
18,DER_372,0.0
18,DER_373,0.0
18,DER_374,0.0
18,DER_375,1.0
18,DER_376,0.0
18,DER_377,1.0
18,DER_378,0.0
18,DER_379,0.0
18,DER_380,0.0
18,DER_381,1.0
18,DER_382,0.0
18,DER_383,0.0
18,DER_384,0.0
18,DER_385,0.0
18,DER_386,0.0
18,DER_387,0.0
18,DER_388,0.0
18,DER_389,1.0
18,DER_390,0.0
18,DER_391,1.0
18,DER_392,0.0
18,DER_393,0.0
18,DER_394,0.0
18,DER_395,1.0
18,DER_396,1.0
18,DER_397,0.0
18,DER_398,0.0
18,DER_399,1.0
18,DER_400,0.0
18,DER_401,0.0
18,DER_402,0.0
18,DER_403,0.0
18,DER_404,0.0
18,DER_405,0.0
18,DER_406,0.0
18,DER_407,1.0
18,DER_408,0.0
18,DER_409,0.0
18,DER_410,0.0
18,DER_411,1.0
18,DER_412,1.0
18,DER_413,1.0
18,DER_414,0.0
18,DER_415,1.0
18,DER_416,1.0
18,DER_417,1.0
18,DER_418,0.0
18,DER_419,0.0
18,DER_420,0.0
18,DER_421,0.0
18,DER_422,0.0
18,DER_423,1.0
18,DER_424,0.0
18,DER_425,0.0
18,DER_426,1.0
18,DER_427,1.0
18,DER_428,0.0
18,DER_429,0.0
18,DER_430,0.0
18,DER_431,0.0
18,DER_432,0.0
18,DER_433,0.0
18,DER_434,1.0
18,DER_435,1.0
18,DER_436,0.0
18,DER_437,1.0
18,DER_438,0.0
18,DER_439,1.0
18,DER_440,1.0
18,DER_441,0.0
18,DER_442,1.0
18,DER_443,0.0
18,DER_444,0.0
18,DER_445,0.0
18,DER_446,1.0
18,DER_447,1.0
18,DER_448,0.0
18,DER_449,0.0
18,DER_450,1.0
19,DER_1,0.0
19,DER_2,1.0
19,DER_3,1.0
19,DER_4,0.0
19,DER_5,0.0
19,DER_6,1.0
19,DER_7,0.0
19,DER_8,0.0
19,DER_9,1.0
19,DER_10,0.0
19,DER_11,0.0
19,DER_12,0.0
19,DER_13,1.0
19,DER_14,0.0
19,DER_15,1.0
19,DER_16,1.0
19,DER_17,0.0
19,DER_18,0.0
19,DER_19,0.0
19,DER_20,0.0
19,DER_21,0.0
19,DER_22,0.0
19,DER_23,0.0
19,DER_24,1.0
19,DER_25,1.0
19,DER_26,0.0
19,DER_27,1.0
19,DER_28,0.0
19,DER_29,0.0
19,DER_30,1.0
19,DER_31,0.0
19,DER_32,1.0
19,DER_33,1.0
19,DER_34,0.0
19,DER_35,1.0
19,DER_36,1.0
19,DER_37,0.0
19,DER_38,1.0
19,DER_39,0.0
19,DER_40,1.0
19,DER_41,0.0
19,DER_42,1.0
19,DER_43,0.0
19,DER_44,1.0
19,DER_45,1.0
19,DER_46,0.0
19,DER_47,1.0
19,DER_48,1.0
19,DER_49,1.0
19,DER_50,0.0
19,DER_51,1.0
19,DER_52,0.0
19,DER_53,0.0
19,DER_54,0.0
19,DER_55,0.0
19,DER_56,0.0
19,DER_57,0.0
19,DER_58,0.0
19,DER_59,0.0
19,DER_60,1.0
19,DER_61,1.0
19,DER_62,0.0
19,DER_63,1.0
19,DER_64,0.0
19,DER_65,0.0
19,DER_66,0.0
19,DER_67,1.0
19,DER_68,0.0
19,DER_69,1.0
19,DER_70,0.0
19,DER_71,0.0
19,DER_72,1.0
19,DER_73,0.0
19,DER_74,0.0
19,DER_75,1.0
19,DER_76,0.0
19,DER_77,0.0
19,DER_78,1.0
19,DER_79,1.0
19,DER_80,0.0
19,DER_81,0.0
19,DER_82,1.0
19,DER_83,1.0
19,DER_84,0.0
19,DER_85,0.0
19,DER_86,1.0
19,DER_87,0.0
19,DER_88,0.0
19,DER_89,1.0
19,DER_90,0.0
19,DER_91,0.0
19,DER_92,0.0
19,DER_93,1.0
19,DER_94,1.0
19,DER_95,1.0
19,DER_96,0.0
19,DER_97,0.0
19,DER_98,1.0
19,DER_99,1.0
19,DER_100,0.0
19,DER_101,0.0
19,DER_102,0.0
19,DER_103,1.0
19,DER_104,1.0
19,DER_105,0.0
19,DER_106,1.0
19,DER_107,1.0
19,DER_108,0.0
19,DER_109,0.0
19,DER_110,1.0
19,DER_111,0.0
19,DER_112,1.0
19,DER_113,1.0
19,DER_114,1.0
19,DER_115,0.0
19,DER_116,0.0
19,DER_117,0.0
19,DER_118,1.0
19,DER_119,1.0
19,DER_120,0.0
19,DER_121,0.0
19,DER_122,0.0
19,DER_123,0.0
19,DER_124,0.0
19,DER_125,0.0
19,DER_126,0.0
19,DER_127,1.0
19,DER_128,0.0
19,DER_129,1.0
19,DER_130,0.0
19,DER_131,1.0
19,DER_132,0.0
19,DER_133,1.0
19,DER_134,0.0
19,DER_135,0.0
19,DER_136,0.0
19,DER_137,0.0
19,DER_138,0.0
19,DER_139,1.0
19,DER_140,0.0
19,DER_141,1.0
19,DER_142,0.0
19,DER_143,1.0
19,DER_144,0.0
19,DER_145,0.0
19,DER_146,0.0
19,DER_147,1.0
19,DER_148,1.0
19,DER_149,0.0
19,DER_150,1.0
19,DER_151,1.0
19,DER_152,1.0
19,DER_153,1.0
19,DER_154,0.0
19,DER_155,0.0
19,DER_156,0.0
19,DER_157,1.0
19,DER_158,1.0
19,DER_159,0.0
19,DER_160,0.0
19,DER_161,0.0
19,DER_162,0.0
19,DER_163,0.0
19,DER_164,0.0
19,DER_165,0.0
19,DER_166,1.0
19,DER_167,0.0
19,DER_168,0.0
19,DER_169,0.0
19,DER_170,0.0
19,DER_171,0.0
19,DER_172,1.0
19,DER_173,1.0
19,DER_174,1.0
19,DER_175,1.0
19,DER_176,0.0
19,DER_177,0.0
19,DER_178,1.0
19,DER_179,0.0
19,DER_180,0.0
19,DER_181,0.0
19,DER_182,0.0
19,DER_183,0.0
19,DER_184,1.0
19,DER_185,0.0
19,DER_186,1.0
19,DER_187,0.0
19,DER_188,0.0
19,DER_189,0.0
19,DER_190,0.0
19,DER_191,1.0
19,DER_192,1.0
19,DER_193,0.0
19,DER_194,1.0
19,DER_195,0.0
19,DER_196,0.0
19,DER_197,1.0
19,DER_198,1.0
19,DER_199,0.0
19,DER_200,0.0
19,DER_201,0.0
19,DER_202,0.0
19,DER_203,0.0
19,DER_204,0.0
19,DER_205,0.0
19,DER_206,0.0
19,DER_207,0.0
19,DER_208,0.0
19,DER_209,0.0
19,DER_210,0.0
19,DER_211,0.0
19,DER_212,1.0
19,DER_213,0.0
19,DER_214,1.0
19,DER_215,0.0
19,DER_216,0.0
19,DER_217,0.0
19,DER_218,0.0
19,DER_219,0.0
19,DER_220,0.0
19,DER_221,0.0
19,DER_222,1.0
19,DER_223,0.0
19,DER_224,1.0
19,DER_225,0.0
19,DER_226,0.0
19,DER_227,1.0
19,DER_228,1.0
19,DER_229,0.0
19,DER_230,0.0
19,DER_231,1.0
19,DER_232,0.0
19,DER_233,1.0
19,DER_234,0.0
19,DER_235,0.0
19,DER_236,1.0
19,DER_237,0.0
19,DER_238,0.0
19,DER_239,0.0
19,DER_240,0.0
19,DER_241,1.0
19,DER_242,1.0
19,DER_243,0.0
19,DER_244,1.0
19,DER_245,0.0
19,DER_246,1.0
19,DER_247,1.0
19,DER_248,0.0
19,DER_249,1.0
19,DER_250,0.0
19,DER_251,0.0
19,DER_252,1.0
19,DER_253,0.0
19,DER_254,0.0
19,DER_255,0.0
19,DER_256,0.0
19,DER_257,1.0
19,DER_258,0.0
19,DER_259,1.0
19,DER_260,0.0
19,DER_261,0.0
19,DER_262,0.0
19,DER_263,1.0
19,DER_264,0.0
19,DER_265,1.0
19,DER_266,0.0
19,DER_267,0.0
19,DER_268,0.0
19,DER_269,0.0
19,DER_270,1.0
19,DER_271,0.0
19,DER_272,0.0
19,DER_273,0.0
19,DER_274,1.0
19,DER_275,1.0
19,DER_276,1.0
19,DER_277,0.0
19,DER_278,1.0
19,DER_279,0.0
19,DER_280,0.0
19,DER_281,0.0
19,DER_282,0.0
19,DER_283,0.0
19,DER_284,0.0
19,DER_285,0.0
19,DER_286,1.0
19,DER_287,0.0
19,DER_288,0.0
19,DER_289,0.0
19,DER_290,0.0
19,DER_291,0.0
19,DER_292,0.0
19,DER_293,0.0
19,DER_294,0.0
19,DER_295,0.0
19,DER_296,1.0
19,DER_297,0.0
19,DER_298,0.0
19,DER_299,0.0
19,DER_300,1.0
19,DER_301,1.0
19,DER_302,1.0
19,DER_303,0.0
19,DER_304,0.0
19,DER_305,0.0
19,DER_306,0.0
19,DER_307,1.0
19,DER_308,1.0
19,DER_309,1.0
19,DER_310,1.0
19,DER_311,0.0
19,DER_312,1.0
19,DER_313,0.0
19,DER_314,1.0
19,DER_315,1.0
19,DER_316,0.0
19,DER_317,0.0
19,DER_318,0.0
19,DER_319,0.0
19,DER_320,0.0
19,DER_321,1.0
19,DER_322,0.0
19,DER_323,0.0
19,DER_324,0.0
19,DER_325,0.0
19,DER_326,1.0
19,DER_327,0.0
19,DER_328,1.0
19,DER_329,0.0
19,DER_330,1.0
19,DER_331,1.0
19,DER_332,0.0
19,DER_333,0.0
19,DER_334,0.0
19,DER_335,0.0
19,DER_336,0.0
19,DER_337,1.0
19,DER_338,0.0
19,DER_339,0.0
19,DER_340,0.0
19,DER_341,0.0
19,DER_342,1.0
19,DER_343,0.0
19,DER_344,1.0
19,DER_345,1.0
19,DER_346,1.0
19,DER_347,0.0
19,DER_348,0.0
19,DER_349,1.0
19,DER_350,0.0
19,DER_351,0.0
19,DER_352,1.0
19,DER_353,0.0
19,DER_354,1.0
19,DER_355,1.0
19,DER_356,0.0
19,DER_357,1.0
19,DER_358,1.0
19,DER_359,1.0
19,DER_360,0.0
19,DER_361,0.0
19,DER_362,0.0
19,DER_363,1.0
19,DER_364,1.0
19,DER_365,0.0
19,DER_366,1.0
19,DER_367,0.0
19,DER_368,0.0
19,DER_369,1.0
19,DER_370,1.0
19,DER_371,0.0
19,DER_372,0.0
19,DER_373,0.0
19,DER_374,0.0
19,DER_375,1.0
19,DER_376,0.0
19,DER_377,1.0
19,DER_378,0.0
19,DER_379,0.0
19,DER_380,0.0
19,DER_381,0.0
19,DER_382,0.0
19,DER_383,0.0
19,DER_384,0.0
19,DER_385,0.0
19,DER_386,0.0
19,DER_387,0.0
19,DER_388,0.0
19,DER_389,1.0
19,DER_390,0.0
19,DER_391,1.0
19,DER_392,0.0
19,DER_393,0.0
19,DER_394,0.0
19,DER_395,1.0
19,DER_396,1.0
19,DER_397,0.0
19,DER_398,0.0
19,DER_399,1.0
19,DER_400,0.0
19,DER_401,0.0
19,DER_402,0.0
19,DER_403,0.0
19,DER_404,0.0
19,DER_405,0.0
19,DER_406,0.0
19,DER_407,1.0
19,DER_408,0.0
19,DER_409,0.0
19,DER_410,0.0
19,DER_411,1.0
19,DER_412,1.0
19,DER_413,1.0
19,DER_414,0.0
19,DER_415,1.0
19,DER_416,0.0
19,DER_417,1.0
19,DER_418,0.0
19,DER_419,0.0
19,DER_420,0.0
19,DER_421,0.0
19,DER_422,0.0
19,DER_423,1.0
19,DER_424,0.0
19,DER_425,0.0
19,DER_426,1.0
19,DER_427,1.0
19,DER_428,0.0
19,DER_429,0.0
19,DER_430,0.0
19,DER_431,0.0
19,DER_432,0.0
19,DER_433,0.0
19,DER_434,1.0
19,DER_435,1.0
19,DER_436,0.0
19,DER_437,1.0
19,DER_438,0.0
19,DER_439,1.0
19,DER_440,1.0
19,DER_441,0.0
19,DER_442,1.0
19,DER_443,0.0
19,DER_444,0.0
19,DER_445,0.0
19,DER_446,1.0
19,DER_447,1.0
19,DER_448,0.0
19,DER_449,0.0
19,DER_450,1.0
20,DER_1,0.0
20,DER_2,1.0
20,DER_3,1.0
20,DER_4,0.0
20,DER_5,0.0
20,DER_6,1.0
20,DER_7,0.0
20,DER_8,0.0
20,DER_9,1.0
20,DER_10,0.0
20,DER_11,0.0
20,DER_12,0.0
20,DER_13,1.0
20,DER_14,0.0
20,DER_15,1.0
20,DER_16,1.0
20,DER_17,0.0
20,DER_18,0.0
20,DER_19,0.0
20,DER_20,0.0
20,DER_21,0.0
20,DER_22,0.0
20,DER_23,0.0
20,DER_24,1.0
20,DER_25,1.0
20,DER_26,0.0
20,DER_27,1.0
20,DER_28,0.0
20,DER_29,0.0
20,DER_30,1.0
20,DER_31,0.0
20,DER_32,1.0
20,DER_33,1.0
20,DER_34,0.0
20,DER_35,1.0
20,DER_36,1.0
20,DER_37,0.0
20,DER_38,1.0
20,DER_39,0.0
20,DER_40,1.0
20,DER_41,0.0
20,DER_42,1.0
20,DER_43,0.0
20,DER_44,1.0
20,DER_45,1.0
20,DER_46,0.0
20,DER_47,1.0
20,DER_48,1.0
20,DER_49,1.0
20,DER_50,0.0
20,DER_51,1.0
20,DER_52,0.0
20,DER_53,0.0
20,DER_54,0.0
20,DER_55,0.0
20,DER_56,0.0
20,DER_57,0.0
20,DER_58,0.0
20,DER_59,0.0
20,DER_60,1.0
20,DER_61,1.0
20,DER_62,0.0
20,DER_63,1.0
20,DER_64,0.0
20,DER_65,0.0
20,DER_66,0.0
20,DER_67,1.0
20,DER_68,0.0
20,DER_69,1.0
20,DER_70,0.0
20,DER_71,0.0
20,DER_72,1.0
20,DER_73,0.0
20,DER_74,0.0
20,DER_75,1.0
20,DER_76,0.0
20,DER_77,0.0
20,DER_78,1.0
20,DER_79,1.0
20,DER_80,0.0
20,DER_81,0.0
20,DER_82,1.0
20,DER_83,1.0
20,DER_84,0.0
20,DER_85,0.0
20,DER_86,1.0
20,DER_87,0.0
20,DER_88,0.0
20,DER_89,1.0
20,DER_90,0.0
20,DER_91,0.0
20,DER_92,0.0
20,DER_93,1.0
20,DER_94,1.0
20,DER_95,1.0
20,DER_96,0.0
20,DER_97,0.0
20,DER_98,1.0
20,DER_99,1.0
20,DER_100,0.0
20,DER_101,0.0
20,DER_102,0.0
20,DER_103,1.0
20,DER_104,1.0
20,DER_105,0.0
20,DER_106,1.0
20,DER_107,1.0
20,DER_108,0.0
20,DER_109,0.0
20,DER_110,1.0
20,DER_111,0.0
20,DER_112,1.0
20,DER_113,1.0
20,DER_114,1.0
20,DER_115,0.0
20,DER_116,0.0
20,DER_117,1.0
20,DER_118,1.0
20,DER_119,1.0
20,DER_120,0.0
20,DER_121,0.0
20,DER_122,0.0
20,DER_123,0.0
20,DER_124,0.0
20,DER_125,0.0
20,DER_126,0.0
20,DER_127,1.0
20,DER_128,0.0
20,DER_129,1.0
20,DER_130,0.0
20,DER_131,1.0
20,DER_132,0.0
20,DER_133,1.0
20,DER_134,0.0
20,DER_135,0.0
20,DER_136,0.0
20,DER_137,0.0
20,DER_138,0.0
20,DER_139,1.0
20,DER_140,0.0
20,DER_141,1.0
20,DER_142,0.0
20,DER_143,1.0
20,DER_144,0.0
20,DER_145,0.0
20,DER_146,0.0
20,DER_147,1.0
20,DER_148,1.0
20,DER_149,0.0
20,DER_150,1.0
20,DER_151,1.0
20,DER_152,1.0
20,DER_153,1.0
20,DER_154,0.0
20,DER_155,0.0
20,DER_156,0.0
20,DER_157,1.0
20,DER_158,1.0
20,DER_159,0.0
20,DER_160,0.0
20,DER_161,0.0
20,DER_162,0.0
20,DER_163,0.0
20,DER_164,0.0
20,DER_165,0.0
20,DER_166,1.0
20,DER_167,0.0
20,DER_168,0.0
20,DER_169,0.0
20,DER_170,0.0
20,DER_171,0.0
20,DER_172,1.0
20,DER_173,1.0
20,DER_174,1.0
20,DER_175,1.0
20,DER_176,0.0
20,DER_177,0.0
20,DER_178,1.0
20,DER_179,0.0
20,DER_180,0.0
20,DER_181,0.0
20,DER_182,0.0
20,DER_183,0.0
20,DER_184,1.0
20,DER_185,0.0
20,DER_186,1.0
20,DER_187,0.0
20,DER_188,0.0
20,DER_189,0.0
20,DER_190,0.0
20,DER_191,1.0
20,DER_192,1.0
20,DER_193,0.0
20,DER_194,1.0
20,DER_195,0.0
20,DER_196,0.0
20,DER_197,1.0
20,DER_198,1.0
20,DER_199,0.0
20,DER_200,0.0
20,DER_201,0.0
20,DER_202,0.0
20,DER_203,0.0
20,DER_204,0.0
20,DER_205,0.0
20,DER_206,0.0
20,DER_207,0.0
20,DER_208,0.0
20,DER_209,0.0
20,DER_210,0.0
20,DER_211,0.0
20,DER_212,1.0
20,DER_213,0.0
20,DER_214,1.0
20,DER_215,0.0
20,DER_216,0.0
20,DER_217,0.0
20,DER_218,0.0
20,DER_219,0.0
20,DER_220,1.0
20,DER_221,0.0
20,DER_222,1.0
20,DER_223,0.0
20,DER_224,1.0
20,DER_225,0.0
20,DER_226,0.0
20,DER_227,1.0
20,DER_228,1.0
20,DER_229,0.0
20,DER_230,0.0
20,DER_231,1.0
20,DER_232,0.0
20,DER_233,1.0
20,DER_234,0.0
20,DER_235,0.0
20,DER_236,1.0
20,DER_237,0.0
20,DER_238,0.0
20,DER_239,0.0
20,DER_240,0.0
20,DER_241,1.0
20,DER_242,1.0
20,DER_243,0.0
20,DER_244,1.0
20,DER_245,0.0
20,DER_246,1.0
20,DER_247,1.0
20,DER_248,0.0
20,DER_249,1.0
20,DER_250,0.0
20,DER_251,0.0
20,DER_252,1.0
20,DER_253,0.0
20,DER_254,0.0
20,DER_255,0.0
20,DER_256,0.0
20,DER_257,1.0
20,DER_258,0.0
20,DER_259,1.0
20,DER_260,0.0
20,DER_261,0.0
20,DER_262,0.0
20,DER_263,1.0
20,DER_264,0.0
20,DER_265,1.0
20,DER_266,0.0
20,DER_267,0.0
20,DER_268,0.0
20,DER_269,0.0
20,DER_270,1.0
20,DER_271,0.0
20,DER_272,0.0
20,DER_273,0.0
20,DER_274,1.0
20,DER_275,1.0
20,DER_276,1.0
20,DER_277,0.0
20,DER_278,1.0
20,DER_279,0.0
20,DER_280,0.0
20,DER_281,0.0
20,DER_282,0.0
20,DER_283,0.0
20,DER_284,0.0
20,DER_285,0.0
20,DER_286,1.0
20,DER_287,0.0
20,DER_288,0.0
20,DER_289,0.0
20,DER_290,0.0
20,DER_291,0.0
20,DER_292,0.0
20,DER_293,0.0
20,DER_294,0.0
20,DER_295,0.0
20,DER_296,1.0
20,DER_297,0.0
20,DER_298,0.0
20,DER_299,0.0
20,DER_300,1.0
20,DER_301,1.0
20,DER_302,1.0
20,DER_303,0.0
20,DER_304,0.0
20,DER_305,0.0
20,DER_306,0.0
20,DER_307,1.0
20,DER_308,1.0
20,DER_309,1.0
20,DER_310,1.0
20,DER_311,0.0
20,DER_312,1.0
20,DER_313,0.0
20,DER_314,1.0
20,DER_315,1.0
20,DER_316,0.0
20,DER_317,0.0
20,DER_318,0.0
20,DER_319,0.0
20,DER_320,0.0
20,DER_321,1.0
20,DER_322,0.0
20,DER_323,0.0
20,DER_324,0.0
20,DER_325,0.0
20,DER_326,1.0
20,DER_327,0.0
20,DER_328,1.0
20,DER_329,0.0
20,DER_330,1.0
20,DER_331,1.0
20,DER_332,0.0
20,DER_333,0.0
20,DER_334,0.0
20,DER_335,0.0
20,DER_336,1.0
20,DER_337,1.0
20,DER_338,1.0
20,DER_339,0.0
20,DER_340,0.0
20,DER_341,0.0
20,DER_342,1.0
20,DER_343,0.0
20,DER_344,1.0
20,DER_345,1.0
20,DER_346,1.0
20,DER_347,0.0
20,DER_348,0.0
20,DER_349,1.0
20,DER_350,0.0
20,DER_351,0.0
20,DER_352,1.0
20,DER_353,0.0
20,DER_354,1.0
20,DER_355,1.0
20,DER_356,0.0
20,DER_357,1.0
20,DER_358,1.0
20,DER_359,1.0
20,DER_360,0.0
20,DER_361,0.0
20,DER_362,0.0
20,DER_363,1.0
20,DER_364,1.0
20,DER_365,0.0
20,DER_366,1.0
20,DER_367,0.0
20,DER_368,0.0
20,DER_369,1.0
20,DER_370,1.0
20,DER_371,0.0
20,DER_372,0.0
20,DER_373,0.0
20,DER_374,0.0
20,DER_375,1.0
20,DER_376,0.0
20,DER_377,1.0
20,DER_378,0.0
20,DER_379,0.0
20,DER_380,0.0
20,DER_381,0.0
20,DER_382,0.0
20,DER_383,1.0
20,DER_384,0.0
20,DER_385,0.0
20,DER_386,0.0
20,DER_387,0.0
20,DER_388,0.0
20,DER_389,1.0
20,DER_390,0.0
20,DER_391,1.0
20,DER_392,0.0
20,DER_393,0.0
20,DER_394,0.0
20,DER_395,1.0
20,DER_396,1.0
20,DER_397,0.0
20,DER_398,0.0
20,DER_399,1.0
20,DER_400,0.0
20,DER_401,0.0
20,DER_402,0.0
20,DER_403,0.0
20,DER_404,0.0
20,DER_405,0.0
20,DER_406,0.0
20,DER_407,1.0
20,DER_408,0.0
20,DER_409,0.0
20,DER_410,0.0
20,DER_411,1.0
20,DER_412,1.0
20,DER_413,1.0
20,DER_414,1.0
20,DER_415,1.0
20,DER_416,0.0
20,DER_417,1.0
20,DER_418,0.0
20,DER_419,0.0
20,DER_420,0.0
20,DER_421,0.0
20,DER_422,0.0
20,DER_423,1.0
20,DER_424,0.0
20,DER_425,0.0
20,DER_426,1.0
20,DER_427,1.0
20,DER_428,0.0
20,DER_429,1.0
20,DER_430,0.0
20,DER_431,0.0
20,DER_432,0.0
20,DER_433,0.0
20,DER_434,1.0
20,DER_435,1.0
20,DER_436,0.0
20,DER_437,1.0
20,DER_438,0.0
20,DER_439,1.0
20,DER_440,1.0
20,DER_441,0.0
20,DER_442,1.0
20,DER_443,0.0
20,DER_444,0.0
20,DER_445,0.0
20,DER_446,1.0
20,DER_447,1.0
20,DER_448,0.0
20,DER_449,0.0
20,DER_450,1.0
21,DER_1,0.0
21,DER_2,1.0
21,DER_3,0.0
21,DER_4,0.0
21,DER_5,0.0
21,DER_6,1.0
21,DER_7,0.0
21,DER_8,0.0
21,DER_9,1.0
21,DER_10,0.0
21,DER_11,0.0
21,DER_12,0.0
21,DER_13,1.0
21,DER_14,0.0
21,DER_15,1.0
21,DER_16,1.0
21,DER_17,0.0
21,DER_18,0.0
21,DER_19,0.0
21,DER_20,0.0
21,DER_21,0.0
21,DER_22,0.0
21,DER_23,0.0
21,DER_24,1.0
21,DER_25,1.0
21,DER_26,0.0
21,DER_27,1.0
21,DER_28,0.0
21,DER_29,0.0
21,DER_30,1.0
21,DER_31,0.0
21,DER_32,1.0
21,DER_33,1.0
21,DER_34,0.0
21,DER_35,0.0
21,DER_36,1.0
21,DER_37,0.0
21,DER_38,1.0
21,DER_39,0.0
21,DER_40,1.0
21,DER_41,0.0
21,DER_42,1.0
21,DER_43,0.0
21,DER_44,1.0
21,DER_45,1.0
21,DER_46,0.0
21,DER_47,1.0
21,DER_48,1.0
21,DER_49,1.0
21,DER_50,0.0
21,DER_51,1.0
21,DER_52,0.0
21,DER_53,0.0
21,DER_54,0.0
21,DER_55,0.0
21,DER_56,0.0
21,DER_57,0.0
21,DER_58,0.0
21,DER_59,0.0
21,DER_60,1.0
21,DER_61,1.0
21,DER_62,0.0
21,DER_63,1.0
21,DER_64,0.0
21,DER_65,0.0
21,DER_66,0.0
21,DER_67,1.0
21,DER_68,0.0
21,DER_69,1.0
21,DER_70,0.0
21,DER_71,0.0
21,DER_72,1.0
21,DER_73,0.0
21,DER_74,0.0
21,DER_75,1.0
21,DER_76,0.0
21,DER_77,0.0
21,DER_78,1.0
21,DER_79,1.0
21,DER_80,0.0
21,DER_81,0.0
21,DER_82,1.0
21,DER_83,1.0
21,DER_84,0.0
21,DER_85,0.0
21,DER_86,1.0
21,DER_87,0.0
21,DER_88,0.0
21,DER_89,1.0
21,DER_90,0.0
21,DER_91,0.0
21,DER_92,0.0
21,DER_93,1.0
21,DER_94,1.0
21,DER_95,1.0
21,DER_96,0.0
21,DER_97,0.0
21,DER_98,1.0
21,DER_99,1.0
21,DER_100,0.0
21,DER_101,0.0
21,DER_102,0.0
21,DER_103,1.0
21,DER_104,1.0
21,DER_105,0.0
21,DER_106,1.0
21,DER_107,1.0
21,DER_108,0.0
21,DER_109,0.0
21,DER_110,1.0
21,DER_111,0.0
21,DER_112,1.0
21,DER_113,1.0
21,DER_114,1.0
21,DER_115,0.0
21,DER_116,0.0
21,DER_117,1.0
21,DER_118,1.0
21,DER_119,1.0
21,DER_120,0.0
21,DER_121,0.0
21,DER_122,0.0
21,DER_123,0.0
21,DER_124,0.0
21,DER_125,0.0
21,DER_126,0.0
21,DER_127,1.0
21,DER_128,0.0
21,DER_129,1.0
21,DER_130,0.0
21,DER_131,1.0
21,DER_132,0.0
21,DER_133,1.0
21,DER_134,0.0
21,DER_135,0.0
21,DER_136,0.0
21,DER_137,0.0
21,DER_138,0.0
21,DER_139,1.0
21,DER_140,0.0
21,DER_141,1.0
21,DER_142,0.0
21,DER_143,1.0
21,DER_144,0.0
21,DER_145,0.0
21,DER_146,0.0
21,DER_147,1.0
21,DER_148,1.0
21,DER_149,0.0
21,DER_150,1.0
21,DER_151,1.0
21,DER_152,1.0
21,DER_153,1.0
21,DER_154,0.0
21,DER_155,0.0
21,DER_156,0.0
21,DER_157,1.0
21,DER_158,0.0
21,DER_159,0.0
21,DER_160,0.0
21,DER_161,0.0
21,DER_162,0.0
21,DER_163,0.0
21,DER_164,0.0
21,DER_165,0.0
21,DER_166,1.0
21,DER_167,0.0
21,DER_168,0.0
21,DER_169,0.0
21,DER_170,0.0
21,DER_171,0.0
21,DER_172,1.0
21,DER_173,1.0
21,DER_174,1.0
21,DER_175,1.0
21,DER_176,0.0
21,DER_177,0.0
21,DER_178,1.0
21,DER_179,0.0
21,DER_180,0.0
21,DER_181,0.0
21,DER_182,0.0
21,DER_183,0.0
21,DER_184,0.0
21,DER_185,0.0
21,DER_186,1.0
21,DER_187,0.0
21,DER_188,0.0
21,DER_189,0.0
21,DER_190,0.0
21,DER_191,1.0
21,DER_192,1.0
21,DER_193,0.0
21,DER_194,1.0
21,DER_195,0.0
21,DER_196,0.0
21,DER_197,1.0
21,DER_198,1.0
21,DER_199,0.0
21,DER_200,0.0
21,DER_201,0.0
21,DER_202,0.0
21,DER_203,0.0
21,DER_204,0.0
21,DER_205,0.0
21,DER_206,0.0
21,DER_207,0.0
21,DER_208,0.0
21,DER_209,0.0
21,DER_210,0.0
21,DER_211,0.0
21,DER_212,1.0
21,DER_213,0.0
21,DER_214,1.0
21,DER_215,0.0
21,DER_216,0.0
21,DER_217,0.0
21,DER_218,0.0
21,DER_219,0.0
21,DER_220,1.0
21,DER_221,0.0
21,DER_222,1.0
21,DER_223,0.0
21,DER_224,1.0
21,DER_225,0.0
21,DER_226,0.0
21,DER_227,0.0
21,DER_228,1.0
21,DER_229,0.0
21,DER_230,0.0
21,DER_231,1.0
21,DER_232,0.0
21,DER_233,1.0
21,DER_234,0.0
21,DER_235,0.0
21,DER_236,1.0
21,DER_237,0.0
21,DER_238,0.0
21,DER_239,0.0
21,DER_240,0.0
21,DER_241,1.0
21,DER_242,1.0
21,DER_243,0.0
21,DER_244,1.0
21,DER_245,0.0
21,DER_246,0.0
21,DER_247,1.0
21,DER_248,0.0
21,DER_249,0.0
21,DER_250,0.0
21,DER_251,0.0
21,DER_252,1.0
21,DER_253,0.0
21,DER_254,0.0
21,DER_255,0.0
21,DER_256,0.0
21,DER_257,1.0
21,DER_258,0.0
21,DER_259,1.0
21,DER_260,0.0
21,DER_261,0.0
21,DER_262,0.0
21,DER_263,1.0
21,DER_264,0.0
21,DER_265,1.0
21,DER_266,0.0
21,DER_267,0.0
21,DER_268,0.0
21,DER_269,0.0
21,DER_270,1.0
21,DER_271,0.0
21,DER_272,0.0
21,DER_273,0.0
21,DER_274,1.0
21,DER_275,1.0
21,DER_276,1.0
21,DER_277,0.0
21,DER_278,1.0
21,DER_279,0.0
21,DER_280,0.0
21,DER_281,0.0
21,DER_282,0.0
21,DER_283,0.0
21,DER_284,0.0
21,DER_285,0.0
21,DER_286,1.0
21,DER_287,0.0
21,DER_288,0.0
21,DER_289,0.0
21,DER_290,0.0
21,DER_291,0.0
21,DER_292,0.0
21,DER_293,0.0
21,DER_294,0.0
21,DER_295,0.0
21,DER_296,1.0
21,DER_297,0.0
21,DER_298,0.0
21,DER_299,0.0
21,DER_300,1.0
21,DER_301,1.0
21,DER_302,1.0
21,DER_303,0.0
21,DER_304,0.0
21,DER_305,0.0
21,DER_306,0.0
21,DER_307,1.0
21,DER_308,1.0
21,DER_309,1.0
21,DER_310,1.0
21,DER_311,0.0
21,DER_312,1.0
21,DER_313,0.0
21,DER_314,0.0
21,DER_315,1.0
21,DER_316,0.0
21,DER_317,0.0
21,DER_318,0.0
21,DER_319,0.0
21,DER_320,0.0
21,DER_321,1.0
21,DER_322,0.0
21,DER_323,0.0
21,DER_324,0.0
21,DER_325,0.0
21,DER_326,1.0
21,DER_327,0.0
21,DER_328,1.0
21,DER_329,0.0
21,DER_330,1.0
21,DER_331,1.0
21,DER_332,0.0
21,DER_333,0.0
21,DER_334,0.0
21,DER_335,0.0
21,DER_336,1.0
21,DER_337,1.0
21,DER_338,1.0
21,DER_339,0.0
21,DER_340,0.0
21,DER_341,0.0
21,DER_342,1.0
21,DER_343,0.0
21,DER_344,1.0
21,DER_345,1.0
21,DER_346,1.0
21,DER_347,0.0
21,DER_348,0.0
21,DER_349,1.0
21,DER_350,0.0
21,DER_351,0.0
21,DER_352,1.0
21,DER_353,0.0
21,DER_354,1.0
21,DER_355,0.0
21,DER_356,0.0
21,DER_357,1.0
21,DER_358,1.0
21,DER_359,1.0
21,DER_360,0.0
21,DER_361,0.0
21,DER_362,0.0
21,DER_363,1.0
21,DER_364,1.0
21,DER_365,0.0
21,DER_366,1.0
21,DER_367,0.0
21,DER_368,0.0
21,DER_369,1.0
21,DER_370,1.0
21,DER_371,0.0
21,DER_372,0.0
21,DER_373,0.0
21,DER_374,0.0
21,DER_375,0.0
21,DER_376,0.0
21,DER_377,1.0
21,DER_378,0.0
21,DER_379,0.0
21,DER_380,0.0
21,DER_381,0.0
21,DER_382,0.0
21,DER_383,1.0
21,DER_384,0.0
21,DER_385,0.0
21,DER_386,0.0
21,DER_387,0.0
21,DER_388,0.0
21,DER_389,1.0
21,DER_390,0.0
21,DER_391,1.0
21,DER_392,0.0
21,DER_393,0.0
21,DER_394,0.0
21,DER_395,1.0
21,DER_396,1.0
21,DER_397,0.0
21,DER_398,0.0
21,DER_399,1.0
21,DER_400,0.0
21,DER_401,0.0
21,DER_402,0.0
21,DER_403,0.0
21,DER_404,0.0
21,DER_405,0.0
21,DER_406,0.0
21,DER_407,1.0
21,DER_408,0.0
21,DER_409,0.0
21,DER_410,0.0
21,DER_411,1.0
21,DER_412,0.0
21,DER_413,1.0
21,DER_414,1.0
21,DER_415,1.0
21,DER_416,0.0
21,DER_417,1.0
21,DER_418,0.0
21,DER_419,0.0
21,DER_420,0.0
21,DER_421,0.0
21,DER_422,0.0
21,DER_423,1.0
21,DER_424,0.0
21,DER_425,0.0
21,DER_426,1.0
21,DER_427,1.0
21,DER_428,0.0
21,DER_429,1.0
21,DER_430,0.0
21,DER_431,0.0
21,DER_432,0.0
21,DER_433,0.0
21,DER_434,1.0
21,DER_435,1.0
21,DER_436,0.0
21,DER_437,1.0
21,DER_438,0.0
21,DER_439,0.0
21,DER_440,1.0
21,DER_441,0.0
21,DER_442,1.0
21,DER_443,0.0
21,DER_444,0.0
21,DER_445,0.0
21,DER_446,1.0
21,DER_447,1.0
21,DER_448,0.0
21,DER_449,0.0
21,DER_450,1.0
22,DER_1,0.0
22,DER_2,1.0
22,DER_3,0.0
22,DER_4,0.0
22,DER_5,0.0
22,DER_6,1.0
22,DER_7,0.0
22,DER_8,0.0
22,DER_9,1.0
22,DER_10,0.0
22,DER_11,0.0
22,DER_12,0.0
22,DER_13,1.0
22,DER_14,0.0
22,DER_15,1.0
22,DER_16,1.0
22,DER_17,0.0
22,DER_18,0.0
22,DER_19,0.0
22,DER_20,0.0
22,DER_21,0.0
22,DER_22,0.0
22,DER_23,0.0
22,DER_24,1.0
22,DER_25,1.0
22,DER_26,0.0
22,DER_27,1.0
22,DER_28,0.0
22,DER_29,0.0
22,DER_30,1.0
22,DER_31,0.0
22,DER_32,1.0
22,DER_33,1.0
22,DER_34,0.0
22,DER_35,0.0
22,DER_36,1.0
22,DER_37,0.0
22,DER_38,1.0
22,DER_39,0.0
22,DER_40,1.0
22,DER_41,0.0
22,DER_42,1.0
22,DER_43,0.0
22,DER_44,1.0
22,DER_45,1.0
22,DER_46,0.0
22,DER_47,1.0
22,DER_48,1.0
22,DER_49,1.0
22,DER_50,0.0
22,DER_51,1.0
22,DER_52,0.0
22,DER_53,0.0
22,DER_54,0.0
22,DER_55,0.0
22,DER_56,0.0
22,DER_57,0.0
22,DER_58,0.0
22,DER_59,0.0
22,DER_60,1.0
22,DER_61,1.0
22,DER_62,0.0
22,DER_63,1.0
22,DER_64,1.0
22,DER_65,0.0
22,DER_66,0.0
22,DER_67,1.0
22,DER_68,0.0
22,DER_69,1.0
22,DER_70,0.0
22,DER_71,0.0
22,DER_72,1.0
22,DER_73,0.0
22,DER_74,0.0
22,DER_75,1.0
22,DER_76,0.0
22,DER_77,0.0
22,DER_78,1.0
22,DER_79,1.0
22,DER_80,0.0
22,DER_81,0.0
22,DER_82,1.0
22,DER_83,1.0
22,DER_84,0.0
22,DER_85,0.0
22,DER_86,1.0
22,DER_87,1.0
22,DER_88,0.0
22,DER_89,1.0
22,DER_90,0.0
22,DER_91,0.0
22,DER_92,0.0
22,DER_93,1.0
22,DER_94,1.0
22,DER_95,1.0
22,DER_96,0.0
22,DER_97,0.0
22,DER_98,1.0
22,DER_99,1.0
22,DER_100,0.0
22,DER_101,0.0
22,DER_102,0.0
22,DER_103,1.0
22,DER_104,1.0
22,DER_105,0.0
22,DER_106,1.0
22,DER_107,1.0
22,DER_108,0.0
22,DER_109,0.0
22,DER_110,1.0
22,DER_111,0.0
22,DER_112,1.0
22,DER_113,1.0
22,DER_114,1.0
22,DER_115,0.0
22,DER_116,0.0
22,DER_117,1.0
22,DER_118,1.0
22,DER_119,1.0
22,DER_120,0.0
22,DER_121,0.0
22,DER_122,0.0
22,DER_123,0.0
22,DER_124,0.0
22,DER_125,0.0
22,DER_126,0.0
22,DER_127,1.0
22,DER_128,0.0
22,DER_129,1.0
22,DER_130,0.0
22,DER_131,1.0
22,DER_132,1.0
22,DER_133,1.0
22,DER_134,0.0
22,DER_135,0.0
22,DER_136,0.0
22,DER_137,0.0
22,DER_138,0.0
22,DER_139,1.0
22,DER_140,0.0
22,DER_141,1.0
22,DER_142,1.0
22,DER_143,1.0
22,DER_144,0.0
22,DER_145,0.0
22,DER_146,0.0
22,DER_147,1.0
22,DER_148,1.0
22,DER_149,0.0
22,DER_150,1.0
22,DER_151,1.0
22,DER_152,1.0
22,DER_153,1.0
22,DER_154,0.0
22,DER_155,0.0
22,DER_156,0.0
22,DER_157,1.0
22,DER_158,0.0
22,DER_159,0.0
22,DER_160,0.0
22,DER_161,0.0
22,DER_162,0.0
22,DER_163,0.0
22,DER_164,0.0
22,DER_165,0.0
22,DER_166,1.0
22,DER_167,0.0
22,DER_168,0.0
22,DER_169,0.0
22,DER_170,0.0
22,DER_171,0.0
22,DER_172,1.0
22,DER_173,1.0
22,DER_174,1.0
22,DER_175,1.0
22,DER_176,0.0
22,DER_177,0.0
22,DER_178,1.0
22,DER_179,0.0
22,DER_180,0.0
22,DER_181,0.0
22,DER_182,0.0
22,DER_183,0.0
22,DER_184,0.0
22,DER_185,0.0
22,DER_186,1.0
22,DER_187,0.0
22,DER_188,0.0
22,DER_189,0.0
22,DER_190,0.0
22,DER_191,1.0
22,DER_192,1.0
22,DER_193,0.0
22,DER_194,1.0
22,DER_195,0.0
22,DER_196,0.0
22,DER_197,1.0
22,DER_198,1.0
22,DER_199,0.0
22,DER_200,0.0
22,DER_201,0.0
22,DER_202,0.0
22,DER_203,0.0
22,DER_204,0.0
22,DER_205,0.0
22,DER_206,0.0
22,DER_207,0.0
22,DER_208,0.0
22,DER_209,0.0
22,DER_210,0.0
22,DER_211,0.0
22,DER_212,1.0
22,DER_213,0.0
22,DER_214,1.0
22,DER_215,0.0
22,DER_216,0.0
22,DER_217,0.0
22,DER_218,0.0
22,DER_219,0.0
22,DER_220,1.0
22,DER_221,0.0
22,DER_222,1.0
22,DER_223,0.0
22,DER_224,1.0
22,DER_225,0.0
22,DER_226,0.0
22,DER_227,0.0
22,DER_228,1.0
22,DER_229,0.0
22,DER_230,0.0
22,DER_231,1.0
22,DER_232,0.0
22,DER_233,1.0
22,DER_234,0.0
22,DER_235,0.0
22,DER_236,1.0
22,DER_237,0.0
22,DER_238,0.0
22,DER_239,0.0
22,DER_240,0.0
22,DER_241,1.0
22,DER_242,1.0
22,DER_243,0.0
22,DER_244,1.0
22,DER_245,0.0
22,DER_246,0.0
22,DER_247,1.0
22,DER_248,0.0
22,DER_249,0.0
22,DER_250,0.0
22,DER_251,0.0
22,DER_252,1.0
22,DER_253,0.0
22,DER_254,0.0
22,DER_255,0.0
22,DER_256,0.0
22,DER_257,1.0
22,DER_258,0.0
22,DER_259,1.0
22,DER_260,0.0
22,DER_261,0.0
22,DER_262,0.0
22,DER_263,1.0
22,DER_264,0.0
22,DER_265,1.0
22,DER_266,0.0
22,DER_267,0.0
22,DER_268,0.0
22,DER_269,0.0
22,DER_270,1.0
22,DER_271,0.0
22,DER_272,0.0
22,DER_273,0.0
22,DER_274,1.0
22,DER_275,1.0
22,DER_276,1.0
22,DER_277,0.0
22,DER_278,1.0
22,DER_279,0.0
22,DER_280,0.0
22,DER_281,0.0
22,DER_282,0.0
22,DER_283,0.0
22,DER_284,1.0
22,DER_285,0.0
22,DER_286,1.0
22,DER_287,0.0
22,DER_288,0.0
22,DER_289,0.0
22,DER_290,0.0
22,DER_291,0.0
22,DER_292,0.0
22,DER_293,0.0
22,DER_294,0.0
22,DER_295,0.0
22,DER_296,1.0
22,DER_297,0.0
22,DER_298,0.0
22,DER_299,0.0
22,DER_300,1.0
22,DER_301,1.0
22,DER_302,1.0
22,DER_303,0.0
22,DER_304,0.0
22,DER_305,0.0
22,DER_306,0.0
22,DER_307,1.0
22,DER_308,1.0
22,DER_309,1.0
22,DER_310,1.0
22,DER_311,0.0
22,DER_312,1.0
22,DER_313,0.0
22,DER_314,0.0
22,DER_315,1.0
22,DER_316,0.0
22,DER_317,0.0
22,DER_318,0.0
22,DER_319,0.0
22,DER_320,0.0
22,DER_321,1.0
22,DER_322,0.0
22,DER_323,0.0
22,DER_324,0.0
22,DER_325,0.0
22,DER_326,1.0
22,DER_327,0.0
22,DER_328,1.0
22,DER_329,0.0
22,DER_330,1.0
22,DER_331,1.0
22,DER_332,0.0
22,DER_333,0.0
22,DER_334,0.0
22,DER_335,0.0
22,DER_336,1.0
22,DER_337,1.0
22,DER_338,1.0
22,DER_339,0.0
22,DER_340,0.0
22,DER_341,0.0
22,DER_342,1.0
22,DER_343,0.0
22,DER_344,1.0
22,DER_345,1.0
22,DER_346,1.0
22,DER_347,0.0
22,DER_348,0.0
22,DER_349,1.0
22,DER_350,0.0
22,DER_351,0.0
22,DER_352,1.0
22,DER_353,1.0
22,DER_354,1.0
22,DER_355,0.0
22,DER_356,0.0
22,DER_357,1.0
22,DER_358,1.0
22,DER_359,1.0
22,DER_360,0.0
22,DER_361,0.0
22,DER_362,0.0
22,DER_363,1.0
22,DER_364,1.0
22,DER_365,0.0
22,DER_366,1.0
22,DER_367,0.0
22,DER_368,0.0
22,DER_369,1.0
22,DER_370,1.0
22,DER_371,0.0
22,DER_372,0.0
22,DER_373,0.0
22,DER_374,0.0
22,DER_375,0.0
22,DER_376,0.0
22,DER_377,1.0
22,DER_378,0.0
22,DER_379,0.0
22,DER_380,0.0
22,DER_381,0.0
22,DER_382,0.0
22,DER_383,1.0
22,DER_384,0.0
22,DER_385,0.0
22,DER_386,0.0
22,DER_387,0.0
22,DER_388,0.0
22,DER_389,1.0
22,DER_390,0.0
22,DER_391,1.0
22,DER_392,0.0
22,DER_393,0.0
22,DER_394,0.0
22,DER_395,1.0
22,DER_396,1.0
22,DER_397,0.0
22,DER_398,0.0
22,DER_399,1.0
22,DER_400,0.0
22,DER_401,0.0
22,DER_402,0.0
22,DER_403,0.0
22,DER_404,0.0
22,DER_405,0.0
22,DER_406,0.0
22,DER_407,1.0
22,DER_408,0.0
22,DER_409,0.0
22,DER_410,0.0
22,DER_411,1.0
22,DER_412,0.0
22,DER_413,1.0
22,DER_414,1.0
22,DER_415,1.0
22,DER_416,0.0
22,DER_417,1.0
22,DER_418,0.0
22,DER_419,0.0
22,DER_420,0.0
22,DER_421,0.0
22,DER_422,0.0
22,DER_423,1.0
22,DER_424,0.0
22,DER_425,0.0
22,DER_426,1.0
22,DER_427,1.0
22,DER_428,0.0
22,DER_429,1.0
22,DER_430,0.0
22,DER_431,0.0
22,DER_432,0.0
22,DER_433,0.0
22,DER_434,1.0
22,DER_435,1.0
22,DER_436,0.0
22,DER_437,1.0
22,DER_438,0.0
22,DER_439,0.0
22,DER_440,1.0
22,DER_441,0.0
22,DER_442,1.0
22,DER_443,0.0
22,DER_444,0.0
22,DER_445,0.0
22,DER_446,1.0
22,DER_447,1.0
22,DER_448,0.0
22,DER_449,0.0
22,DER_450,1.0
23,DER_1,0.0
23,DER_2,1.0
23,DER_3,0.0
23,DER_4,0.0
23,DER_5,0.0
23,DER_6,1.0
23,DER_7,0.0
23,DER_8,0.0
23,DER_9,1.0
23,DER_10,0.0
23,DER_11,0.0
23,DER_12,0.0
23,DER_13,1.0
23,DER_14,0.0
23,DER_15,1.0
23,DER_16,1.0
23,DER_17,0.0
23,DER_18,0.0
23,DER_19,0.0
23,DER_20,0.0
23,DER_21,0.0
23,DER_22,0.0
23,DER_23,0.0
23,DER_24,1.0
23,DER_25,1.0
23,DER_26,0.0
23,DER_27,1.0
23,DER_28,0.0
23,DER_29,0.0
23,DER_30,1.0
23,DER_31,0.0
23,DER_32,1.0
23,DER_33,1.0
23,DER_34,0.0
23,DER_35,0.0
23,DER_36,1.0
23,DER_37,0.0
23,DER_38,1.0
23,DER_39,0.0
23,DER_40,0.0
23,DER_41,0.0
23,DER_42,1.0
23,DER_43,0.0
23,DER_44,1.0
23,DER_45,1.0
23,DER_46,0.0
23,DER_47,1.0
23,DER_48,1.0
23,DER_49,1.0
23,DER_50,0.0
23,DER_51,1.0
23,DER_52,0.0
23,DER_53,0.0
23,DER_54,0.0
23,DER_55,0.0
23,DER_56,0.0
23,DER_57,0.0
23,DER_58,0.0
23,DER_59,0.0
23,DER_60,1.0
23,DER_61,1.0
23,DER_62,0.0
23,DER_63,1.0
23,DER_64,1.0
23,DER_65,0.0
23,DER_66,0.0
23,DER_67,1.0
23,DER_68,0.0
23,DER_69,1.0
23,DER_70,0.0
23,DER_71,0.0
23,DER_72,0.0
23,DER_73,0.0
23,DER_74,0.0
23,DER_75,1.0
23,DER_76,0.0
23,DER_77,0.0
23,DER_78,1.0
23,DER_79,1.0
23,DER_80,0.0
23,DER_81,0.0
23,DER_82,1.0
23,DER_83,1.0
23,DER_84,0.0
23,DER_85,0.0
23,DER_86,1.0
23,DER_87,1.0
23,DER_88,0.0
23,DER_89,1.0
23,DER_90,0.0
23,DER_91,0.0
23,DER_92,0.0
23,DER_93,1.0
23,DER_94,1.0
23,DER_95,1.0
23,DER_96,0.0
23,DER_97,0.0
23,DER_98,1.0
23,DER_99,0.0
23,DER_100,0.0
23,DER_101,0.0
23,DER_102,0.0
23,DER_103,1.0
23,DER_104,1.0
23,DER_105,0.0
23,DER_106,1.0
23,DER_107,1.0
23,DER_108,0.0
23,DER_109,0.0
23,DER_110,1.0
23,DER_111,0.0
23,DER_112,1.0
23,DER_113,1.0
23,DER_114,1.0
23,DER_115,0.0
23,DER_116,0.0
23,DER_117,1.0
23,DER_118,0.0
23,DER_119,0.0
23,DER_120,0.0
23,DER_121,0.0
23,DER_122,0.0
23,DER_123,0.0
23,DER_124,0.0
23,DER_125,0.0
23,DER_126,0.0
23,DER_127,1.0
23,DER_128,0.0
23,DER_129,1.0
23,DER_130,0.0
23,DER_131,1.0
23,DER_132,1.0
23,DER_133,1.0
23,DER_134,0.0
23,DER_135,0.0
23,DER_136,0.0
23,DER_137,0.0
23,DER_138,0.0
23,DER_139,1.0
23,DER_140,0.0
23,DER_141,1.0
23,DER_142,1.0
23,DER_143,1.0
23,DER_144,0.0
23,DER_145,0.0
23,DER_146,0.0
23,DER_147,1.0
23,DER_148,1.0
23,DER_149,0.0
23,DER_150,1.0
23,DER_151,1.0
23,DER_152,1.0
23,DER_153,0.0
23,DER_154,0.0
23,DER_155,0.0
23,DER_156,0.0
23,DER_157,1.0
23,DER_158,0.0
23,DER_159,0.0
23,DER_160,0.0
23,DER_161,0.0
23,DER_162,0.0
23,DER_163,0.0
23,DER_164,0.0
23,DER_165,0.0
23,DER_166,1.0
23,DER_167,0.0
23,DER_168,0.0
23,DER_169,0.0
23,DER_170,0.0
23,DER_171,0.0
23,DER_172,1.0
23,DER_173,1.0
23,DER_174,1.0
23,DER_175,1.0
23,DER_176,0.0
23,DER_177,0.0
23,DER_178,1.0
23,DER_179,0.0
23,DER_180,0.0
23,DER_181,0.0
23,DER_182,0.0
23,DER_183,0.0
23,DER_184,0.0
23,DER_185,0.0
23,DER_186,1.0
23,DER_187,0.0
23,DER_188,0.0
23,DER_189,0.0
23,DER_190,0.0
23,DER_191,1.0
23,DER_192,0.0
23,DER_193,0.0
23,DER_194,1.0
23,DER_195,0.0
23,DER_196,0.0
23,DER_197,1.0
23,DER_198,1.0
23,DER_199,0.0
23,DER_200,0.0
23,DER_201,0.0
23,DER_202,0.0
23,DER_203,0.0
23,DER_204,0.0
23,DER_205,0.0
23,DER_206,0.0
23,DER_207,0.0
23,DER_208,0.0
23,DER_209,0.0
23,DER_210,0.0
23,DER_211,0.0
23,DER_212,1.0
23,DER_213,0.0
23,DER_214,1.0
23,DER_215,0.0
23,DER_216,0.0
23,DER_217,0.0
23,DER_218,0.0
23,DER_219,0.0
23,DER_220,1.0
23,DER_221,0.0
23,DER_222,0.0
23,DER_223,0.0
23,DER_224,1.0
23,DER_225,0.0
23,DER_226,0.0
23,DER_227,0.0
23,DER_228,1.0
23,DER_229,0.0
23,DER_230,0.0
23,DER_231,1.0
23,DER_232,0.0
23,DER_233,1.0
23,DER_234,0.0
23,DER_235,0.0
23,DER_236,1.0
23,DER_237,0.0
23,DER_238,0.0
23,DER_239,0.0
23,DER_240,0.0
23,DER_241,1.0
23,DER_242,1.0
23,DER_243,0.0
23,DER_244,1.0
23,DER_245,0.0
23,DER_246,0.0
23,DER_247,1.0
23,DER_248,0.0
23,DER_249,0.0
23,DER_250,0.0
23,DER_251,0.0
23,DER_252,0.0
23,DER_253,0.0
23,DER_254,0.0
23,DER_255,0.0
23,DER_256,0.0
23,DER_257,1.0
23,DER_258,0.0
23,DER_259,1.0
23,DER_260,0.0
23,DER_261,0.0
23,DER_262,0.0
23,DER_263,1.0
23,DER_264,0.0
23,DER_265,1.0
23,DER_266,0.0
23,DER_267,0.0
23,DER_268,0.0
23,DER_269,0.0
23,DER_270,1.0
23,DER_271,0.0
23,DER_272,0.0
23,DER_273,0.0
23,DER_274,1.0
23,DER_275,1.0
23,DER_276,1.0
23,DER_277,0.0
23,DER_278,1.0
23,DER_279,0.0
23,DER_280,0.0
23,DER_281,0.0
23,DER_282,0.0
23,DER_283,0.0
23,DER_284,1.0
23,DER_285,0.0
23,DER_286,1.0
23,DER_287,0.0
23,DER_288,0.0
23,DER_289,0.0
23,DER_290,0.0
23,DER_291,0.0
23,DER_292,0.0
23,DER_293,0.0
23,DER_294,0.0
23,DER_295,0.0
23,DER_296,1.0
23,DER_297,0.0
23,DER_298,0.0
23,DER_299,0.0
23,DER_300,1.0
23,DER_301,1.0
23,DER_302,1.0
23,DER_303,0.0
23,DER_304,0.0
23,DER_305,0.0
23,DER_306,0.0
23,DER_307,1.0
23,DER_308,0.0
23,DER_309,1.0
23,DER_310,1.0
23,DER_311,0.0
23,DER_312,1.0
23,DER_313,0.0
23,DER_314,0.0
23,DER_315,1.0
23,DER_316,0.0
23,DER_317,0.0
23,DER_318,0.0
23,DER_319,0.0
23,DER_320,0.0
23,DER_321,1.0
23,DER_322,0.0
23,DER_323,0.0
23,DER_324,0.0
23,DER_325,0.0
23,DER_326,1.0
23,DER_327,0.0
23,DER_328,1.0
23,DER_329,0.0
23,DER_330,1.0
23,DER_331,1.0
23,DER_332,0.0
23,DER_333,0.0
23,DER_334,0.0
23,DER_335,0.0
23,DER_336,1.0
23,DER_337,1.0
23,DER_338,1.0
23,DER_339,0.0
23,DER_340,0.0
23,DER_341,0.0
23,DER_342,1.0
23,DER_343,0.0
23,DER_344,1.0
23,DER_345,0.0
23,DER_346,1.0
23,DER_347,0.0
23,DER_348,0.0
23,DER_349,1.0
23,DER_350,0.0
23,DER_351,0.0
23,DER_352,1.0
23,DER_353,1.0
23,DER_354,1.0
23,DER_355,0.0
23,DER_356,0.0
23,DER_357,1.0
23,DER_358,1.0
23,DER_359,1.0
23,DER_360,0.0
23,DER_361,0.0
23,DER_362,0.0
23,DER_363,1.0
23,DER_364,1.0
23,DER_365,0.0
23,DER_366,1.0
23,DER_367,0.0
23,DER_368,0.0
23,DER_369,1.0
23,DER_370,1.0
23,DER_371,0.0
23,DER_372,0.0
23,DER_373,0.0
23,DER_374,0.0
23,DER_375,0.0
23,DER_376,0.0
23,DER_377,1.0
23,DER_378,0.0
23,DER_379,0.0
23,DER_380,0.0
23,DER_381,0.0
23,DER_382,0.0
23,DER_383,1.0
23,DER_384,0.0
23,DER_385,0.0
23,DER_386,0.0
23,DER_387,0.0
23,DER_388,0.0
23,DER_389,1.0
23,DER_390,0.0
23,DER_391,1.0
23,DER_392,0.0
23,DER_393,0.0
23,DER_394,0.0
23,DER_395,1.0
23,DER_396,1.0
23,DER_397,0.0
23,DER_398,0.0
23,DER_399,1.0
23,DER_400,0.0
23,DER_401,0.0
23,DER_402,0.0
23,DER_403,0.0
23,DER_404,0.0
23,DER_405,0.0
23,DER_406,0.0
23,DER_407,1.0
23,DER_408,0.0
23,DER_409,0.0
23,DER_410,0.0
23,DER_411,1.0
23,DER_412,0.0
23,DER_413,1.0
23,DER_414,1.0
23,DER_415,0.0
23,DER_416,0.0
23,DER_417,1.0
23,DER_418,0.0
23,DER_419,0.0
23,DER_420,0.0
23,DER_421,0.0
23,DER_422,0.0
23,DER_423,0.0
23,DER_424,0.0
23,DER_425,0.0
23,DER_426,1.0
23,DER_427,1.0
23,DER_428,0.0
23,DER_429,1.0
23,DER_430,0.0
23,DER_431,0.0
23,DER_432,0.0
23,DER_433,0.0
23,DER_434,1.0
23,DER_435,1.0
23,DER_436,0.0
23,DER_437,1.0
23,DER_438,0.0
23,DER_439,0.0
23,DER_440,1.0
23,DER_441,0.0
23,DER_442,0.0
23,DER_443,0.0
23,DER_444,0.0
23,DER_445,0.0
23,DER_446,1.0
23,DER_447,1.0
23,DER_448,0.0
23,DER_449,0.0
23,DER_450,1.0
24,DER_1,0.0
24,DER_2,1.0
24,DER_3,0.0
24,DER_4,0.0
24,DER_5,0.0
24,DER_6,1.0
24,DER_7,0.0
24,DER_8,0.0
24,DER_9,1.0
24,DER_10,0.0
24,DER_11,0.0
24,DER_12,0.0
24,DER_13,1.0
24,DER_14,0.0
24,DER_15,1.0
24,DER_16,1.0
24,DER_17,0.0
24,DER_18,0.0
24,DER_19,0.0
24,DER_20,0.0
24,DER_21,0.0
24,DER_22,0.0
24,DER_23,0.0
24,DER_24,1.0
24,DER_25,1.0
24,DER_26,0.0
24,DER_27,1.0
24,DER_28,0.0
24,DER_29,0.0
24,DER_30,1.0
24,DER_31,0.0
24,DER_32,1.0
24,DER_33,1.0
24,DER_34,0.0
24,DER_35,0.0
24,DER_36,1.0
24,DER_37,0.0
24,DER_38,1.0
24,DER_39,0.0
24,DER_40,0.0
24,DER_41,0.0
24,DER_42,1.0
24,DER_43,0.0
24,DER_44,1.0
24,DER_45,1.0
24,DER_46,0.0
24,DER_47,1.0
24,DER_48,1.0
24,DER_49,1.0
24,DER_50,0.0
24,DER_51,1.0
24,DER_52,0.0
24,DER_53,0.0
24,DER_54,0.0
24,DER_55,0.0
24,DER_56,0.0
24,DER_57,0.0
24,DER_58,0.0
24,DER_59,0.0
24,DER_60,1.0
24,DER_61,1.0
24,DER_62,0.0
24,DER_63,1.0
24,DER_64,1.0
24,DER_65,0.0
24,DER_66,0.0
24,DER_67,1.0
24,DER_68,0.0
24,DER_69,1.0
24,DER_70,0.0
24,DER_71,0.0
24,DER_72,0.0
24,DER_73,0.0
24,DER_74,0.0
24,DER_75,1.0
24,DER_76,0.0
24,DER_77,0.0
24,DER_78,1.0
24,DER_79,1.0
24,DER_80,0.0
24,DER_81,0.0
24,DER_82,1.0
24,DER_83,1.0
24,DER_84,0.0
24,DER_85,0.0
24,DER_86,1.0
24,DER_87,1.0
24,DER_88,0.0
24,DER_89,1.0
24,DER_90,0.0
24,DER_91,0.0
24,DER_92,0.0
24,DER_93,1.0
24,DER_94,1.0
24,DER_95,1.0
24,DER_96,0.0
24,DER_97,0.0
24,DER_98,1.0
24,DER_99,0.0
24,DER_100,0.0
24,DER_101,0.0
24,DER_102,0.0
24,DER_103,1.0
24,DER_104,1.0
24,DER_105,0.0
24,DER_106,1.0
24,DER_107,1.0
24,DER_108,0.0
24,DER_109,0.0
24,DER_110,1.0
24,DER_111,0.0
24,DER_112,1.0
24,DER_113,1.0
24,DER_114,1.0
24,DER_115,0.0
24,DER_116,0.0
24,DER_117,1.0
24,DER_118,0.0
24,DER_119,0.0
24,DER_120,0.0
24,DER_121,0.0
24,DER_122,0.0
24,DER_123,0.0
24,DER_124,0.0
24,DER_125,0.0
24,DER_126,0.0
24,DER_127,1.0
24,DER_128,0.0
24,DER_129,1.0
24,DER_130,0.0
24,DER_131,1.0
24,DER_132,1.0
24,DER_133,1.0
24,DER_134,1.0
24,DER_135,0.0
24,DER_136,0.0
24,DER_137,0.0
24,DER_138,0.0
24,DER_139,1.0
24,DER_140,0.0
24,DER_141,1.0
24,DER_142,1.0
24,DER_143,1.0
24,DER_144,0.0
24,DER_145,0.0
24,DER_146,0.0
24,DER_147,1.0
24,DER_148,1.0
24,DER_149,0.0
24,DER_150,1.0
24,DER_151,1.0
24,DER_152,1.0
24,DER_153,0.0
24,DER_154,0.0
24,DER_155,0.0
24,DER_156,0.0
24,DER_157,1.0
24,DER_158,0.0
24,DER_159,0.0
24,DER_160,0.0
24,DER_161,1.0
24,DER_162,0.0
24,DER_163,0.0
24,DER_164,0.0
24,DER_165,0.0
24,DER_166,1.0
24,DER_167,0.0
24,DER_168,0.0
24,DER_169,0.0
24,DER_170,0.0
24,DER_171,0.0
24,DER_172,1.0
24,DER_173,1.0
24,DER_174,1.0
24,DER_175,1.0
24,DER_176,0.0
24,DER_177,0.0
24,DER_178,1.0
24,DER_179,0.0
24,DER_180,0.0
24,DER_181,0.0
24,DER_182,0.0
24,DER_183,0.0
24,DER_184,0.0
24,DER_185,1.0
24,DER_186,1.0
24,DER_187,0.0
24,DER_188,0.0
24,DER_189,0.0
24,DER_190,0.0
24,DER_191,1.0
24,DER_192,0.0
24,DER_193,0.0
24,DER_194,1.0
24,DER_195,0.0
24,DER_196,0.0
24,DER_197,1.0
24,DER_198,1.0
24,DER_199,0.0
24,DER_200,0.0
24,DER_201,0.0
24,DER_202,0.0
24,DER_203,0.0
24,DER_204,0.0
24,DER_205,0.0
24,DER_206,0.0
24,DER_207,0.0
24,DER_208,0.0
24,DER_209,0.0
24,DER_210,0.0
24,DER_211,0.0
24,DER_212,1.0
24,DER_213,0.0
24,DER_214,1.0
24,DER_215,1.0
24,DER_216,0.0
24,DER_217,0.0
24,DER_218,0.0
24,DER_219,0.0
24,DER_220,1.0
24,DER_221,0.0
24,DER_222,0.0
24,DER_223,0.0
24,DER_224,1.0
24,DER_225,0.0
24,DER_226,0.0
24,DER_227,0.0
24,DER_228,1.0
24,DER_229,0.0
24,DER_230,0.0
24,DER_231,1.0
24,DER_232,0.0
24,DER_233,1.0
24,DER_234,0.0
24,DER_235,0.0
24,DER_236,1.0
24,DER_237,0.0
24,DER_238,0.0
24,DER_239,0.0
24,DER_240,0.0
24,DER_241,1.0
24,DER_242,1.0
24,DER_243,0.0
24,DER_244,1.0
24,DER_245,0.0
24,DER_246,0.0
24,DER_247,1.0
24,DER_248,1.0
24,DER_249,0.0
24,DER_250,0.0
24,DER_251,0.0
24,DER_252,0.0
24,DER_253,0.0
24,DER_254,0.0
24,DER_255,0.0
24,DER_256,0.0
24,DER_257,1.0
24,DER_258,0.0
24,DER_259,1.0
24,DER_260,0.0
24,DER_261,0.0
24,DER_262,0.0
24,DER_263,1.0
24,DER_264,0.0
24,DER_265,1.0
24,DER_266,0.0
24,DER_267,0.0
24,DER_268,0.0
24,DER_269,0.0
24,DER_270,1.0
24,DER_271,0.0
24,DER_272,0.0
24,DER_273,0.0
24,DER_274,1.0
24,DER_275,1.0
24,DER_276,1.0
24,DER_277,0.0
24,DER_278,1.0
24,DER_279,0.0
24,DER_280,0.0
24,DER_281,0.0
24,DER_282,0.0
24,DER_283,0.0
24,DER_284,1.0
24,DER_285,0.0
24,DER_286,1.0
24,DER_287,0.0
24,DER_288,0.0
24,DER_289,0.0
24,DER_290,0.0
24,DER_291,0.0
24,DER_292,0.0
24,DER_293,0.0
24,DER_294,0.0
24,DER_295,0.0
24,DER_296,1.0
24,DER_297,0.0
24,DER_298,0.0
24,DER_299,0.0
24,DER_300,1.0
24,DER_301,1.0
24,DER_302,1.0
24,DER_303,0.0
24,DER_304,0.0
24,DER_305,0.0
24,DER_306,0.0
24,DER_307,1.0
24,DER_308,0.0
24,DER_309,1.0
24,DER_310,1.0
24,DER_311,0.0
24,DER_312,1.0
24,DER_313,0.0
24,DER_314,0.0
24,DER_315,1.0
24,DER_316,0.0
24,DER_317,0.0
24,DER_318,0.0
24,DER_319,0.0
24,DER_320,0.0
24,DER_321,1.0
24,DER_322,0.0
24,DER_323,0.0
24,DER_324,0.0
24,DER_325,0.0
24,DER_326,1.0
24,DER_327,0.0
24,DER_328,1.0
24,DER_329,0.0
24,DER_330,1.0
24,DER_331,1.0
24,DER_332,0.0
24,DER_333,0.0
24,DER_334,0.0
24,DER_335,0.0
24,DER_336,1.0
24,DER_337,1.0
24,DER_338,1.0
24,DER_339,0.0
24,DER_340,0.0
24,DER_341,0.0
24,DER_342,1.0
24,DER_343,0.0
24,DER_344,1.0
24,DER_345,0.0
24,DER_346,1.0
24,DER_347,0.0
24,DER_348,0.0
24,DER_349,1.0
24,DER_350,0.0
24,DER_351,0.0
24,DER_352,1.0
24,DER_353,1.0
24,DER_354,1.0
24,DER_355,0.0
24,DER_356,0.0
24,DER_357,1.0
24,DER_358,1.0
24,DER_359,1.0
24,DER_360,0.0
24,DER_361,0.0
24,DER_362,0.0
24,DER_363,1.0
24,DER_364,1.0
24,DER_365,0.0
24,DER_366,1.0
24,DER_367,0.0
24,DER_368,0.0
24,DER_369,1.0
24,DER_370,1.0
24,DER_371,0.0
24,DER_372,0.0
24,DER_373,0.0
24,DER_374,0.0
24,DER_375,0.0
24,DER_376,0.0
24,DER_377,1.0
24,DER_378,0.0
24,DER_379,0.0
24,DER_380,0.0
24,DER_381,0.0
24,DER_382,0.0
24,DER_383,1.0
24,DER_384,0.0
24,DER_385,0.0
24,DER_386,0.0
24,DER_387,0.0
24,DER_388,0.0
24,DER_389,1.0
24,DER_390,0.0
24,DER_391,1.0
24,DER_392,1.0
24,DER_393,0.0
24,DER_394,1.0
24,DER_395,1.0
24,DER_396,1.0
24,DER_397,0.0
24,DER_398,0.0
24,DER_399,1.0
24,DER_400,0.0
24,DER_401,0.0
24,DER_402,0.0
24,DER_403,0.0
24,DER_404,0.0
24,DER_405,0.0
24,DER_406,0.0
24,DER_407,1.0
24,DER_408,0.0
24,DER_409,1.0
24,DER_410,0.0
24,DER_411,1.0
24,DER_412,0.0
24,DER_413,1.0
24,DER_414,1.0
24,DER_415,0.0
24,DER_416,0.0
24,DER_417,1.0
24,DER_418,0.0
24,DER_419,0.0
24,DER_420,0.0
24,DER_421,0.0
24,DER_422,0.0
24,DER_423,0.0
24,DER_424,0.0
24,DER_425,0.0
24,DER_426,1.0
24,DER_427,1.0
24,DER_428,0.0
24,DER_429,1.0
24,DER_430,0.0
24,DER_431,0.0
24,DER_432,0.0
24,DER_433,0.0
24,DER_434,1.0
24,DER_435,1.0
24,DER_436,0.0
24,DER_437,1.0
24,DER_438,0.0
24,DER_439,0.0
24,DER_440,1.0
24,DER_441,0.0
24,DER_442,0.0
24,DER_443,0.0
24,DER_444,0.0
24,DER_445,0.0
24,DER_446,1.0
24,DER_447,1.0
24,DER_448,0.0
24,DER_449,0.0
24,DER_450,1.0
25,DER_1,0.0
25,DER_2,1.0
25,DER_3,0.0
25,DER_4,0.0
25,DER_5,0.0
25,DER_6,1.0
25,DER_7,0.0
25,DER_8,0.0
25,DER_9,1.0
25,DER_10,0.0
25,DER_11,0.0
25,DER_12,0.0
25,DER_13,1.0
25,DER_14,0.0
25,DER_15,1.0
25,DER_16,1.0
25,DER_17,0.0
25,DER_18,0.0
25,DER_19,0.0
25,DER_20,0.0
25,DER_21,0.0
25,DER_22,0.0
25,DER_23,0.0
25,DER_24,1.0
25,DER_25,1.0
25,DER_26,0.0
25,DER_27,1.0
25,DER_28,0.0
25,DER_29,0.0
25,DER_30,1.0
25,DER_31,0.0
25,DER_32,1.0
25,DER_33,1.0
25,DER_34,0.0
25,DER_35,0.0
25,DER_36,1.0
25,DER_37,0.0
25,DER_38,1.0
25,DER_39,0.0
25,DER_40,0.0
25,DER_41,0.0
25,DER_42,1.0
25,DER_43,0.0
25,DER_44,1.0
25,DER_45,1.0
25,DER_46,0.0
25,DER_47,1.0
25,DER_48,1.0
25,DER_49,1.0
25,DER_50,0.0
25,DER_51,1.0
25,DER_52,0.0
25,DER_53,0.0
25,DER_54,0.0
25,DER_55,0.0
25,DER_56,0.0
25,DER_57,0.0
25,DER_58,0.0
25,DER_59,0.0
25,DER_60,1.0
25,DER_61,1.0
25,DER_62,0.0
25,DER_63,1.0
25,DER_64,1.0
25,DER_65,0.0
25,DER_66,0.0
25,DER_67,1.0
25,DER_68,0.0
25,DER_69,1.0
25,DER_70,0.0
25,DER_71,0.0
25,DER_72,0.0
25,DER_73,0.0
25,DER_74,0.0
25,DER_75,1.0
25,DER_76,0.0
25,DER_77,0.0
25,DER_78,1.0
25,DER_79,1.0
25,DER_80,0.0
25,DER_81,0.0
25,DER_82,1.0
25,DER_83,1.0
25,DER_84,0.0
25,DER_85,0.0
25,DER_86,1.0
25,DER_87,1.0
25,DER_88,0.0
25,DER_89,1.0
25,DER_90,0.0
25,DER_91,0.0
25,DER_92,0.0
25,DER_93,0.0
25,DER_94,1.0
25,DER_95,1.0
25,DER_96,0.0
25,DER_97,0.0
25,DER_98,1.0
25,DER_99,0.0
25,DER_100,0.0
25,DER_101,0.0
25,DER_102,0.0
25,DER_103,1.0
25,DER_104,1.0
25,DER_105,0.0
25,DER_106,1.0
25,DER_107,1.0
25,DER_108,0.0
25,DER_109,0.0
25,DER_110,1.0
25,DER_111,0.0
25,DER_112,1.0
25,DER_113,1.0
25,DER_114,1.0
25,DER_115,0.0
25,DER_116,0.0
25,DER_117,1.0
25,DER_118,0.0
25,DER_119,0.0
25,DER_120,0.0
25,DER_121,0.0
25,DER_122,0.0
25,DER_123,0.0
25,DER_124,0.0
25,DER_125,0.0
25,DER_126,0.0
25,DER_127,1.0
25,DER_128,0.0
25,DER_129,1.0
25,DER_130,0.0
25,DER_131,1.0
25,DER_132,1.0
25,DER_133,1.0
25,DER_134,1.0
25,DER_135,0.0
25,DER_136,0.0
25,DER_137,0.0
25,DER_138,0.0
25,DER_139,1.0
25,DER_140,0.0
25,DER_141,0.0
25,DER_142,1.0
25,DER_143,1.0
25,DER_144,0.0
25,DER_145,0.0
25,DER_146,0.0
25,DER_147,1.0
25,DER_148,1.0
25,DER_149,0.0
25,DER_150,1.0
25,DER_151,1.0
25,DER_152,1.0
25,DER_153,0.0
25,DER_154,0.0
25,DER_155,0.0
25,DER_156,0.0
25,DER_157,1.0
25,DER_158,0.0
25,DER_159,0.0
25,DER_160,0.0
25,DER_161,1.0
25,DER_162,0.0
25,DER_163,0.0
25,DER_164,0.0
25,DER_165,0.0
25,DER_166,1.0
25,DER_167,0.0
25,DER_168,0.0
25,DER_169,0.0
25,DER_170,0.0
25,DER_171,0.0
25,DER_172,1.0
25,DER_173,1.0
25,DER_174,1.0
25,DER_175,1.0
25,DER_176,0.0
25,DER_177,0.0
25,DER_178,1.0
25,DER_179,0.0
25,DER_180,0.0
25,DER_181,0.0
25,DER_182,0.0
25,DER_183,0.0
25,DER_184,0.0
25,DER_185,1.0
25,DER_186,1.0
25,DER_187,0.0
25,DER_188,0.0
25,DER_189,0.0
25,DER_190,0.0
25,DER_191,1.0
25,DER_192,0.0
25,DER_193,0.0
25,DER_194,1.0
25,DER_195,0.0
25,DER_196,0.0
25,DER_197,1.0
25,DER_198,0.0
25,DER_199,0.0
25,DER_200,0.0
25,DER_201,0.0
25,DER_202,0.0
25,DER_203,0.0
25,DER_204,0.0
25,DER_205,0.0
25,DER_206,0.0
25,DER_207,0.0
25,DER_208,0.0
25,DER_209,0.0
25,DER_210,0.0
25,DER_211,0.0
25,DER_212,1.0
25,DER_213,0.0
25,DER_214,1.0
25,DER_215,1.0
25,DER_216,0.0
25,DER_217,0.0
25,DER_218,0.0
25,DER_219,0.0
25,DER_220,1.0
25,DER_221,0.0
25,DER_222,0.0
25,DER_223,0.0
25,DER_224,1.0
25,DER_225,0.0
25,DER_226,0.0
25,DER_227,0.0
25,DER_228,1.0
25,DER_229,0.0
25,DER_230,0.0
25,DER_231,1.0
25,DER_232,0.0
25,DER_233,1.0
25,DER_234,0.0
25,DER_235,0.0
25,DER_236,1.0
25,DER_237,0.0
25,DER_238,0.0
25,DER_239,0.0
25,DER_240,0.0
25,DER_241,0.0
25,DER_242,1.0
25,DER_243,0.0
25,DER_244,1.0
25,DER_245,0.0
25,DER_246,0.0
25,DER_247,1.0
25,DER_248,1.0
25,DER_249,0.0
25,DER_250,0.0
25,DER_251,0.0
25,DER_252,0.0
25,DER_253,0.0
25,DER_254,0.0
25,DER_255,0.0
25,DER_256,0.0
25,DER_257,1.0
25,DER_258,0.0
25,DER_259,1.0
25,DER_260,0.0
25,DER_261,0.0
25,DER_262,0.0
25,DER_263,1.0
25,DER_264,0.0
25,DER_265,1.0
25,DER_266,0.0
25,DER_267,0.0
25,DER_268,0.0
25,DER_269,0.0
25,DER_270,1.0
25,DER_271,0.0
25,DER_272,0.0
25,DER_273,0.0
25,DER_274,1.0
25,DER_275,1.0
25,DER_276,1.0
25,DER_277,0.0
25,DER_278,1.0
25,DER_279,0.0
25,DER_280,0.0
25,DER_281,0.0
25,DER_282,0.0
25,DER_283,0.0
25,DER_284,1.0
25,DER_285,0.0
25,DER_286,1.0
25,DER_287,0.0
25,DER_288,0.0
25,DER_289,0.0
25,DER_290,0.0
25,DER_291,0.0
25,DER_292,0.0
25,DER_293,0.0
25,DER_294,0.0
25,DER_295,0.0
25,DER_296,1.0
25,DER_297,0.0
25,DER_298,0.0
25,DER_299,0.0
25,DER_300,1.0
25,DER_301,1.0
25,DER_302,1.0
25,DER_303,0.0
25,DER_304,0.0
25,DER_305,0.0
25,DER_306,0.0
25,DER_307,1.0
25,DER_308,0.0
25,DER_309,1.0
25,DER_310,1.0
25,DER_311,0.0
25,DER_312,1.0
25,DER_313,0.0
25,DER_314,0.0
25,DER_315,1.0
25,DER_316,0.0
25,DER_317,0.0
25,DER_318,0.0
25,DER_319,0.0
25,DER_320,0.0
25,DER_321,1.0
25,DER_322,0.0
25,DER_323,0.0
25,DER_324,0.0
25,DER_325,0.0
25,DER_326,0.0
25,DER_327,0.0
25,DER_328,1.0
25,DER_329,0.0
25,DER_330,1.0
25,DER_331,1.0
25,DER_332,0.0
25,DER_333,0.0
25,DER_334,0.0
25,DER_335,0.0
25,DER_336,1.0
25,DER_337,0.0
25,DER_338,1.0
25,DER_339,0.0
25,DER_340,0.0
25,DER_341,0.0
25,DER_342,1.0
25,DER_343,0.0
25,DER_344,1.0
25,DER_345,0.0
25,DER_346,1.0
25,DER_347,0.0
25,DER_348,0.0
25,DER_349,1.0
25,DER_350,0.0
25,DER_351,0.0
25,DER_352,1.0
25,DER_353,1.0
25,DER_354,1.0
25,DER_355,0.0
25,DER_356,0.0
25,DER_357,1.0
25,DER_358,1.0
25,DER_359,1.0
25,DER_360,0.0
25,DER_361,0.0
25,DER_362,0.0
25,DER_363,1.0
25,DER_364,1.0
25,DER_365,0.0
25,DER_366,1.0
25,DER_367,0.0
25,DER_368,0.0
25,DER_369,1.0
25,DER_370,1.0
25,DER_371,0.0
25,DER_372,0.0
25,DER_373,0.0
25,DER_374,0.0
25,DER_375,0.0
25,DER_376,0.0
25,DER_377,1.0
25,DER_378,0.0
25,DER_379,0.0
25,DER_380,0.0
25,DER_381,0.0
25,DER_382,0.0
25,DER_383,1.0
25,DER_384,0.0
25,DER_385,0.0
25,DER_386,0.0
25,DER_387,0.0
25,DER_388,0.0
25,DER_389,0.0
25,DER_390,0.0
25,DER_391,0.0
25,DER_392,1.0
25,DER_393,0.0
25,DER_394,1.0
25,DER_395,1.0
25,DER_396,1.0
25,DER_397,0.0
25,DER_398,0.0
25,DER_399,1.0
25,DER_400,0.0
25,DER_401,0.0
25,DER_402,0.0
25,DER_403,0.0
25,DER_404,0.0
25,DER_405,0.0
25,DER_406,0.0
25,DER_407,1.0
25,DER_408,0.0
25,DER_409,1.0
25,DER_410,0.0
25,DER_411,1.0
25,DER_412,0.0
25,DER_413,1.0
25,DER_414,1.0
25,DER_415,0.0
25,DER_416,0.0
25,DER_417,1.0
25,DER_418,0.0
25,DER_419,0.0
25,DER_420,0.0
25,DER_421,0.0
25,DER_422,0.0
25,DER_423,0.0
25,DER_424,0.0
25,DER_425,0.0
25,DER_426,0.0
25,DER_427,1.0
25,DER_428,0.0
25,DER_429,1.0
25,DER_430,0.0
25,DER_431,0.0
25,DER_432,0.0
25,DER_433,0.0
25,DER_434,1.0
25,DER_435,1.0
25,DER_436,0.0
25,DER_437,1.0
25,DER_438,0.0
25,DER_439,0.0
25,DER_440,1.0
25,DER_441,0.0
25,DER_442,0.0
25,DER_443,0.0
25,DER_444,0.0
25,DER_445,0.0
25,DER_446,1.0
25,DER_447,1.0
25,DER_448,0.0
25,DER_449,0.0
25,DER_450,1.0
26,DER_1,0.0
26,DER_2,1.0
26,DER_3,0.0
26,DER_4,0.0
26,DER_5,0.0
26,DER_6,1.0
26,DER_7,0.0
26,DER_8,0.0
26,DER_9,1.0
26,DER_10,0.0
26,DER_11,0.0
26,DER_12,0.0
26,DER_13,1.0
26,DER_14,0.0
26,DER_15,1.0
26,DER_16,1.0
26,DER_17,0.0
26,DER_18,0.0
26,DER_19,0.0
26,DER_20,0.0
26,DER_21,0.0
26,DER_22,0.0
26,DER_23,0.0
26,DER_24,1.0
26,DER_25,1.0
26,DER_26,0.0
26,DER_27,1.0
26,DER_28,0.0
26,DER_29,0.0
26,DER_30,1.0
26,DER_31,0.0
26,DER_32,1.0
26,DER_33,1.0
26,DER_34,1.0
26,DER_35,0.0
26,DER_36,1.0
26,DER_37,0.0
26,DER_38,1.0
26,DER_39,0.0
26,DER_40,0.0
26,DER_41,0.0
26,DER_42,1.0
26,DER_43,0.0
26,DER_44,1.0
26,DER_45,1.0
26,DER_46,0.0
26,DER_47,1.0
26,DER_48,1.0
26,DER_49,1.0
26,DER_50,0.0
26,DER_51,1.0
26,DER_52,0.0
26,DER_53,0.0
26,DER_54,1.0
26,DER_55,0.0
26,DER_56,0.0
26,DER_57,0.0
26,DER_58,0.0
26,DER_59,0.0
26,DER_60,1.0
26,DER_61,1.0
26,DER_62,0.0
26,DER_63,1.0
26,DER_64,1.0
26,DER_65,0.0
26,DER_66,0.0
26,DER_67,1.0
26,DER_68,0.0
26,DER_69,1.0
26,DER_70,0.0
26,DER_71,0.0
26,DER_72,0.0
26,DER_73,0.0
26,DER_74,0.0
26,DER_75,1.0
26,DER_76,0.0
26,DER_77,0.0
26,DER_78,1.0
26,DER_79,1.0
26,DER_80,0.0
26,DER_81,0.0
26,DER_82,1.0
26,DER_83,1.0
26,DER_84,0.0
26,DER_85,0.0
26,DER_86,1.0
26,DER_87,1.0
26,DER_88,0.0
26,DER_89,1.0
26,DER_90,0.0
26,DER_91,0.0
26,DER_92,0.0
26,DER_93,0.0
26,DER_94,1.0
26,DER_95,1.0
26,DER_96,0.0
26,DER_97,0.0
26,DER_98,1.0
26,DER_99,0.0
26,DER_100,0.0
26,DER_101,0.0
26,DER_102,0.0
26,DER_103,1.0
26,DER_104,1.0
26,DER_105,0.0
26,DER_106,1.0
26,DER_107,1.0
26,DER_108,0.0
26,DER_109,0.0
26,DER_110,1.0
26,DER_111,0.0
26,DER_112,1.0
26,DER_113,1.0
26,DER_114,1.0
26,DER_115,0.0
26,DER_116,0.0
26,DER_117,1.0
26,DER_118,0.0
26,DER_119,0.0
26,DER_120,0.0
26,DER_121,1.0
26,DER_122,0.0
26,DER_123,0.0
26,DER_124,0.0
26,DER_125,0.0
26,DER_126,0.0
26,DER_127,1.0
26,DER_128,0.0
26,DER_129,1.0
26,DER_130,0.0
26,DER_131,1.0
26,DER_132,1.0
26,DER_133,1.0
26,DER_134,1.0
26,DER_135,0.0
26,DER_136,0.0
26,DER_137,0.0
26,DER_138,0.0
26,DER_139,1.0
26,DER_140,0.0
26,DER_141,0.0
26,DER_142,1.0
26,DER_143,1.0
26,DER_144,0.0
26,DER_145,0.0
26,DER_146,0.0
26,DER_147,1.0
26,DER_148,1.0
26,DER_149,0.0
26,DER_150,1.0
26,DER_151,1.0
26,DER_152,1.0
26,DER_153,0.0
26,DER_154,0.0
26,DER_155,0.0
26,DER_156,0.0
26,DER_157,1.0
26,DER_158,0.0
26,DER_159,0.0
26,DER_160,0.0
26,DER_161,1.0
26,DER_162,0.0
26,DER_163,0.0
26,DER_164,0.0
26,DER_165,0.0
26,DER_166,1.0
26,DER_167,0.0
26,DER_168,0.0
26,DER_169,0.0
26,DER_170,1.0
26,DER_171,0.0
26,DER_172,1.0
26,DER_173,1.0
26,DER_174,1.0
26,DER_175,1.0
26,DER_176,1.0
26,DER_177,0.0
26,DER_178,1.0
26,DER_179,0.0
26,DER_180,0.0
26,DER_181,0.0
26,DER_182,0.0
26,DER_183,0.0
26,DER_184,0.0
26,DER_185,1.0
26,DER_186,1.0
26,DER_187,1.0
26,DER_188,0.0
26,DER_189,0.0
26,DER_190,0.0
26,DER_191,1.0
26,DER_192,0.0
26,DER_193,0.0
26,DER_194,1.0
26,DER_195,0.0
26,DER_196,0.0
26,DER_197,1.0
26,DER_198,0.0
26,DER_199,0.0
26,DER_200,0.0
26,DER_201,0.0
26,DER_202,0.0
26,DER_203,0.0
26,DER_204,0.0
26,DER_205,0.0
26,DER_206,0.0
26,DER_207,0.0
26,DER_208,0.0
26,DER_209,0.0
26,DER_210,0.0
26,DER_211,0.0
26,DER_212,1.0
26,DER_213,0.0
26,DER_214,1.0
26,DER_215,1.0
26,DER_216,0.0
26,DER_217,0.0
26,DER_218,0.0
26,DER_219,1.0
26,DER_220,1.0
26,DER_221,0.0
26,DER_222,0.0
26,DER_223,0.0
26,DER_224,1.0
26,DER_225,0.0
26,DER_226,0.0
26,DER_227,0.0
26,DER_228,1.0
26,DER_229,0.0
26,DER_230,0.0
26,DER_231,1.0
26,DER_232,0.0
26,DER_233,1.0
26,DER_234,0.0
26,DER_235,0.0
26,DER_236,1.0
26,DER_237,0.0
26,DER_238,0.0
26,DER_239,0.0
26,DER_240,0.0
26,DER_241,0.0
26,DER_242,1.0
26,DER_243,0.0
26,DER_244,1.0
26,DER_245,0.0
26,DER_246,0.0
26,DER_247,1.0
26,DER_248,1.0
26,DER_249,0.0
26,DER_250,0.0
26,DER_251,0.0
26,DER_252,0.0
26,DER_253,0.0
26,DER_254,0.0
26,DER_255,0.0
26,DER_256,0.0
26,DER_257,1.0
26,DER_258,0.0
26,DER_259,1.0
26,DER_260,0.0
26,DER_261,0.0
26,DER_262,0.0
26,DER_263,1.0
26,DER_264,0.0
26,DER_265,1.0
26,DER_266,0.0
26,DER_267,0.0
26,DER_268,0.0
26,DER_269,0.0
26,DER_270,1.0
26,DER_271,0.0
26,DER_272,0.0
26,DER_273,0.0
26,DER_274,1.0
26,DER_275,1.0
26,DER_276,1.0
26,DER_277,0.0
26,DER_278,1.0
26,DER_279,1.0
26,DER_280,0.0
26,DER_281,0.0
26,DER_282,0.0
26,DER_283,1.0
26,DER_284,1.0
26,DER_285,0.0
26,DER_286,1.0
26,DER_287,0.0
26,DER_288,0.0
26,DER_289,0.0
26,DER_290,0.0
26,DER_291,0.0
26,DER_292,0.0
26,DER_293,0.0
26,DER_294,0.0
26,DER_295,0.0
26,DER_296,1.0
26,DER_297,0.0
26,DER_298,0.0
26,DER_299,0.0
26,DER_300,1.0
26,DER_301,1.0
26,DER_302,1.0
26,DER_303,0.0
26,DER_304,0.0
26,DER_305,0.0
26,DER_306,1.0
26,DER_307,1.0
26,DER_308,0.0
26,DER_309,1.0
26,DER_310,1.0
26,DER_311,0.0
26,DER_312,1.0
26,DER_313,0.0
26,DER_314,0.0
26,DER_315,1.0
26,DER_316,1.0
26,DER_317,0.0
26,DER_318,0.0
26,DER_319,0.0
26,DER_320,1.0
26,DER_321,1.0
26,DER_322,0.0
26,DER_323,0.0
26,DER_324,0.0
26,DER_325,0.0
26,DER_326,0.0
26,DER_327,0.0
26,DER_328,1.0
26,DER_329,0.0
26,DER_330,1.0
26,DER_331,1.0
26,DER_332,0.0
26,DER_333,0.0
26,DER_334,0.0
26,DER_335,1.0
26,DER_336,1.0
26,DER_337,0.0
26,DER_338,1.0
26,DER_339,0.0
26,DER_340,0.0
26,DER_341,0.0
26,DER_342,1.0
26,DER_343,0.0
26,DER_344,1.0
26,DER_345,0.0
26,DER_346,1.0
26,DER_347,0.0
26,DER_348,0.0
26,DER_349,1.0
26,DER_350,0.0
26,DER_351,0.0
26,DER_352,1.0
26,DER_353,1.0
26,DER_354,1.0
26,DER_355,0.0
26,DER_356,0.0
26,DER_357,1.0
26,DER_358,1.0
26,DER_359,1.0
26,DER_360,0.0
26,DER_361,0.0
26,DER_362,0.0
26,DER_363,1.0
26,DER_364,1.0
26,DER_365,0.0
26,DER_366,1.0
26,DER_367,0.0
26,DER_368,0.0
26,DER_369,1.0
26,DER_370,1.0
26,DER_371,0.0
26,DER_372,0.0
26,DER_373,0.0
26,DER_374,0.0
26,DER_375,0.0
26,DER_376,0.0
26,DER_377,1.0
26,DER_378,0.0
26,DER_379,0.0
26,DER_380,0.0
26,DER_381,0.0
26,DER_382,0.0
26,DER_383,1.0
26,DER_384,0.0
26,DER_385,0.0
26,DER_386,0.0
26,DER_387,0.0
26,DER_388,0.0
26,DER_389,0.0
26,DER_390,0.0
26,DER_391,0.0
26,DER_392,1.0
26,DER_393,0.0
26,DER_394,1.0
26,DER_395,1.0
26,DER_396,1.0
26,DER_397,0.0
26,DER_398,0.0
26,DER_399,1.0
26,DER_400,0.0
26,DER_401,0.0
26,DER_402,0.0
26,DER_403,0.0
26,DER_404,0.0
26,DER_405,0.0
26,DER_406,0.0
26,DER_407,1.0
26,DER_408,1.0
26,DER_409,1.0
26,DER_410,0.0
26,DER_411,1.0
26,DER_412,0.0
26,DER_413,1.0
26,DER_414,1.0
26,DER_415,0.0
26,DER_416,0.0
26,DER_417,1.0
26,DER_418,0.0
26,DER_419,0.0
26,DER_420,0.0
26,DER_421,0.0
26,DER_422,0.0
26,DER_423,0.0
26,DER_424,0.0
26,DER_425,0.0
26,DER_426,0.0
26,DER_427,1.0
26,DER_428,0.0
26,DER_429,1.0
26,DER_430,0.0
26,DER_431,0.0
26,DER_432,0.0
26,DER_433,0.0
26,DER_434,1.0
26,DER_435,1.0
26,DER_436,0.0
26,DER_437,1.0
26,DER_438,0.0
26,DER_439,0.0
26,DER_440,1.0
26,DER_441,0.0
26,DER_442,0.0
26,DER_443,0.0
26,DER_444,0.0
26,DER_445,0.0
26,DER_446,1.0
26,DER_447,1.0
26,DER_448,0.0
26,DER_449,0.0
26,DER_450,1.0
27,DER_1,0.0
27,DER_2,1.0
27,DER_3,0.0
27,DER_4,0.0
27,DER_5,0.0
27,DER_6,1.0
27,DER_7,0.0
27,DER_8,0.0
27,DER_9,1.0
27,DER_10,0.0
27,DER_11,0.0
27,DER_12,0.0
27,DER_13,1.0
27,DER_14,0.0
27,DER_15,1.0
27,DER_16,1.0
27,DER_17,0.0
27,DER_18,0.0
27,DER_19,0.0
27,DER_20,0.0
27,DER_21,0.0
27,DER_22,0.0
27,DER_23,0.0
27,DER_24,1.0
27,DER_25,1.0
27,DER_26,0.0
27,DER_27,1.0
27,DER_28,0.0
27,DER_29,0.0
27,DER_30,1.0
27,DER_31,0.0
27,DER_32,1.0
27,DER_33,1.0
27,DER_34,1.0
27,DER_35,0.0
27,DER_36,1.0
27,DER_37,0.0
27,DER_38,1.0
27,DER_39,0.0
27,DER_40,0.0
27,DER_41,0.0
27,DER_42,1.0
27,DER_43,0.0
27,DER_44,1.0
27,DER_45,1.0
27,DER_46,0.0
27,DER_47,1.0
27,DER_48,1.0
27,DER_49,1.0
27,DER_50,0.0
27,DER_51,1.0
27,DER_52,0.0
27,DER_53,0.0
27,DER_54,1.0
27,DER_55,0.0
27,DER_56,0.0
27,DER_57,0.0
27,DER_58,0.0
27,DER_59,0.0
27,DER_60,0.0
27,DER_61,0.0
27,DER_62,0.0
27,DER_63,1.0
27,DER_64,1.0
27,DER_65,0.0
27,DER_66,0.0
27,DER_67,1.0
27,DER_68,0.0
27,DER_69,1.0
27,DER_70,0.0
27,DER_71,0.0
27,DER_72,0.0
27,DER_73,0.0
27,DER_74,0.0
27,DER_75,1.0
27,DER_76,0.0
27,DER_77,0.0
27,DER_78,1.0
27,DER_79,1.0
27,DER_80,0.0
27,DER_81,0.0
27,DER_82,1.0
27,DER_83,1.0
27,DER_84,0.0
27,DER_85,0.0
27,DER_86,1.0
27,DER_87,1.0
27,DER_88,0.0
27,DER_89,1.0
27,DER_90,0.0
27,DER_91,0.0
27,DER_92,0.0
27,DER_93,0.0
27,DER_94,1.0
27,DER_95,1.0
27,DER_96,0.0
27,DER_97,0.0
27,DER_98,1.0
27,DER_99,0.0
27,DER_100,0.0
27,DER_101,0.0
27,DER_102,0.0
27,DER_103,1.0
27,DER_104,1.0
27,DER_105,0.0
27,DER_106,1.0
27,DER_107,1.0
27,DER_108,0.0
27,DER_109,0.0
27,DER_110,0.0
27,DER_111,0.0
27,DER_112,1.0
27,DER_113,1.0
27,DER_114,1.0
27,DER_115,0.0
27,DER_116,0.0
27,DER_117,1.0
27,DER_118,0.0
27,DER_119,0.0
27,DER_120,0.0
27,DER_121,1.0
27,DER_122,0.0
27,DER_123,0.0
27,DER_124,0.0
27,DER_125,0.0
27,DER_126,0.0
27,DER_127,1.0
27,DER_128,0.0
27,DER_129,0.0
27,DER_130,0.0
27,DER_131,0.0
27,DER_132,1.0
27,DER_133,1.0
27,DER_134,1.0
27,DER_135,0.0
27,DER_136,0.0
27,DER_137,0.0
27,DER_138,0.0
27,DER_139,1.0
27,DER_140,0.0
27,DER_141,0.0
27,DER_142,1.0
27,DER_143,1.0
27,DER_144,0.0
27,DER_145,0.0
27,DER_146,0.0
27,DER_147,1.0
27,DER_148,1.0
27,DER_149,0.0
27,DER_150,1.0
27,DER_151,1.0
27,DER_152,1.0
27,DER_153,0.0
27,DER_154,0.0
27,DER_155,0.0
27,DER_156,0.0
27,DER_157,1.0
27,DER_158,0.0
27,DER_159,0.0
27,DER_160,0.0
27,DER_161,1.0
27,DER_162,0.0
27,DER_163,0.0
27,DER_164,0.0
27,DER_165,0.0
27,DER_166,1.0
27,DER_167,0.0
27,DER_168,0.0
27,DER_169,0.0
27,DER_170,1.0
27,DER_171,0.0
27,DER_172,1.0
27,DER_173,1.0
27,DER_174,1.0
27,DER_175,0.0
27,DER_176,1.0
27,DER_177,0.0
27,DER_178,1.0
27,DER_179,0.0
27,DER_180,0.0
27,DER_181,0.0
27,DER_182,0.0
27,DER_183,0.0
27,DER_184,0.0
27,DER_185,1.0
27,DER_186,1.0
27,DER_187,1.0
27,DER_188,0.0
27,DER_189,0.0
27,DER_190,0.0
27,DER_191,1.0
27,DER_192,0.0
27,DER_193,0.0
27,DER_194,1.0
27,DER_195,0.0
27,DER_196,0.0
27,DER_197,1.0
27,DER_198,0.0
27,DER_199,0.0
27,DER_200,0.0
27,DER_201,0.0
27,DER_202,0.0
27,DER_203,0.0
27,DER_204,0.0
27,DER_205,0.0
27,DER_206,0.0
27,DER_207,0.0
27,DER_208,0.0
27,DER_209,0.0
27,DER_210,0.0
27,DER_211,0.0
27,DER_212,1.0
27,DER_213,0.0
27,DER_214,1.0
27,DER_215,1.0
27,DER_216,0.0
27,DER_217,0.0
27,DER_218,0.0
27,DER_219,1.0
27,DER_220,1.0
27,DER_221,0.0
27,DER_222,0.0
27,DER_223,0.0
27,DER_224,1.0
27,DER_225,0.0
27,DER_226,0.0
27,DER_227,0.0
27,DER_228,0.0
27,DER_229,0.0
27,DER_230,0.0
27,DER_231,1.0
27,DER_232,0.0
27,DER_233,1.0
27,DER_234,0.0
27,DER_235,0.0
27,DER_236,0.0
27,DER_237,0.0
27,DER_238,0.0
27,DER_239,0.0
27,DER_240,0.0
27,DER_241,0.0
27,DER_242,1.0
27,DER_243,0.0
27,DER_244,1.0
27,DER_245,0.0
27,DER_246,0.0
27,DER_247,1.0
27,DER_248,1.0
27,DER_249,0.0
27,DER_250,0.0
27,DER_251,0.0
27,DER_252,0.0
27,DER_253,0.0
27,DER_254,0.0
27,DER_255,0.0
27,DER_256,0.0
27,DER_257,1.0
27,DER_258,0.0
27,DER_259,0.0
27,DER_260,0.0
27,DER_261,0.0
27,DER_262,0.0
27,DER_263,1.0
27,DER_264,0.0
27,DER_265,1.0
27,DER_266,0.0
27,DER_267,0.0
27,DER_268,0.0
27,DER_269,0.0
27,DER_270,1.0
27,DER_271,0.0
27,DER_272,0.0
27,DER_273,0.0
27,DER_274,1.0
27,DER_275,1.0
27,DER_276,1.0
27,DER_277,0.0
27,DER_278,1.0
27,DER_279,1.0
27,DER_280,0.0
27,DER_281,0.0
27,DER_282,0.0
27,DER_283,1.0
27,DER_284,1.0
27,DER_285,0.0
27,DER_286,1.0
27,DER_287,0.0
27,DER_288,0.0
27,DER_289,0.0
27,DER_290,0.0
27,DER_291,0.0
27,DER_292,0.0
27,DER_293,0.0
27,DER_294,0.0
27,DER_295,0.0
27,DER_296,1.0
27,DER_297,0.0
27,DER_298,0.0
27,DER_299,0.0
27,DER_300,1.0
27,DER_301,1.0
27,DER_302,1.0
27,DER_303,0.0
27,DER_304,0.0
27,DER_305,0.0
27,DER_306,1.0
27,DER_307,1.0
27,DER_308,0.0
27,DER_309,1.0
27,DER_310,1.0
27,DER_311,0.0
27,DER_312,1.0
27,DER_313,0.0
27,DER_314,0.0
27,DER_315,1.0
27,DER_316,1.0
27,DER_317,0.0
27,DER_318,0.0
27,DER_319,0.0
27,DER_320,1.0
27,DER_321,1.0
27,DER_322,0.0
27,DER_323,0.0
27,DER_324,0.0
27,DER_325,0.0
27,DER_326,0.0
27,DER_327,0.0
27,DER_328,1.0
27,DER_329,0.0
27,DER_330,1.0
27,DER_331,1.0
27,DER_332,0.0
27,DER_333,0.0
27,DER_334,0.0
27,DER_335,1.0
27,DER_336,1.0
27,DER_337,0.0
27,DER_338,1.0
27,DER_339,0.0
27,DER_340,0.0
27,DER_341,0.0
27,DER_342,1.0
27,DER_343,0.0
27,DER_344,1.0
27,DER_345,0.0
27,DER_346,1.0
27,DER_347,0.0
27,DER_348,0.0
27,DER_349,0.0
27,DER_350,0.0
27,DER_351,0.0
27,DER_352,1.0
27,DER_353,1.0
27,DER_354,1.0
27,DER_355,0.0
27,DER_356,0.0
27,DER_357,1.0
27,DER_358,1.0
27,DER_359,1.0
27,DER_360,0.0
27,DER_361,0.0
27,DER_362,0.0
27,DER_363,1.0
27,DER_364,1.0
27,DER_365,0.0
27,DER_366,1.0
27,DER_367,0.0
27,DER_368,0.0
27,DER_369,1.0
27,DER_370,1.0
27,DER_371,0.0
27,DER_372,0.0
27,DER_373,0.0
27,DER_374,0.0
27,DER_375,0.0
27,DER_376,0.0
27,DER_377,1.0
27,DER_378,0.0
27,DER_379,0.0
27,DER_380,0.0
27,DER_381,0.0
27,DER_382,0.0
27,DER_383,1.0
27,DER_384,0.0
27,DER_385,0.0
27,DER_386,0.0
27,DER_387,0.0
27,DER_388,0.0
27,DER_389,0.0
27,DER_390,0.0
27,DER_391,0.0
27,DER_392,1.0
27,DER_393,0.0
27,DER_394,1.0
27,DER_395,1.0
27,DER_396,1.0
27,DER_397,0.0
27,DER_398,0.0
27,DER_399,1.0
27,DER_400,0.0
27,DER_401,0.0
27,DER_402,0.0
27,DER_403,0.0
27,DER_404,0.0
27,DER_405,0.0
27,DER_406,0.0
27,DER_407,1.0
27,DER_408,1.0
27,DER_409,1.0
27,DER_410,0.0
27,DER_411,1.0
27,DER_412,0.0
27,DER_413,1.0
27,DER_414,1.0
27,DER_415,0.0
27,DER_416,0.0
27,DER_417,1.0
27,DER_418,0.0
27,DER_419,0.0
27,DER_420,0.0
27,DER_421,0.0
27,DER_422,0.0
27,DER_423,0.0
27,DER_424,0.0
27,DER_425,0.0
27,DER_426,0.0
27,DER_427,1.0
27,DER_428,0.0
27,DER_429,1.0
27,DER_430,0.0
27,DER_431,0.0
27,DER_432,0.0
27,DER_433,0.0
27,DER_434,1.0
27,DER_435,1.0
27,DER_436,0.0
27,DER_437,0.0
27,DER_438,0.0
27,DER_439,0.0
27,DER_440,1.0
27,DER_441,0.0
27,DER_442,0.0
27,DER_443,0.0
27,DER_444,0.0
27,DER_445,0.0
27,DER_446,1.0
27,DER_447,1.0
27,DER_448,0.0
27,DER_449,0.0
27,DER_450,1.0
28,DER_1,0.0
28,DER_2,1.0
28,DER_3,0.0
28,DER_4,0.0
28,DER_5,0.0
28,DER_6,1.0
28,DER_7,0.0
28,DER_8,0.0
28,DER_9,1.0
28,DER_10,0.0
28,DER_11,0.0
28,DER_12,0.0
28,DER_13,1.0
28,DER_14,0.0
28,DER_15,1.0
28,DER_16,1.0
28,DER_17,0.0
28,DER_18,0.0
28,DER_19,0.0
28,DER_20,0.0
28,DER_21,0.0
28,DER_22,0.0
28,DER_23,0.0
28,DER_24,1.0
28,DER_25,1.0
28,DER_26,0.0
28,DER_27,1.0
28,DER_28,0.0
28,DER_29,0.0
28,DER_30,1.0
28,DER_31,0.0
28,DER_32,1.0
28,DER_33,1.0
28,DER_34,1.0
28,DER_35,0.0
28,DER_36,1.0
28,DER_37,0.0
28,DER_38,1.0
28,DER_39,0.0
28,DER_40,0.0
28,DER_41,0.0
28,DER_42,1.0
28,DER_43,0.0
28,DER_44,1.0
28,DER_45,1.0
28,DER_46,0.0
28,DER_47,1.0
28,DER_48,1.0
28,DER_49,1.0
28,DER_50,0.0
28,DER_51,1.0
28,DER_52,0.0
28,DER_53,1.0
28,DER_54,1.0
28,DER_55,0.0
28,DER_56,1.0
28,DER_57,0.0
28,DER_58,0.0
28,DER_59,0.0
28,DER_60,0.0
28,DER_61,0.0
28,DER_62,0.0
28,DER_63,1.0
28,DER_64,1.0
28,DER_65,0.0
28,DER_66,0.0
28,DER_67,1.0
28,DER_68,0.0
28,DER_69,1.0
28,DER_70,0.0
28,DER_71,0.0
28,DER_72,0.0
28,DER_73,0.0
28,DER_74,0.0
28,DER_75,1.0
28,DER_76,0.0
28,DER_77,0.0
28,DER_78,1.0
28,DER_79,1.0
28,DER_80,0.0
28,DER_81,0.0
28,DER_82,1.0
28,DER_83,1.0
28,DER_84,0.0
28,DER_85,0.0
28,DER_86,1.0
28,DER_87,1.0
28,DER_88,0.0
28,DER_89,1.0
28,DER_90,0.0
28,DER_91,0.0
28,DER_92,0.0
28,DER_93,0.0
28,DER_94,1.0
28,DER_95,1.0
28,DER_96,0.0
28,DER_97,0.0
28,DER_98,1.0
28,DER_99,0.0
28,DER_100,0.0
28,DER_101,0.0
28,DER_102,0.0
28,DER_103,1.0
28,DER_104,1.0
28,DER_105,0.0
28,DER_106,1.0
28,DER_107,1.0
28,DER_108,0.0
28,DER_109,0.0
28,DER_110,0.0
28,DER_111,0.0
28,DER_112,1.0
28,DER_113,1.0
28,DER_114,1.0
28,DER_115,0.0
28,DER_116,0.0
28,DER_117,1.0
28,DER_118,0.0
28,DER_119,0.0
28,DER_120,0.0
28,DER_121,1.0
28,DER_122,0.0
28,DER_123,0.0
28,DER_124,1.0
28,DER_125,0.0
28,DER_126,0.0
28,DER_127,1.0
28,DER_128,0.0
28,DER_129,0.0
28,DER_130,0.0
28,DER_131,0.0
28,DER_132,1.0
28,DER_133,1.0
28,DER_134,1.0
28,DER_135,0.0
28,DER_136,0.0
28,DER_137,0.0
28,DER_138,0.0
28,DER_139,1.0
28,DER_140,0.0
28,DER_141,0.0
28,DER_142,1.0
28,DER_143,1.0
28,DER_144,0.0
28,DER_145,0.0
28,DER_146,0.0
28,DER_147,1.0
28,DER_148,1.0
28,DER_149,0.0
28,DER_150,1.0
28,DER_151,1.0
28,DER_152,1.0
28,DER_153,0.0
28,DER_154,0.0
28,DER_155,0.0
28,DER_156,0.0
28,DER_157,1.0
28,DER_158,0.0
28,DER_159,0.0
28,DER_160,0.0
28,DER_161,1.0
28,DER_162,0.0
28,DER_163,0.0
28,DER_164,0.0
28,DER_165,0.0
28,DER_166,1.0
28,DER_167,0.0
28,DER_168,0.0
28,DER_169,0.0
28,DER_170,1.0
28,DER_171,0.0
28,DER_172,1.0
28,DER_173,1.0
28,DER_174,1.0
28,DER_175,0.0
28,DER_176,1.0
28,DER_177,0.0
28,DER_178,1.0
28,DER_179,0.0
28,DER_180,0.0
28,DER_181,0.0
28,DER_182,0.0
28,DER_183,0.0
28,DER_184,0.0
28,DER_185,1.0
28,DER_186,1.0
28,DER_187,1.0
28,DER_188,0.0
28,DER_189,0.0
28,DER_190,0.0
28,DER_191,1.0
28,DER_192,0.0
28,DER_193,0.0
28,DER_194,1.0
28,DER_195,0.0
28,DER_196,0.0
28,DER_197,1.0
28,DER_198,0.0
28,DER_199,0.0
28,DER_200,0.0
28,DER_201,0.0
28,DER_202,0.0
28,DER_203,0.0
28,DER_204,0.0
28,DER_205,0.0
28,DER_206,0.0
28,DER_207,0.0
28,DER_208,0.0
28,DER_209,0.0
28,DER_210,0.0
28,DER_211,1.0
28,DER_212,1.0
28,DER_213,0.0
28,DER_214,1.0
28,DER_215,1.0
28,DER_216,0.0
28,DER_217,0.0
28,DER_218,0.0
28,DER_219,1.0
28,DER_220,1.0
28,DER_221,0.0
28,DER_222,0.0
28,DER_223,0.0
28,DER_224,1.0
28,DER_225,0.0
28,DER_226,0.0
28,DER_227,0.0
28,DER_228,0.0
28,DER_229,0.0
28,DER_230,0.0
28,DER_231,1.0
28,DER_232,0.0
28,DER_233,1.0
28,DER_234,0.0
28,DER_235,0.0
28,DER_236,0.0
28,DER_237,0.0
28,DER_238,0.0
28,DER_239,0.0
28,DER_240,0.0
28,DER_241,0.0
28,DER_242,1.0
28,DER_243,0.0
28,DER_244,1.0
28,DER_245,0.0
28,DER_246,0.0
28,DER_247,1.0
28,DER_248,1.0
28,DER_249,0.0
28,DER_250,1.0
28,DER_251,0.0
28,DER_252,0.0
28,DER_253,0.0
28,DER_254,0.0
28,DER_255,0.0
28,DER_256,0.0
28,DER_257,1.0
28,DER_258,0.0
28,DER_259,0.0
28,DER_260,0.0
28,DER_261,0.0
28,DER_262,0.0
28,DER_263,1.0
28,DER_264,0.0
28,DER_265,1.0
28,DER_266,0.0
28,DER_267,0.0
28,DER_268,0.0
28,DER_269,0.0
28,DER_270,1.0
28,DER_271,1.0
28,DER_272,0.0
28,DER_273,0.0
28,DER_274,1.0
28,DER_275,1.0
28,DER_276,1.0
28,DER_277,0.0
28,DER_278,1.0
28,DER_279,1.0
28,DER_280,0.0
28,DER_281,0.0
28,DER_282,0.0
28,DER_283,1.0
28,DER_284,1.0
28,DER_285,0.0
28,DER_286,1.0
28,DER_287,0.0
28,DER_288,0.0
28,DER_289,0.0
28,DER_290,0.0
28,DER_291,0.0
28,DER_292,0.0
28,DER_293,0.0
28,DER_294,0.0
28,DER_295,0.0
28,DER_296,1.0
28,DER_297,0.0
28,DER_298,0.0
28,DER_299,0.0
28,DER_300,1.0
28,DER_301,1.0
28,DER_302,1.0
28,DER_303,0.0
28,DER_304,0.0
28,DER_305,0.0
28,DER_306,1.0
28,DER_307,1.0
28,DER_308,0.0
28,DER_309,1.0
28,DER_310,1.0
28,DER_311,0.0
28,DER_312,1.0
28,DER_313,0.0
28,DER_314,0.0
28,DER_315,1.0
28,DER_316,1.0
28,DER_317,0.0
28,DER_318,0.0
28,DER_319,0.0
28,DER_320,1.0
28,DER_321,1.0
28,DER_322,0.0
28,DER_323,0.0
28,DER_324,0.0
28,DER_325,0.0
28,DER_326,0.0
28,DER_327,0.0
28,DER_328,1.0
28,DER_329,0.0
28,DER_330,1.0
28,DER_331,1.0
28,DER_332,0.0
28,DER_333,0.0
28,DER_334,0.0
28,DER_335,1.0
28,DER_336,1.0
28,DER_337,0.0
28,DER_338,1.0
28,DER_339,1.0
28,DER_340,0.0
28,DER_341,0.0
28,DER_342,1.0
28,DER_343,0.0
28,DER_344,1.0
28,DER_345,0.0
28,DER_346,1.0
28,DER_347,0.0
28,DER_348,0.0
28,DER_349,0.0
28,DER_350,0.0
28,DER_351,0.0
28,DER_352,1.0
28,DER_353,1.0
28,DER_354,1.0
28,DER_355,0.0
28,DER_356,0.0
28,DER_357,1.0
28,DER_358,1.0
28,DER_359,1.0
28,DER_360,0.0
28,DER_361,0.0
28,DER_362,0.0
28,DER_363,1.0
28,DER_364,1.0
28,DER_365,0.0
28,DER_366,1.0
28,DER_367,0.0
28,DER_368,0.0
28,DER_369,1.0
28,DER_370,1.0
28,DER_371,0.0
28,DER_372,0.0
28,DER_373,0.0
28,DER_374,1.0
28,DER_375,0.0
28,DER_376,0.0
28,DER_377,1.0
28,DER_378,0.0
28,DER_379,0.0
28,DER_380,1.0
28,DER_381,0.0
28,DER_382,0.0
28,DER_383,1.0
28,DER_384,0.0
28,DER_385,0.0
28,DER_386,0.0
28,DER_387,0.0
28,DER_388,0.0
28,DER_389,0.0
28,DER_390,1.0
28,DER_391,0.0
28,DER_392,1.0
28,DER_393,0.0
28,DER_394,1.0
28,DER_395,1.0
28,DER_396,1.0
28,DER_397,0.0
28,DER_398,0.0
28,DER_399,1.0
28,DER_400,1.0
28,DER_401,0.0
28,DER_402,0.0
28,DER_403,0.0
28,DER_404,0.0
28,DER_405,0.0
28,DER_406,0.0
28,DER_407,1.0
28,DER_408,1.0
28,DER_409,1.0
28,DER_410,0.0
28,DER_411,1.0
28,DER_412,0.0
28,DER_413,1.0
28,DER_414,1.0
28,DER_415,0.0
28,DER_416,0.0
28,DER_417,1.0
28,DER_418,0.0
28,DER_419,0.0
28,DER_420,0.0
28,DER_421,0.0
28,DER_422,0.0
28,DER_423,0.0
28,DER_424,0.0
28,DER_425,0.0
28,DER_426,0.0
28,DER_427,1.0
28,DER_428,0.0
28,DER_429,1.0
28,DER_430,0.0
28,DER_431,0.0
28,DER_432,0.0
28,DER_433,1.0
28,DER_434,1.0
28,DER_435,1.0
28,DER_436,0.0
28,DER_437,0.0
28,DER_438,1.0
28,DER_439,0.0
28,DER_440,1.0
28,DER_441,0.0
28,DER_442,0.0
28,DER_443,0.0
28,DER_444,0.0
28,DER_445,0.0
28,DER_446,1.0
28,DER_447,1.0
28,DER_448,0.0
28,DER_449,0.0
28,DER_450,1.0
29,DER_1,0.0
29,DER_2,1.0
29,DER_3,0.0
29,DER_4,0.0
29,DER_5,0.0
29,DER_6,1.0
29,DER_7,0.0
29,DER_8,0.0
29,DER_9,1.0
29,DER_10,0.0
29,DER_11,0.0
29,DER_12,0.0
29,DER_13,1.0
29,DER_14,0.0
29,DER_15,1.0
29,DER_16,1.0
29,DER_17,0.0
29,DER_18,0.0
29,DER_19,0.0
29,DER_20,0.0
29,DER_21,0.0
29,DER_22,0.0
29,DER_23,0.0
29,DER_24,1.0
29,DER_25,0.0
29,DER_26,0.0
29,DER_27,1.0
29,DER_28,0.0
29,DER_29,0.0
29,DER_30,0.0
29,DER_31,0.0
29,DER_32,1.0
29,DER_33,0.0
29,DER_34,1.0
29,DER_35,0.0
29,DER_36,1.0
29,DER_37,0.0
29,DER_38,1.0
29,DER_39,0.0
29,DER_40,0.0
29,DER_41,0.0
29,DER_42,1.0
29,DER_43,0.0
29,DER_44,1.0
29,DER_45,1.0
29,DER_46,0.0
29,DER_47,1.0
29,DER_48,1.0
29,DER_49,1.0
29,DER_50,0.0
29,DER_51,1.0
29,DER_52,0.0
29,DER_53,1.0
29,DER_54,1.0
29,DER_55,0.0
29,DER_56,1.0
29,DER_57,0.0
29,DER_58,0.0
29,DER_59,0.0
29,DER_60,0.0
29,DER_61,0.0
29,DER_62,0.0
29,DER_63,1.0
29,DER_64,1.0
29,DER_65,0.0
29,DER_66,0.0
29,DER_67,0.0
29,DER_68,0.0
29,DER_69,1.0
29,DER_70,0.0
29,DER_71,0.0
29,DER_72,0.0
29,DER_73,0.0
29,DER_74,0.0
29,DER_75,0.0
29,DER_76,0.0
29,DER_77,0.0
29,DER_78,1.0
29,DER_79,1.0
29,DER_80,0.0
29,DER_81,0.0
29,DER_82,1.0
29,DER_83,1.0
29,DER_84,0.0
29,DER_85,0.0
29,DER_86,1.0
29,DER_87,1.0
29,DER_88,0.0
29,DER_89,1.0
29,DER_90,0.0
29,DER_91,0.0
29,DER_92,0.0
29,DER_93,0.0
29,DER_94,1.0
29,DER_95,1.0
29,DER_96,0.0
29,DER_97,0.0
29,DER_98,1.0
29,DER_99,0.0
29,DER_100,0.0
29,DER_101,0.0
29,DER_102,0.0
29,DER_103,1.0
29,DER_104,1.0
29,DER_105,0.0
29,DER_106,1.0
29,DER_107,1.0
29,DER_108,0.0
29,DER_109,0.0
29,DER_110,0.0
29,DER_111,0.0
29,DER_112,1.0
29,DER_113,1.0
29,DER_114,1.0
29,DER_115,0.0
29,DER_116,0.0
29,DER_117,1.0
29,DER_118,0.0
29,DER_119,0.0
29,DER_120,0.0
29,DER_121,1.0
29,DER_122,0.0
29,DER_123,0.0
29,DER_124,1.0
29,DER_125,0.0
29,DER_126,0.0
29,DER_127,1.0
29,DER_128,0.0
29,DER_129,0.0
29,DER_130,0.0
29,DER_131,0.0
29,DER_132,1.0
29,DER_133,1.0
29,DER_134,1.0
29,DER_135,0.0
29,DER_136,0.0
29,DER_137,0.0
29,DER_138,0.0
29,DER_139,0.0
29,DER_140,0.0
29,DER_141,0.0
29,DER_142,1.0
29,DER_143,1.0
29,DER_144,0.0
29,DER_145,0.0
29,DER_146,0.0
29,DER_147,1.0
29,DER_148,1.0
29,DER_149,0.0
29,DER_150,1.0
29,DER_151,1.0
29,DER_152,1.0
29,DER_153,0.0
29,DER_154,0.0
29,DER_155,0.0
29,DER_156,0.0
29,DER_157,1.0
29,DER_158,0.0
29,DER_159,0.0
29,DER_160,0.0
29,DER_161,1.0
29,DER_162,0.0
29,DER_163,0.0
29,DER_164,0.0
29,DER_165,0.0
29,DER_166,0.0
29,DER_167,0.0
29,DER_168,0.0
29,DER_169,0.0
29,DER_170,1.0
29,DER_171,0.0
29,DER_172,1.0
29,DER_173,1.0
29,DER_174,1.0
29,DER_175,0.0
29,DER_176,1.0
29,DER_177,0.0
29,DER_178,1.0
29,DER_179,0.0
29,DER_180,0.0
29,DER_181,0.0
29,DER_182,0.0
29,DER_183,0.0
29,DER_184,0.0
29,DER_185,1.0
29,DER_186,1.0
29,DER_187,1.0
29,DER_188,0.0
29,DER_189,0.0
29,DER_190,0.0
29,DER_191,1.0
29,DER_192,0.0
29,DER_193,0.0
29,DER_194,1.0
29,DER_195,0.0
29,DER_196,0.0
29,DER_197,1.0
29,DER_198,0.0
29,DER_199,0.0
29,DER_200,0.0
29,DER_201,0.0
29,DER_202,0.0
29,DER_203,0.0
29,DER_204,0.0
29,DER_205,0.0
29,DER_206,0.0
29,DER_207,0.0
29,DER_208,0.0
29,DER_209,0.0
29,DER_210,0.0
29,DER_211,1.0
29,DER_212,1.0
29,DER_213,0.0
29,DER_214,1.0
29,DER_215,1.0
29,DER_216,0.0
29,DER_217,0.0
29,DER_218,0.0
29,DER_219,1.0
29,DER_220,1.0
29,DER_221,0.0
29,DER_222,0.0
29,DER_223,0.0
29,DER_224,1.0
29,DER_225,0.0
29,DER_226,0.0
29,DER_227,0.0
29,DER_228,0.0
29,DER_229,0.0
29,DER_230,0.0
29,DER_231,1.0
29,DER_232,0.0
29,DER_233,1.0
29,DER_234,0.0
29,DER_235,0.0
29,DER_236,0.0
29,DER_237,0.0
29,DER_238,0.0
29,DER_239,0.0
29,DER_240,0.0
29,DER_241,0.0
29,DER_242,1.0
29,DER_243,0.0
29,DER_244,0.0
29,DER_245,0.0
29,DER_246,0.0
29,DER_247,1.0
29,DER_248,1.0
29,DER_249,0.0
29,DER_250,1.0
29,DER_251,0.0
29,DER_252,0.0
29,DER_253,0.0
29,DER_254,0.0
29,DER_255,0.0
29,DER_256,0.0
29,DER_257,1.0
29,DER_258,0.0
29,DER_259,0.0
29,DER_260,0.0
29,DER_261,0.0
29,DER_262,0.0
29,DER_263,1.0
29,DER_264,0.0
29,DER_265,1.0
29,DER_266,0.0
29,DER_267,0.0
29,DER_268,0.0
29,DER_269,0.0
29,DER_270,1.0
29,DER_271,1.0
29,DER_272,0.0
29,DER_273,0.0
29,DER_274,1.0
29,DER_275,1.0
29,DER_276,1.0
29,DER_277,0.0
29,DER_278,1.0
29,DER_279,1.0
29,DER_280,0.0
29,DER_281,0.0
29,DER_282,0.0
29,DER_283,1.0
29,DER_284,1.0
29,DER_285,0.0
29,DER_286,1.0
29,DER_287,0.0
29,DER_288,0.0
29,DER_289,0.0
29,DER_290,0.0
29,DER_291,0.0
29,DER_292,0.0
29,DER_293,0.0
29,DER_294,0.0
29,DER_295,0.0
29,DER_296,1.0
29,DER_297,0.0
29,DER_298,0.0
29,DER_299,0.0
29,DER_300,1.0
29,DER_301,1.0
29,DER_302,1.0
29,DER_303,0.0
29,DER_304,0.0
29,DER_305,0.0
29,DER_306,1.0
29,DER_307,1.0
29,DER_308,0.0
29,DER_309,1.0
29,DER_310,1.0
29,DER_311,0.0
29,DER_312,1.0
29,DER_313,0.0
29,DER_314,0.0
29,DER_315,1.0
29,DER_316,1.0
29,DER_317,0.0
29,DER_318,0.0
29,DER_319,0.0
29,DER_320,1.0
29,DER_321,1.0
29,DER_322,0.0
29,DER_323,0.0
29,DER_324,0.0
29,DER_325,0.0
29,DER_326,0.0
29,DER_327,0.0
29,DER_328,1.0
29,DER_329,0.0
29,DER_330,1.0
29,DER_331,1.0
29,DER_332,0.0
29,DER_333,0.0
29,DER_334,0.0
29,DER_335,1.0
29,DER_336,1.0
29,DER_337,0.0
29,DER_338,1.0
29,DER_339,1.0
29,DER_340,0.0
29,DER_341,0.0
29,DER_342,0.0
29,DER_343,0.0
29,DER_344,1.0
29,DER_345,0.0
29,DER_346,1.0
29,DER_347,0.0
29,DER_348,0.0
29,DER_349,0.0
29,DER_350,0.0
29,DER_351,0.0
29,DER_352,1.0
29,DER_353,1.0
29,DER_354,1.0
29,DER_355,0.0
29,DER_356,0.0
29,DER_357,1.0
29,DER_358,1.0
29,DER_359,1.0
29,DER_360,0.0
29,DER_361,0.0
29,DER_362,0.0
29,DER_363,1.0
29,DER_364,1.0
29,DER_365,0.0
29,DER_366,1.0
29,DER_367,0.0
29,DER_368,0.0
29,DER_369,1.0
29,DER_370,0.0
29,DER_371,0.0
29,DER_372,0.0
29,DER_373,0.0
29,DER_374,1.0
29,DER_375,0.0
29,DER_376,0.0
29,DER_377,1.0
29,DER_378,0.0
29,DER_379,0.0
29,DER_380,1.0
29,DER_381,0.0
29,DER_382,0.0
29,DER_383,1.0
29,DER_384,0.0
29,DER_385,0.0
29,DER_386,0.0
29,DER_387,0.0
29,DER_388,0.0
29,DER_389,0.0
29,DER_390,1.0
29,DER_391,0.0
29,DER_392,1.0
29,DER_393,0.0
29,DER_394,1.0
29,DER_395,0.0
29,DER_396,1.0
29,DER_397,0.0
29,DER_398,0.0
29,DER_399,1.0
29,DER_400,1.0
29,DER_401,0.0
29,DER_402,0.0
29,DER_403,0.0
29,DER_404,0.0
29,DER_405,0.0
29,DER_406,0.0
29,DER_407,1.0
29,DER_408,1.0
29,DER_409,1.0
29,DER_410,0.0
29,DER_411,1.0
29,DER_412,0.0
29,DER_413,1.0
29,DER_414,1.0
29,DER_415,0.0
29,DER_416,0.0
29,DER_417,0.0
29,DER_418,0.0
29,DER_419,0.0
29,DER_420,0.0
29,DER_421,0.0
29,DER_422,0.0
29,DER_423,0.0
29,DER_424,0.0
29,DER_425,0.0
29,DER_426,0.0
29,DER_427,1.0
29,DER_428,0.0
29,DER_429,1.0
29,DER_430,0.0
29,DER_431,0.0
29,DER_432,0.0
29,DER_433,1.0
29,DER_434,1.0
29,DER_435,1.0
29,DER_436,0.0
29,DER_437,0.0
29,DER_438,1.0
29,DER_439,0.0
29,DER_440,1.0
29,DER_441,0.0
29,DER_442,0.0
29,DER_443,0.0
29,DER_444,0.0
29,DER_445,0.0
29,DER_446,1.0
29,DER_447,1.0
29,DER_448,0.0
29,DER_449,0.0
29,DER_450,1.0
30,DER_1,0.0
30,DER_2,1.0
30,DER_3,0.0
30,DER_4,0.0
30,DER_5,0.0
30,DER_6,1.0
30,DER_7,0.0
30,DER_8,0.0
30,DER_9,1.0
30,DER_10,0.0
30,DER_11,0.0
30,DER_12,0.0
30,DER_13,1.0
30,DER_14,0.0
30,DER_15,1.0
30,DER_16,1.0
30,DER_17,0.0
30,DER_18,0.0
30,DER_19,0.0
30,DER_20,0.0
30,DER_21,0.0
30,DER_22,0.0
30,DER_23,0.0
30,DER_24,1.0
30,DER_25,0.0
30,DER_26,0.0
30,DER_27,1.0
30,DER_28,0.0
30,DER_29,0.0
30,DER_30,0.0
30,DER_31,0.0
30,DER_32,1.0
30,DER_33,0.0
30,DER_34,1.0
30,DER_35,0.0
30,DER_36,1.0
30,DER_37,0.0
30,DER_38,1.0
30,DER_39,0.0
30,DER_40,0.0
30,DER_41,0.0
30,DER_42,1.0
30,DER_43,0.0
30,DER_44,1.0
30,DER_45,1.0
30,DER_46,0.0
30,DER_47,1.0
30,DER_48,1.0
30,DER_49,1.0
30,DER_50,0.0
30,DER_51,1.0
30,DER_52,0.0
30,DER_53,1.0
30,DER_54,1.0
30,DER_55,0.0
30,DER_56,1.0
30,DER_57,0.0
30,DER_58,1.0
30,DER_59,0.0
30,DER_60,0.0
30,DER_61,0.0
30,DER_62,0.0
30,DER_63,1.0
30,DER_64,1.0
30,DER_65,0.0
30,DER_66,0.0
30,DER_67,0.0
30,DER_68,0.0
30,DER_69,1.0
30,DER_70,0.0
30,DER_71,0.0
30,DER_72,0.0
30,DER_73,0.0
30,DER_74,0.0
30,DER_75,0.0
30,DER_76,0.0
30,DER_77,0.0
30,DER_78,1.0
30,DER_79,1.0
30,DER_80,0.0
30,DER_81,0.0
30,DER_82,1.0
30,DER_83,1.0
30,DER_84,0.0
30,DER_85,0.0
30,DER_86,1.0
30,DER_87,1.0
30,DER_88,0.0
30,DER_89,1.0
30,DER_90,0.0
30,DER_91,0.0
30,DER_92,0.0
30,DER_93,0.0
30,DER_94,1.0
30,DER_95,1.0
30,DER_96,0.0
30,DER_97,0.0
30,DER_98,1.0
30,DER_99,0.0
30,DER_100,0.0
30,DER_101,0.0
30,DER_102,0.0
30,DER_103,1.0
30,DER_104,1.0
30,DER_105,0.0
30,DER_106,1.0
30,DER_107,1.0
30,DER_108,1.0
30,DER_109,0.0
30,DER_110,0.0
30,DER_111,0.0
30,DER_112,1.0
30,DER_113,1.0
30,DER_114,1.0
30,DER_115,0.0
30,DER_116,0.0
30,DER_117,1.0
30,DER_118,0.0
30,DER_119,0.0
30,DER_120,0.0
30,DER_121,1.0
30,DER_122,0.0
30,DER_123,0.0
30,DER_124,1.0
30,DER_125,0.0
30,DER_126,0.0
30,DER_127,1.0
30,DER_128,0.0
30,DER_129,0.0
30,DER_130,0.0
30,DER_131,0.0
30,DER_132,1.0
30,DER_133,1.0
30,DER_134,1.0
30,DER_135,0.0
30,DER_136,0.0
30,DER_137,0.0
30,DER_138,0.0
30,DER_139,0.0
30,DER_140,0.0
30,DER_141,0.0
30,DER_142,1.0
30,DER_143,1.0
30,DER_144,0.0
30,DER_145,0.0
30,DER_146,0.0
30,DER_147,1.0
30,DER_148,1.0
30,DER_149,0.0
30,DER_150,1.0
30,DER_151,1.0
30,DER_152,1.0
30,DER_153,0.0
30,DER_154,0.0
30,DER_155,0.0
30,DER_156,0.0
30,DER_157,1.0
30,DER_158,0.0
30,DER_159,0.0
30,DER_160,0.0
30,DER_161,1.0
30,DER_162,1.0
30,DER_163,0.0
30,DER_164,0.0
30,DER_165,0.0
30,DER_166,0.0
30,DER_167,0.0
30,DER_168,0.0
30,DER_169,1.0
30,DER_170,1.0
30,DER_171,0.0
30,DER_172,1.0
30,DER_173,1.0
30,DER_174,1.0
30,DER_175,0.0
30,DER_176,1.0
30,DER_177,0.0
30,DER_178,1.0
30,DER_179,0.0
30,DER_180,0.0
30,DER_181,0.0
30,DER_182,0.0
30,DER_183,0.0
30,DER_184,0.0
30,DER_185,1.0
30,DER_186,1.0
30,DER_187,1.0
30,DER_188,0.0
30,DER_189,0.0
30,DER_190,0.0
30,DER_191,1.0
30,DER_192,0.0
30,DER_193,0.0
30,DER_194,1.0
30,DER_195,0.0
30,DER_196,0.0
30,DER_197,1.0
30,DER_198,0.0
30,DER_199,0.0
30,DER_200,0.0
30,DER_201,0.0
30,DER_202,1.0
30,DER_203,0.0
30,DER_204,0.0
30,DER_205,0.0
30,DER_206,0.0
30,DER_207,0.0
30,DER_208,1.0
30,DER_209,0.0
30,DER_210,0.0
30,DER_211,1.0
30,DER_212,1.0
30,DER_213,0.0
30,DER_214,1.0
30,DER_215,1.0
30,DER_216,0.0
30,DER_217,0.0
30,DER_218,0.0
30,DER_219,1.0
30,DER_220,1.0
30,DER_221,0.0
30,DER_222,0.0
30,DER_223,0.0
30,DER_224,1.0
30,DER_225,0.0
30,DER_226,0.0
30,DER_227,0.0
30,DER_228,0.0
30,DER_229,0.0
30,DER_230,0.0
30,DER_231,1.0
30,DER_232,0.0
30,DER_233,1.0
30,DER_234,0.0
30,DER_235,0.0
30,DER_236,0.0
30,DER_237,0.0
30,DER_238,0.0
30,DER_239,0.0
30,DER_240,0.0
30,DER_241,0.0
30,DER_242,1.0
30,DER_243,0.0
30,DER_244,0.0
30,DER_245,0.0
30,DER_246,0.0
30,DER_247,1.0
30,DER_248,1.0
30,DER_249,0.0
30,DER_250,1.0
30,DER_251,0.0
30,DER_252,0.0
30,DER_253,1.0
30,DER_254,0.0
30,DER_255,0.0
30,DER_256,0.0
30,DER_257,1.0
30,DER_258,0.0
30,DER_259,0.0
30,DER_260,0.0
30,DER_261,0.0
30,DER_262,0.0
30,DER_263,1.0
30,DER_264,0.0
30,DER_265,1.0
30,DER_266,0.0
30,DER_267,0.0
30,DER_268,0.0
30,DER_269,0.0
30,DER_270,1.0
30,DER_271,1.0
30,DER_272,0.0
30,DER_273,0.0
30,DER_274,1.0
30,DER_275,1.0
30,DER_276,1.0
30,DER_277,0.0
30,DER_278,1.0
30,DER_279,1.0
30,DER_280,0.0
30,DER_281,0.0
30,DER_282,0.0
30,DER_283,1.0
30,DER_284,1.0
30,DER_285,0.0
30,DER_286,1.0
30,DER_287,0.0
30,DER_288,0.0
30,DER_289,0.0
30,DER_290,0.0
30,DER_291,0.0
30,DER_292,0.0
30,DER_293,0.0
30,DER_294,0.0
30,DER_295,0.0
30,DER_296,1.0
30,DER_297,0.0
30,DER_298,0.0
30,DER_299,0.0
30,DER_300,1.0
30,DER_301,1.0
30,DER_302,1.0
30,DER_303,0.0
30,DER_304,0.0
30,DER_305,0.0
30,DER_306,1.0
30,DER_307,1.0
30,DER_308,0.0
30,DER_309,1.0
30,DER_310,1.0
30,DER_311,0.0
30,DER_312,1.0
30,DER_313,0.0
30,DER_314,0.0
30,DER_315,1.0
30,DER_316,1.0
30,DER_317,0.0
30,DER_318,0.0
30,DER_319,0.0
30,DER_320,1.0
30,DER_321,1.0
30,DER_322,0.0
30,DER_323,0.0
30,DER_324,0.0
30,DER_325,0.0
30,DER_326,0.0
30,DER_327,1.0
30,DER_328,1.0
30,DER_329,0.0
30,DER_330,1.0
30,DER_331,1.0
30,DER_332,0.0
30,DER_333,0.0
30,DER_334,0.0
30,DER_335,1.0
30,DER_336,1.0
30,DER_337,0.0
30,DER_338,1.0
30,DER_339,1.0
30,DER_340,0.0
30,DER_341,1.0
30,DER_342,0.0
30,DER_343,0.0
30,DER_344,1.0
30,DER_345,0.0
30,DER_346,1.0
30,DER_347,0.0
30,DER_348,0.0
30,DER_349,0.0
30,DER_350,0.0
30,DER_351,0.0
30,DER_352,1.0
30,DER_353,1.0
30,DER_354,1.0
30,DER_355,0.0
30,DER_356,0.0
30,DER_357,1.0
30,DER_358,1.0
30,DER_359,1.0
30,DER_360,1.0
30,DER_361,0.0
30,DER_362,0.0
30,DER_363,1.0
30,DER_364,1.0
30,DER_365,0.0
30,DER_366,1.0
30,DER_367,0.0
30,DER_368,0.0
30,DER_369,1.0
30,DER_370,0.0
30,DER_371,0.0
30,DER_372,0.0
30,DER_373,1.0
30,DER_374,1.0
30,DER_375,0.0
30,DER_376,1.0
30,DER_377,1.0
30,DER_378,0.0
30,DER_379,0.0
30,DER_380,1.0
30,DER_381,0.0
30,DER_382,0.0
30,DER_383,1.0
30,DER_384,0.0
30,DER_385,0.0
30,DER_386,0.0
30,DER_387,0.0
30,DER_388,0.0
30,DER_389,0.0
30,DER_390,1.0
30,DER_391,0.0
30,DER_392,1.0
30,DER_393,0.0
30,DER_394,1.0
30,DER_395,0.0
30,DER_396,1.0
30,DER_397,0.0
30,DER_398,0.0
30,DER_399,1.0
30,DER_400,1.0
30,DER_401,0.0
30,DER_402,0.0
30,DER_403,0.0
30,DER_404,1.0
30,DER_405,0.0
30,DER_406,0.0
30,DER_407,1.0
30,DER_408,1.0
30,DER_409,1.0
30,DER_410,0.0
30,DER_411,1.0
30,DER_412,0.0
30,DER_413,1.0
30,DER_414,1.0
30,DER_415,0.0
30,DER_416,0.0
30,DER_417,0.0
30,DER_418,0.0
30,DER_419,0.0
30,DER_420,0.0
30,DER_421,0.0
30,DER_422,0.0
30,DER_423,0.0
30,DER_424,0.0
30,DER_425,0.0
30,DER_426,0.0
30,DER_427,1.0
30,DER_428,0.0
30,DER_429,1.0
30,DER_430,0.0
30,DER_431,0.0
30,DER_432,0.0
30,DER_433,1.0
30,DER_434,1.0
30,DER_435,1.0
30,DER_436,0.0
30,DER_437,0.0
30,DER_438,1.0
30,DER_439,0.0
30,DER_440,1.0
30,DER_441,0.0
30,DER_442,0.0
30,DER_443,1.0
30,DER_444,0.0
30,DER_445,1.0
30,DER_446,1.0
30,DER_447,1.0
30,DER_448,0.0
30,DER_449,0.0
30,DER_450,1.0
31,DER_1,0.0
31,DER_2,1.0
31,DER_3,0.0
31,DER_4,0.0
31,DER_5,0.0
31,DER_6,1.0
31,DER_7,0.0
31,DER_8,0.0
31,DER_9,1.0
31,DER_10,0.0
31,DER_11,0.0
31,DER_12,0.0
31,DER_13,1.0
31,DER_14,0.0
31,DER_15,1.0
31,DER_16,1.0
31,DER_17,0.0
31,DER_18,0.0
31,DER_19,0.0
31,DER_20,0.0
31,DER_21,0.0
31,DER_22,0.0
31,DER_23,0.0
31,DER_24,1.0
31,DER_25,0.0
31,DER_26,0.0
31,DER_27,1.0
31,DER_28,0.0
31,DER_29,0.0
31,DER_30,0.0
31,DER_31,0.0
31,DER_32,1.0
31,DER_33,0.0
31,DER_34,1.0
31,DER_35,0.0
31,DER_36,1.0
31,DER_37,0.0
31,DER_38,1.0
31,DER_39,0.0
31,DER_40,0.0
31,DER_41,0.0
31,DER_42,1.0
31,DER_43,0.0
31,DER_44,1.0
31,DER_45,1.0
31,DER_46,0.0
31,DER_47,1.0
31,DER_48,1.0
31,DER_49,1.0
31,DER_50,0.0
31,DER_51,1.0
31,DER_52,0.0
31,DER_53,1.0
31,DER_54,1.0
31,DER_55,0.0
31,DER_56,1.0
31,DER_57,0.0
31,DER_58,1.0
31,DER_59,0.0
31,DER_60,0.0
31,DER_61,0.0
31,DER_62,0.0
31,DER_63,1.0
31,DER_64,1.0
31,DER_65,0.0
31,DER_66,0.0
31,DER_67,0.0
31,DER_68,0.0
31,DER_69,1.0
31,DER_70,0.0
31,DER_71,0.0
31,DER_72,0.0
31,DER_73,0.0
31,DER_74,0.0
31,DER_75,0.0
31,DER_76,0.0
31,DER_77,0.0
31,DER_78,1.0
31,DER_79,1.0
31,DER_80,0.0
31,DER_81,0.0
31,DER_82,1.0
31,DER_83,1.0
31,DER_84,0.0
31,DER_85,0.0
31,DER_86,1.0
31,DER_87,1.0
31,DER_88,0.0
31,DER_89,1.0
31,DER_90,0.0
31,DER_91,0.0
31,DER_92,0.0
31,DER_93,0.0
31,DER_94,1.0
31,DER_95,1.0
31,DER_96,0.0
31,DER_97,0.0
31,DER_98,1.0
31,DER_99,0.0
31,DER_100,0.0
31,DER_101,0.0
31,DER_102,0.0
31,DER_103,1.0
31,DER_104,1.0
31,DER_105,0.0
31,DER_106,1.0
31,DER_107,1.0
31,DER_108,1.0
31,DER_109,0.0
31,DER_110,0.0
31,DER_111,0.0
31,DER_112,1.0
31,DER_113,1.0
31,DER_114,1.0
31,DER_115,0.0
31,DER_116,0.0
31,DER_117,1.0
31,DER_118,0.0
31,DER_119,0.0
31,DER_120,0.0
31,DER_121,1.0
31,DER_122,0.0
31,DER_123,0.0
31,DER_124,1.0
31,DER_125,0.0
31,DER_126,0.0
31,DER_127,0.0
31,DER_128,0.0
31,DER_129,0.0
31,DER_130,0.0
31,DER_131,0.0
31,DER_132,1.0
31,DER_133,1.0
31,DER_134,1.0
31,DER_135,0.0
31,DER_136,0.0
31,DER_137,0.0
31,DER_138,0.0
31,DER_139,0.0
31,DER_140,0.0
31,DER_141,0.0
31,DER_142,1.0
31,DER_143,1.0
31,DER_144,0.0
31,DER_145,0.0
31,DER_146,0.0
31,DER_147,1.0
31,DER_148,1.0
31,DER_149,0.0
31,DER_150,1.0
31,DER_151,1.0
31,DER_152,1.0
31,DER_153,0.0
31,DER_154,0.0
31,DER_155,0.0
31,DER_156,0.0
31,DER_157,1.0
31,DER_158,0.0
31,DER_159,0.0
31,DER_160,0.0
31,DER_161,1.0
31,DER_162,1.0
31,DER_163,0.0
31,DER_164,0.0
31,DER_165,0.0
31,DER_166,0.0
31,DER_167,0.0
31,DER_168,0.0
31,DER_169,1.0
31,DER_170,1.0
31,DER_171,0.0
31,DER_172,1.0
31,DER_173,1.0
31,DER_174,1.0
31,DER_175,0.0
31,DER_176,1.0
31,DER_177,0.0
31,DER_178,1.0
31,DER_179,0.0
31,DER_180,0.0
31,DER_181,0.0
31,DER_182,0.0
31,DER_183,0.0
31,DER_184,0.0
31,DER_185,1.0
31,DER_186,1.0
31,DER_187,1.0
31,DER_188,0.0
31,DER_189,0.0
31,DER_190,0.0
31,DER_191,1.0
31,DER_192,0.0
31,DER_193,0.0
31,DER_194,1.0
31,DER_195,0.0
31,DER_196,0.0
31,DER_197,1.0
31,DER_198,0.0
31,DER_199,0.0
31,DER_200,0.0
31,DER_201,0.0
31,DER_202,1.0
31,DER_203,0.0
31,DER_204,0.0
31,DER_205,0.0
31,DER_206,0.0
31,DER_207,0.0
31,DER_208,1.0
31,DER_209,0.0
31,DER_210,0.0
31,DER_211,1.0
31,DER_212,1.0
31,DER_213,0.0
31,DER_214,0.0
31,DER_215,1.0
31,DER_216,0.0
31,DER_217,0.0
31,DER_218,0.0
31,DER_219,1.0
31,DER_220,1.0
31,DER_221,0.0
31,DER_222,0.0
31,DER_223,0.0
31,DER_224,0.0
31,DER_225,0.0
31,DER_226,0.0
31,DER_227,0.0
31,DER_228,0.0
31,DER_229,0.0
31,DER_230,0.0
31,DER_231,1.0
31,DER_232,0.0
31,DER_233,1.0
31,DER_234,0.0
31,DER_235,0.0
31,DER_236,0.0
31,DER_237,0.0
31,DER_238,0.0
31,DER_239,0.0
31,DER_240,0.0
31,DER_241,0.0
31,DER_242,1.0
31,DER_243,0.0
31,DER_244,0.0
31,DER_245,0.0
31,DER_246,0.0
31,DER_247,1.0
31,DER_248,1.0
31,DER_249,0.0
31,DER_250,1.0
31,DER_251,0.0
31,DER_252,0.0
31,DER_253,1.0
31,DER_254,0.0
31,DER_255,0.0
31,DER_256,0.0
31,DER_257,1.0
31,DER_258,0.0
31,DER_259,0.0
31,DER_260,0.0
31,DER_261,0.0
31,DER_262,0.0
31,DER_263,1.0
31,DER_264,0.0
31,DER_265,1.0
31,DER_266,0.0
31,DER_267,0.0
31,DER_268,0.0
31,DER_269,0.0
31,DER_270,1.0
31,DER_271,1.0
31,DER_272,0.0
31,DER_273,0.0
31,DER_274,1.0
31,DER_275,1.0
31,DER_276,1.0
31,DER_277,0.0
31,DER_278,1.0
31,DER_279,1.0
31,DER_280,0.0
31,DER_281,0.0
31,DER_282,0.0
31,DER_283,1.0
31,DER_284,1.0
31,DER_285,0.0
31,DER_286,0.0
31,DER_287,0.0
31,DER_288,0.0
31,DER_289,0.0
31,DER_290,0.0
31,DER_291,0.0
31,DER_292,0.0
31,DER_293,0.0
31,DER_294,0.0
31,DER_295,0.0
31,DER_296,1.0
31,DER_297,0.0
31,DER_298,0.0
31,DER_299,0.0
31,DER_300,1.0
31,DER_301,1.0
31,DER_302,1.0
31,DER_303,0.0
31,DER_304,0.0
31,DER_305,0.0
31,DER_306,1.0
31,DER_307,1.0
31,DER_308,0.0
31,DER_309,1.0
31,DER_310,1.0
31,DER_311,0.0
31,DER_312,1.0
31,DER_313,0.0
31,DER_314,0.0
31,DER_315,1.0
31,DER_316,1.0
31,DER_317,0.0
31,DER_318,0.0
31,DER_319,0.0
31,DER_320,1.0
31,DER_321,1.0
31,DER_322,0.0
31,DER_323,0.0
31,DER_324,0.0
31,DER_325,0.0
31,DER_326,0.0
31,DER_327,1.0
31,DER_328,1.0
31,DER_329,0.0
31,DER_330,1.0
31,DER_331,1.0
31,DER_332,0.0
31,DER_333,0.0
31,DER_334,0.0
31,DER_335,1.0
31,DER_336,1.0
31,DER_337,0.0
31,DER_338,1.0
31,DER_339,1.0
31,DER_340,0.0
31,DER_341,1.0
31,DER_342,0.0
31,DER_343,0.0
31,DER_344,1.0
31,DER_345,0.0
31,DER_346,1.0
31,DER_347,0.0
31,DER_348,0.0
31,DER_349,0.0
31,DER_350,0.0
31,DER_351,0.0
31,DER_352,1.0
31,DER_353,1.0
31,DER_354,1.0
31,DER_355,0.0
31,DER_356,0.0
31,DER_357,1.0
31,DER_358,1.0
31,DER_359,1.0
31,DER_360,1.0
31,DER_361,0.0
31,DER_362,0.0
31,DER_363,1.0
31,DER_364,1.0
31,DER_365,0.0
31,DER_366,1.0
31,DER_367,0.0
31,DER_368,0.0
31,DER_369,1.0
31,DER_370,0.0
31,DER_371,0.0
31,DER_372,0.0
31,DER_373,1.0
31,DER_374,1.0
31,DER_375,0.0
31,DER_376,1.0
31,DER_377,1.0
31,DER_378,0.0
31,DER_379,0.0
31,DER_380,1.0
31,DER_381,0.0
31,DER_382,0.0
31,DER_383,1.0
31,DER_384,0.0
31,DER_385,0.0
31,DER_386,0.0
31,DER_387,0.0
31,DER_388,0.0
31,DER_389,0.0
31,DER_390,1.0
31,DER_391,0.0
31,DER_392,1.0
31,DER_393,0.0
31,DER_394,1.0
31,DER_395,0.0
31,DER_396,1.0
31,DER_397,0.0
31,DER_398,0.0
31,DER_399,1.0
31,DER_400,1.0
31,DER_401,0.0
31,DER_402,0.0
31,DER_403,0.0
31,DER_404,1.0
31,DER_405,0.0
31,DER_406,0.0
31,DER_407,1.0
31,DER_408,1.0
31,DER_409,1.0
31,DER_410,0.0
31,DER_411,1.0
31,DER_412,0.0
31,DER_413,0.0
31,DER_414,1.0
31,DER_415,0.0
31,DER_416,0.0
31,DER_417,0.0
31,DER_418,0.0
31,DER_419,0.0
31,DER_420,0.0
31,DER_421,0.0
31,DER_422,0.0
31,DER_423,0.0
31,DER_424,0.0
31,DER_425,0.0
31,DER_426,0.0
31,DER_427,1.0
31,DER_428,0.0
31,DER_429,1.0
31,DER_430,0.0
31,DER_431,0.0
31,DER_432,0.0
31,DER_433,1.0
31,DER_434,1.0
31,DER_435,1.0
31,DER_436,0.0
31,DER_437,0.0
31,DER_438,1.0
31,DER_439,0.0
31,DER_440,1.0
31,DER_441,0.0
31,DER_442,0.0
31,DER_443,1.0
31,DER_444,0.0
31,DER_445,1.0
31,DER_446,1.0
31,DER_447,1.0
31,DER_448,0.0
31,DER_449,0.0
31,DER_450,1.0
32,DER_1,0.0
32,DER_2,1.0
32,DER_3,0.0
32,DER_4,0.0
32,DER_5,0.0
32,DER_6,1.0
32,DER_7,0.0
32,DER_8,0.0
32,DER_9,1.0
32,DER_10,0.0
32,DER_11,0.0
32,DER_12,0.0
32,DER_13,1.0
32,DER_14,0.0
32,DER_15,1.0
32,DER_16,1.0
32,DER_17,0.0
32,DER_18,0.0
32,DER_19,0.0
32,DER_20,0.0
32,DER_21,0.0
32,DER_22,0.0
32,DER_23,0.0
32,DER_24,1.0
32,DER_25,0.0
32,DER_26,0.0
32,DER_27,1.0
32,DER_28,0.0
32,DER_29,0.0
32,DER_30,0.0
32,DER_31,0.0
32,DER_32,1.0
32,DER_33,0.0
32,DER_34,1.0
32,DER_35,0.0
32,DER_36,1.0
32,DER_37,0.0
32,DER_38,1.0
32,DER_39,0.0
32,DER_40,0.0
32,DER_41,0.0
32,DER_42,1.0
32,DER_43,0.0
32,DER_44,1.0
32,DER_45,1.0
32,DER_46,0.0
32,DER_47,1.0
32,DER_48,1.0
32,DER_49,1.0
32,DER_50,0.0
32,DER_51,1.0
32,DER_52,0.0
32,DER_53,1.0
32,DER_54,1.0
32,DER_55,0.0
32,DER_56,1.0
32,DER_57,0.0
32,DER_58,1.0
32,DER_59,0.0
32,DER_60,0.0
32,DER_61,0.0
32,DER_62,0.0
32,DER_63,1.0
32,DER_64,1.0
32,DER_65,0.0
32,DER_66,0.0
32,DER_67,0.0
32,DER_68,0.0
32,DER_69,1.0
32,DER_70,0.0
32,DER_71,0.0
32,DER_72,0.0
32,DER_73,0.0
32,DER_74,0.0
32,DER_75,0.0
32,DER_76,0.0
32,DER_77,0.0
32,DER_78,1.0
32,DER_79,1.0
32,DER_80,0.0
32,DER_81,0.0
32,DER_82,1.0
32,DER_83,1.0
32,DER_84,0.0
32,DER_85,0.0
32,DER_86,1.0
32,DER_87,1.0
32,DER_88,0.0
32,DER_89,1.0
32,DER_90,0.0
32,DER_91,0.0
32,DER_92,0.0
32,DER_93,0.0
32,DER_94,1.0
32,DER_95,1.0
32,DER_96,0.0
32,DER_97,1.0
32,DER_98,1.0
32,DER_99,0.0
32,DER_100,0.0
32,DER_101,0.0
32,DER_102,0.0
32,DER_103,1.0
32,DER_104,1.0
32,DER_105,0.0
32,DER_106,1.0
32,DER_107,1.0
32,DER_108,1.0
32,DER_109,0.0
32,DER_110,0.0
32,DER_111,0.0
32,DER_112,1.0
32,DER_113,1.0
32,DER_114,1.0
32,DER_115,0.0
32,DER_116,0.0
32,DER_117,1.0
32,DER_118,0.0
32,DER_119,0.0
32,DER_120,0.0
32,DER_121,1.0
32,DER_122,0.0
32,DER_123,0.0
32,DER_124,1.0
32,DER_125,0.0
32,DER_126,0.0
32,DER_127,0.0
32,DER_128,0.0
32,DER_129,0.0
32,DER_130,0.0
32,DER_131,0.0
32,DER_132,1.0
32,DER_133,1.0
32,DER_134,1.0
32,DER_135,1.0
32,DER_136,1.0
32,DER_137,0.0
32,DER_138,0.0
32,DER_139,0.0
32,DER_140,0.0
32,DER_141,0.0
32,DER_142,1.0
32,DER_143,1.0
32,DER_144,0.0
32,DER_145,0.0
32,DER_146,0.0
32,DER_147,1.0
32,DER_148,1.0
32,DER_149,0.0
32,DER_150,1.0
32,DER_151,1.0
32,DER_152,1.0
32,DER_153,0.0
32,DER_154,0.0
32,DER_155,0.0
32,DER_156,0.0
32,DER_157,1.0
32,DER_158,0.0
32,DER_159,0.0
32,DER_160,0.0
32,DER_161,1.0
32,DER_162,1.0
32,DER_163,0.0
32,DER_164,0.0
32,DER_165,0.0
32,DER_166,0.0
32,DER_167,0.0
32,DER_168,0.0
32,DER_169,1.0
32,DER_170,1.0
32,DER_171,0.0
32,DER_172,1.0
32,DER_173,1.0
32,DER_174,1.0
32,DER_175,0.0
32,DER_176,1.0
32,DER_177,0.0
32,DER_178,1.0
32,DER_179,0.0
32,DER_180,0.0
32,DER_181,0.0
32,DER_182,1.0
32,DER_183,0.0
32,DER_184,0.0
32,DER_185,1.0
32,DER_186,1.0
32,DER_187,1.0
32,DER_188,0.0
32,DER_189,0.0
32,DER_190,1.0
32,DER_191,1.0
32,DER_192,0.0
32,DER_193,0.0
32,DER_194,1.0
32,DER_195,0.0
32,DER_196,0.0
32,DER_197,1.0
32,DER_198,0.0
32,DER_199,0.0
32,DER_200,0.0
32,DER_201,0.0
32,DER_202,1.0
32,DER_203,0.0
32,DER_204,0.0
32,DER_205,0.0
32,DER_206,0.0
32,DER_207,0.0
32,DER_208,1.0
32,DER_209,0.0
32,DER_210,0.0
32,DER_211,1.0
32,DER_212,1.0
32,DER_213,0.0
32,DER_214,0.0
32,DER_215,1.0
32,DER_216,0.0
32,DER_217,0.0
32,DER_218,0.0
32,DER_219,1.0
32,DER_220,1.0
32,DER_221,0.0
32,DER_222,0.0
32,DER_223,0.0
32,DER_224,0.0
32,DER_225,0.0
32,DER_226,0.0
32,DER_227,0.0
32,DER_228,0.0
32,DER_229,0.0
32,DER_230,0.0
32,DER_231,1.0
32,DER_232,0.0
32,DER_233,1.0
32,DER_234,1.0
32,DER_235,0.0
32,DER_236,0.0
32,DER_237,0.0
32,DER_238,0.0
32,DER_239,0.0
32,DER_240,0.0
32,DER_241,0.0
32,DER_242,1.0
32,DER_243,0.0
32,DER_244,0.0
32,DER_245,0.0
32,DER_246,0.0
32,DER_247,1.0
32,DER_248,1.0
32,DER_249,0.0
32,DER_250,1.0
32,DER_251,0.0
32,DER_252,0.0
32,DER_253,1.0
32,DER_254,0.0
32,DER_255,0.0
32,DER_256,0.0
32,DER_257,1.0
32,DER_258,0.0
32,DER_259,0.0
32,DER_260,0.0
32,DER_261,0.0
32,DER_262,0.0
32,DER_263,1.0
32,DER_264,0.0
32,DER_265,1.0
32,DER_266,0.0
32,DER_267,0.0
32,DER_268,1.0
32,DER_269,0.0
32,DER_270,1.0
32,DER_271,1.0
32,DER_272,0.0
32,DER_273,0.0
32,DER_274,1.0
32,DER_275,1.0
32,DER_276,1.0
32,DER_277,0.0
32,DER_278,1.0
32,DER_279,1.0
32,DER_280,0.0
32,DER_281,0.0
32,DER_282,0.0
32,DER_283,1.0
32,DER_284,1.0
32,DER_285,0.0
32,DER_286,0.0
32,DER_287,0.0
32,DER_288,0.0
32,DER_289,0.0
32,DER_290,0.0
32,DER_291,0.0
32,DER_292,0.0
32,DER_293,0.0
32,DER_294,0.0
32,DER_295,0.0
32,DER_296,1.0
32,DER_297,0.0
32,DER_298,0.0
32,DER_299,0.0
32,DER_300,1.0
32,DER_301,1.0
32,DER_302,1.0
32,DER_303,0.0
32,DER_304,0.0
32,DER_305,0.0
32,DER_306,1.0
32,DER_307,1.0
32,DER_308,0.0
32,DER_309,1.0
32,DER_310,1.0
32,DER_311,0.0
32,DER_312,1.0
32,DER_313,0.0
32,DER_314,0.0
32,DER_315,1.0
32,DER_316,1.0
32,DER_317,0.0
32,DER_318,0.0
32,DER_319,0.0
32,DER_320,1.0
32,DER_321,1.0
32,DER_322,0.0
32,DER_323,0.0
32,DER_324,0.0
32,DER_325,0.0
32,DER_326,0.0
32,DER_327,1.0
32,DER_328,1.0
32,DER_329,0.0
32,DER_330,1.0
32,DER_331,1.0
32,DER_332,0.0
32,DER_333,0.0
32,DER_334,0.0
32,DER_335,1.0
32,DER_336,1.0
32,DER_337,0.0
32,DER_338,1.0
32,DER_339,1.0
32,DER_340,0.0
32,DER_341,1.0
32,DER_342,0.0
32,DER_343,0.0
32,DER_344,1.0
32,DER_345,0.0
32,DER_346,1.0
32,DER_347,0.0
32,DER_348,1.0
32,DER_349,0.0
32,DER_350,0.0
32,DER_351,0.0
32,DER_352,1.0
32,DER_353,1.0
32,DER_354,1.0
32,DER_355,0.0
32,DER_356,0.0
32,DER_357,1.0
32,DER_358,1.0
32,DER_359,1.0
32,DER_360,1.0
32,DER_361,0.0
32,DER_362,1.0
32,DER_363,1.0
32,DER_364,1.0
32,DER_365,0.0
32,DER_366,1.0
32,DER_367,0.0
32,DER_368,0.0
32,DER_369,1.0
32,DER_370,0.0
32,DER_371,0.0
32,DER_372,0.0
32,DER_373,1.0
32,DER_374,1.0
32,DER_375,0.0
32,DER_376,1.0
32,DER_377,1.0
32,DER_378,0.0
32,DER_379,0.0
32,DER_380,1.0
32,DER_381,0.0
32,DER_382,0.0
32,DER_383,1.0
32,DER_384,0.0
32,DER_385,0.0
32,DER_386,0.0
32,DER_387,0.0
32,DER_388,0.0
32,DER_389,0.0
32,DER_390,1.0
32,DER_391,0.0
32,DER_392,1.0
32,DER_393,0.0
32,DER_394,1.0
32,DER_395,0.0
32,DER_396,1.0
32,DER_397,0.0
32,DER_398,0.0
32,DER_399,1.0
32,DER_400,1.0
32,DER_401,0.0
32,DER_402,0.0
32,DER_403,0.0
32,DER_404,1.0
32,DER_405,0.0
32,DER_406,0.0
32,DER_407,1.0
32,DER_408,1.0
32,DER_409,1.0
32,DER_410,0.0
32,DER_411,1.0
32,DER_412,0.0
32,DER_413,0.0
32,DER_414,1.0
32,DER_415,0.0
32,DER_416,0.0
32,DER_417,0.0
32,DER_418,0.0
32,DER_419,0.0
32,DER_420,0.0
32,DER_421,0.0
32,DER_422,0.0
32,DER_423,0.0
32,DER_424,0.0
32,DER_425,0.0
32,DER_426,0.0
32,DER_427,1.0
32,DER_428,0.0
32,DER_429,1.0
32,DER_430,0.0
32,DER_431,0.0
32,DER_432,0.0
32,DER_433,1.0
32,DER_434,1.0
32,DER_435,1.0
32,DER_436,0.0
32,DER_437,0.0
32,DER_438,1.0
32,DER_439,0.0
32,DER_440,1.0
32,DER_441,0.0
32,DER_442,0.0
32,DER_443,1.0
32,DER_444,0.0
32,DER_445,1.0
32,DER_446,1.0
32,DER_447,1.0
32,DER_448,0.0
32,DER_449,0.0
32,DER_450,1.0
33,DER_1,0.0
33,DER_2,1.0
33,DER_3,0.0
33,DER_4,0.0
33,DER_5,0.0
33,DER_6,1.0
33,DER_7,0.0
33,DER_8,0.0
33,DER_9,1.0
33,DER_10,0.0
33,DER_11,0.0
33,DER_12,0.0
33,DER_13,1.0
33,DER_14,0.0
33,DER_15,1.0
33,DER_16,1.0
33,DER_17,0.0
33,DER_18,0.0
33,DER_19,0.0
33,DER_20,0.0
33,DER_21,0.0
33,DER_22,0.0
33,DER_23,0.0
33,DER_24,1.0
33,DER_25,0.0
33,DER_26,0.0
33,DER_27,1.0
33,DER_28,0.0
33,DER_29,0.0
33,DER_30,0.0
33,DER_31,0.0
33,DER_32,1.0
33,DER_33,0.0
33,DER_34,1.0
33,DER_35,0.0
33,DER_36,1.0
33,DER_37,0.0
33,DER_38,1.0
33,DER_39,0.0
33,DER_40,0.0
33,DER_41,0.0
33,DER_42,1.0
33,DER_43,0.0
33,DER_44,1.0
33,DER_45,1.0
33,DER_46,0.0
33,DER_47,1.0
33,DER_48,1.0
33,DER_49,1.0
33,DER_50,0.0
33,DER_51,1.0
33,DER_52,0.0
33,DER_53,1.0
33,DER_54,1.0
33,DER_55,0.0
33,DER_56,1.0
33,DER_57,0.0
33,DER_58,1.0
33,DER_59,0.0
33,DER_60,0.0
33,DER_61,0.0
33,DER_62,0.0
33,DER_63,1.0
33,DER_64,1.0
33,DER_65,0.0
33,DER_66,0.0
33,DER_67,0.0
33,DER_68,0.0
33,DER_69,1.0
33,DER_70,0.0
33,DER_71,0.0
33,DER_72,0.0
33,DER_73,0.0
33,DER_74,0.0
33,DER_75,0.0
33,DER_76,0.0
33,DER_77,0.0
33,DER_78,1.0
33,DER_79,1.0
33,DER_80,0.0
33,DER_81,0.0
33,DER_82,1.0
33,DER_83,1.0
33,DER_84,0.0
33,DER_85,0.0
33,DER_86,1.0
33,DER_87,1.0
33,DER_88,0.0
33,DER_89,1.0
33,DER_90,0.0
33,DER_91,0.0
33,DER_92,0.0
33,DER_93,0.0
33,DER_94,1.0
33,DER_95,1.0
33,DER_96,0.0
33,DER_97,1.0
33,DER_98,1.0
33,DER_99,0.0
33,DER_100,0.0
33,DER_101,0.0
33,DER_102,0.0
33,DER_103,1.0
33,DER_104,1.0
33,DER_105,0.0
33,DER_106,1.0
33,DER_107,1.0
33,DER_108,1.0
33,DER_109,0.0
33,DER_110,0.0
33,DER_111,0.0
33,DER_112,0.0
33,DER_113,1.0
33,DER_114,1.0
33,DER_115,0.0
33,DER_116,0.0
33,DER_117,1.0
33,DER_118,0.0
33,DER_119,0.0
33,DER_120,0.0
33,DER_121,1.0
33,DER_122,0.0
33,DER_123,0.0
33,DER_124,1.0
33,DER_125,0.0
33,DER_126,0.0
33,DER_127,0.0
33,DER_128,0.0
33,DER_129,0.0
33,DER_130,0.0
33,DER_131,0.0
33,DER_132,1.0
33,DER_133,1.0
33,DER_134,1.0
33,DER_135,1.0
33,DER_136,1.0
33,DER_137,0.0
33,DER_138,0.0
33,DER_139,0.0
33,DER_140,0.0
33,DER_141,0.0
33,DER_142,1.0
33,DER_143,1.0
33,DER_144,0.0
33,DER_145,0.0
33,DER_146,0.0
33,DER_147,1.0
33,DER_148,1.0
33,DER_149,0.0
33,DER_150,0.0
33,DER_151,1.0
33,DER_152,1.0
33,DER_153,0.0
33,DER_154,0.0
33,DER_155,0.0
33,DER_156,0.0
33,DER_157,1.0
33,DER_158,0.0
33,DER_159,0.0
33,DER_160,0.0
33,DER_161,1.0
33,DER_162,1.0
33,DER_163,0.0
33,DER_164,0.0
33,DER_165,0.0
33,DER_166,0.0
33,DER_167,0.0
33,DER_168,0.0
33,DER_169,1.0
33,DER_170,1.0
33,DER_171,0.0
33,DER_172,1.0
33,DER_173,1.0
33,DER_174,1.0
33,DER_175,0.0
33,DER_176,1.0
33,DER_177,0.0
33,DER_178,1.0
33,DER_179,0.0
33,DER_180,0.0
33,DER_181,0.0
33,DER_182,1.0
33,DER_183,0.0
33,DER_184,0.0
33,DER_185,1.0
33,DER_186,1.0
33,DER_187,1.0
33,DER_188,0.0
33,DER_189,0.0
33,DER_190,1.0
33,DER_191,1.0
33,DER_192,0.0
33,DER_193,0.0
33,DER_194,1.0
33,DER_195,0.0
33,DER_196,0.0
33,DER_197,1.0
33,DER_198,0.0
33,DER_199,0.0
33,DER_200,0.0
33,DER_201,0.0
33,DER_202,1.0
33,DER_203,0.0
33,DER_204,0.0
33,DER_205,0.0
33,DER_206,0.0
33,DER_207,0.0
33,DER_208,1.0
33,DER_209,0.0
33,DER_210,0.0
33,DER_211,1.0
33,DER_212,1.0
33,DER_213,0.0
33,DER_214,0.0
33,DER_215,1.0
33,DER_216,0.0
33,DER_217,0.0
33,DER_218,0.0
33,DER_219,1.0
33,DER_220,1.0
33,DER_221,0.0
33,DER_222,0.0
33,DER_223,0.0
33,DER_224,0.0
33,DER_225,0.0
33,DER_226,0.0
33,DER_227,0.0
33,DER_228,0.0
33,DER_229,0.0
33,DER_230,0.0
33,DER_231,1.0
33,DER_232,0.0
33,DER_233,1.0
33,DER_234,1.0
33,DER_235,0.0
33,DER_236,0.0
33,DER_237,0.0
33,DER_238,0.0
33,DER_239,0.0
33,DER_240,0.0
33,DER_241,0.0
33,DER_242,1.0
33,DER_243,0.0
33,DER_244,0.0
33,DER_245,0.0
33,DER_246,0.0
33,DER_247,1.0
33,DER_248,1.0
33,DER_249,0.0
33,DER_250,1.0
33,DER_251,0.0
33,DER_252,0.0
33,DER_253,1.0
33,DER_254,0.0
33,DER_255,0.0
33,DER_256,0.0
33,DER_257,1.0
33,DER_258,0.0
33,DER_259,0.0
33,DER_260,0.0
33,DER_261,0.0
33,DER_262,0.0
33,DER_263,1.0
33,DER_264,0.0
33,DER_265,1.0
33,DER_266,0.0
33,DER_267,0.0
33,DER_268,1.0
33,DER_269,0.0
33,DER_270,1.0
33,DER_271,1.0
33,DER_272,0.0
33,DER_273,0.0
33,DER_274,1.0
33,DER_275,1.0
33,DER_276,1.0
33,DER_277,0.0
33,DER_278,1.0
33,DER_279,1.0
33,DER_280,0.0
33,DER_281,0.0
33,DER_282,0.0
33,DER_283,1.0
33,DER_284,1.0
33,DER_285,0.0
33,DER_286,0.0
33,DER_287,0.0
33,DER_288,0.0
33,DER_289,0.0
33,DER_290,0.0
33,DER_291,0.0
33,DER_292,0.0
33,DER_293,0.0
33,DER_294,0.0
33,DER_295,0.0
33,DER_296,1.0
33,DER_297,0.0
33,DER_298,0.0
33,DER_299,0.0
33,DER_300,1.0
33,DER_301,1.0
33,DER_302,1.0
33,DER_303,0.0
33,DER_304,0.0
33,DER_305,0.0
33,DER_306,1.0
33,DER_307,1.0
33,DER_308,0.0
33,DER_309,1.0
33,DER_310,1.0
33,DER_311,0.0
33,DER_312,0.0
33,DER_313,0.0
33,DER_314,0.0
33,DER_315,1.0
33,DER_316,1.0
33,DER_317,0.0
33,DER_318,0.0
33,DER_319,0.0
33,DER_320,1.0
33,DER_321,1.0
33,DER_322,0.0
33,DER_323,0.0
33,DER_324,0.0
33,DER_325,0.0
33,DER_326,0.0
33,DER_327,1.0
33,DER_328,1.0
33,DER_329,0.0
33,DER_330,1.0
33,DER_331,1.0
33,DER_332,0.0
33,DER_333,0.0
33,DER_334,0.0
33,DER_335,1.0
33,DER_336,1.0
33,DER_337,0.0
33,DER_338,1.0
33,DER_339,1.0
33,DER_340,0.0
33,DER_341,1.0
33,DER_342,0.0
33,DER_343,0.0
33,DER_344,1.0
33,DER_345,0.0
33,DER_346,0.0
33,DER_347,0.0
33,DER_348,1.0
33,DER_349,0.0
33,DER_350,0.0
33,DER_351,0.0
33,DER_352,1.0
33,DER_353,1.0
33,DER_354,1.0
33,DER_355,0.0
33,DER_356,0.0
33,DER_357,1.0
33,DER_358,1.0
33,DER_359,1.0
33,DER_360,1.0
33,DER_361,0.0
33,DER_362,1.0
33,DER_363,1.0
33,DER_364,1.0
33,DER_365,0.0
33,DER_366,1.0
33,DER_367,0.0
33,DER_368,0.0
33,DER_369,1.0
33,DER_370,0.0
33,DER_371,0.0
33,DER_372,0.0
33,DER_373,1.0
33,DER_374,1.0
33,DER_375,0.0
33,DER_376,1.0
33,DER_377,1.0
33,DER_378,0.0
33,DER_379,0.0
33,DER_380,1.0
33,DER_381,0.0
33,DER_382,0.0
33,DER_383,1.0
33,DER_384,0.0
33,DER_385,0.0
33,DER_386,0.0
33,DER_387,0.0
33,DER_388,0.0
33,DER_389,0.0
33,DER_390,1.0
33,DER_391,0.0
33,DER_392,1.0
33,DER_393,0.0
33,DER_394,1.0
33,DER_395,0.0
33,DER_396,1.0
33,DER_397,0.0
33,DER_398,0.0
33,DER_399,0.0
33,DER_400,1.0
33,DER_401,0.0
33,DER_402,0.0
33,DER_403,0.0
33,DER_404,1.0
33,DER_405,0.0
33,DER_406,0.0
33,DER_407,1.0
33,DER_408,1.0
33,DER_409,1.0
33,DER_410,0.0
33,DER_411,1.0
33,DER_412,0.0
33,DER_413,0.0
33,DER_414,1.0
33,DER_415,0.0
33,DER_416,0.0
33,DER_417,0.0
33,DER_418,0.0
33,DER_419,0.0
33,DER_420,0.0
33,DER_421,0.0
33,DER_422,0.0
33,DER_423,0.0
33,DER_424,0.0
33,DER_425,0.0
33,DER_426,0.0
33,DER_427,1.0
33,DER_428,0.0
33,DER_429,1.0
33,DER_430,0.0
33,DER_431,0.0
33,DER_432,0.0
33,DER_433,1.0
33,DER_434,1.0
33,DER_435,1.0
33,DER_436,0.0
33,DER_437,0.0
33,DER_438,1.0
33,DER_439,0.0
33,DER_440,1.0
33,DER_441,0.0
33,DER_442,0.0
33,DER_443,1.0
33,DER_444,0.0
33,DER_445,1.0
33,DER_446,1.0
33,DER_447,1.0
33,DER_448,0.0
33,DER_449,0.0
33,DER_450,1.0
34,DER_1,0.0
34,DER_2,1.0
34,DER_3,0.0
34,DER_4,0.0
34,DER_5,0.0
34,DER_6,1.0
34,DER_7,0.0
34,DER_8,0.0
34,DER_9,1.0
34,DER_10,0.0
34,DER_11,0.0
34,DER_12,0.0
34,DER_13,1.0
34,DER_14,0.0
34,DER_15,1.0
34,DER_16,1.0
34,DER_17,0.0
34,DER_18,0.0
34,DER_19,0.0
34,DER_20,0.0
34,DER_21,0.0
34,DER_22,0.0
34,DER_23,0.0
34,DER_24,1.0
34,DER_25,0.0
34,DER_26,0.0
34,DER_27,1.0
34,DER_28,0.0
34,DER_29,0.0
34,DER_30,0.0
34,DER_31,1.0
34,DER_32,1.0
34,DER_33,0.0
34,DER_34,1.0
34,DER_35,0.0
34,DER_36,1.0
34,DER_37,0.0
34,DER_38,1.0
34,DER_39,1.0
34,DER_40,0.0
34,DER_41,0.0
34,DER_42,1.0
34,DER_43,0.0
34,DER_44,1.0
34,DER_45,1.0
34,DER_46,0.0
34,DER_47,1.0
34,DER_48,1.0
34,DER_49,1.0
34,DER_50,0.0
34,DER_51,1.0
34,DER_52,0.0
34,DER_53,1.0
34,DER_54,1.0
34,DER_55,0.0
34,DER_56,1.0
34,DER_57,0.0
34,DER_58,1.0
34,DER_59,0.0
34,DER_60,0.0
34,DER_61,0.0
34,DER_62,0.0
34,DER_63,1.0
34,DER_64,1.0
34,DER_65,0.0
34,DER_66,0.0
34,DER_67,0.0
34,DER_68,0.0
34,DER_69,1.0
34,DER_70,0.0
34,DER_71,0.0
34,DER_72,0.0
34,DER_73,0.0
34,DER_74,0.0
34,DER_75,0.0
34,DER_76,0.0
34,DER_77,0.0
34,DER_78,1.0
34,DER_79,1.0
34,DER_80,0.0
34,DER_81,0.0
34,DER_82,1.0
34,DER_83,1.0
34,DER_84,0.0
34,DER_85,0.0
34,DER_86,1.0
34,DER_87,1.0
34,DER_88,0.0
34,DER_89,1.0
34,DER_90,0.0
34,DER_91,0.0
34,DER_92,0.0
34,DER_93,0.0
34,DER_94,1.0
34,DER_95,1.0
34,DER_96,0.0
34,DER_97,1.0
34,DER_98,1.0
34,DER_99,0.0
34,DER_100,0.0
34,DER_101,0.0
34,DER_102,0.0
34,DER_103,1.0
34,DER_104,1.0
34,DER_105,0.0
34,DER_106,1.0
34,DER_107,1.0
34,DER_108,1.0
34,DER_109,1.0
34,DER_110,0.0
34,DER_111,0.0
34,DER_112,0.0
34,DER_113,1.0
34,DER_114,1.0
34,DER_115,0.0
34,DER_116,0.0
34,DER_117,1.0
34,DER_118,0.0
34,DER_119,0.0
34,DER_120,0.0
34,DER_121,1.0
34,DER_122,0.0
34,DER_123,0.0
34,DER_124,1.0
34,DER_125,0.0
34,DER_126,0.0
34,DER_127,0.0
34,DER_128,1.0
34,DER_129,0.0
34,DER_130,0.0
34,DER_131,0.0
34,DER_132,1.0
34,DER_133,1.0
34,DER_134,1.0
34,DER_135,1.0
34,DER_136,1.0
34,DER_137,0.0
34,DER_138,0.0
34,DER_139,0.0
34,DER_140,0.0
34,DER_141,0.0
34,DER_142,1.0
34,DER_143,1.0
34,DER_144,0.0
34,DER_145,0.0
34,DER_146,0.0
34,DER_147,1.0
34,DER_148,1.0
34,DER_149,0.0
34,DER_150,0.0
34,DER_151,1.0
34,DER_152,1.0
34,DER_153,0.0
34,DER_154,0.0
34,DER_155,0.0
34,DER_156,0.0
34,DER_157,1.0
34,DER_158,0.0
34,DER_159,0.0
34,DER_160,0.0
34,DER_161,1.0
34,DER_162,1.0
34,DER_163,0.0
34,DER_164,0.0
34,DER_165,0.0
34,DER_166,0.0
34,DER_167,1.0
34,DER_168,0.0
34,DER_169,1.0
34,DER_170,1.0
34,DER_171,0.0
34,DER_172,1.0
34,DER_173,1.0
34,DER_174,1.0
34,DER_175,0.0
34,DER_176,1.0
34,DER_177,0.0
34,DER_178,1.0
34,DER_179,0.0
34,DER_180,0.0
34,DER_181,0.0
34,DER_182,1.0
34,DER_183,0.0
34,DER_184,0.0
34,DER_185,1.0
34,DER_186,1.0
34,DER_187,1.0
34,DER_188,0.0
34,DER_189,0.0
34,DER_190,1.0
34,DER_191,1.0
34,DER_192,0.0
34,DER_193,0.0
34,DER_194,1.0
34,DER_195,0.0
34,DER_196,0.0
34,DER_197,1.0
34,DER_198,0.0
34,DER_199,0.0
34,DER_200,0.0
34,DER_201,0.0
34,DER_202,1.0
34,DER_203,0.0
34,DER_204,0.0
34,DER_205,0.0
34,DER_206,0.0
34,DER_207,0.0
34,DER_208,1.0
34,DER_209,1.0
34,DER_210,0.0
34,DER_211,1.0
34,DER_212,1.0
34,DER_213,1.0
34,DER_214,0.0
34,DER_215,1.0
34,DER_216,0.0
34,DER_217,0.0
34,DER_218,0.0
34,DER_219,1.0
34,DER_220,1.0
34,DER_221,0.0
34,DER_222,0.0
34,DER_223,0.0
34,DER_224,0.0
34,DER_225,0.0
34,DER_226,0.0
34,DER_227,0.0
34,DER_228,0.0
34,DER_229,0.0
34,DER_230,0.0
34,DER_231,1.0
34,DER_232,0.0
34,DER_233,1.0
34,DER_234,1.0
34,DER_235,0.0
34,DER_236,0.0
34,DER_237,0.0
34,DER_238,0.0
34,DER_239,0.0
34,DER_240,0.0
34,DER_241,0.0
34,DER_242,1.0
34,DER_243,0.0
34,DER_244,0.0
34,DER_245,0.0
34,DER_246,0.0
34,DER_247,1.0
34,DER_248,1.0
34,DER_249,0.0
34,DER_250,1.0
34,DER_251,0.0
34,DER_252,0.0
34,DER_253,1.0
34,DER_254,0.0
34,DER_255,0.0
34,DER_256,0.0
34,DER_257,1.0
34,DER_258,0.0
34,DER_259,0.0
34,DER_260,0.0
34,DER_261,0.0
34,DER_262,0.0
34,DER_263,1.0
34,DER_264,0.0
34,DER_265,1.0
34,DER_266,0.0
34,DER_267,0.0
34,DER_268,1.0
34,DER_269,0.0
34,DER_270,1.0
34,DER_271,1.0
34,DER_272,0.0
34,DER_273,0.0
34,DER_274,1.0
34,DER_275,1.0
34,DER_276,1.0
34,DER_277,0.0
34,DER_278,1.0
34,DER_279,1.0
34,DER_280,0.0
34,DER_281,1.0
34,DER_282,1.0
34,DER_283,1.0
34,DER_284,1.0
34,DER_285,0.0
34,DER_286,0.0
34,DER_287,0.0
34,DER_288,0.0
34,DER_289,0.0
34,DER_290,0.0
34,DER_291,0.0
34,DER_292,0.0
34,DER_293,0.0
34,DER_294,0.0
34,DER_295,0.0
34,DER_296,1.0
34,DER_297,0.0
34,DER_298,0.0
34,DER_299,0.0
34,DER_300,1.0
34,DER_301,1.0
34,DER_302,1.0
34,DER_303,0.0
34,DER_304,0.0
34,DER_305,0.0
34,DER_306,1.0
34,DER_307,1.0
34,DER_308,0.0
34,DER_309,1.0
34,DER_310,1.0
34,DER_311,0.0
34,DER_312,0.0
34,DER_313,0.0
34,DER_314,0.0
34,DER_315,1.0
34,DER_316,1.0
34,DER_317,0.0
34,DER_318,0.0
34,DER_319,0.0
34,DER_320,1.0
34,DER_321,1.0
34,DER_322,0.0
34,DER_323,0.0
34,DER_324,0.0
34,DER_325,0.0
34,DER_326,0.0
34,DER_327,1.0
34,DER_328,1.0
34,DER_329,0.0
34,DER_330,1.0
34,DER_331,1.0
34,DER_332,0.0
34,DER_333,0.0
34,DER_334,0.0
34,DER_335,1.0
34,DER_336,1.0
34,DER_337,0.0
34,DER_338,1.0
34,DER_339,1.0
34,DER_340,0.0
34,DER_341,1.0
34,DER_342,0.0
34,DER_343,1.0
34,DER_344,1.0
34,DER_345,0.0
34,DER_346,0.0
34,DER_347,0.0
34,DER_348,1.0
34,DER_349,0.0
34,DER_350,0.0
34,DER_351,0.0
34,DER_352,1.0
34,DER_353,1.0
34,DER_354,1.0
34,DER_355,0.0
34,DER_356,0.0
34,DER_357,1.0
34,DER_358,1.0
34,DER_359,1.0
34,DER_360,1.0
34,DER_361,0.0
34,DER_362,1.0
34,DER_363,1.0
34,DER_364,1.0
34,DER_365,0.0
34,DER_366,1.0
34,DER_367,0.0
34,DER_368,0.0
34,DER_369,1.0
34,DER_370,0.0
34,DER_371,0.0
34,DER_372,0.0
34,DER_373,1.0
34,DER_374,1.0
34,DER_375,0.0
34,DER_376,1.0
34,DER_377,1.0
34,DER_378,0.0
34,DER_379,1.0
34,DER_380,1.0
34,DER_381,0.0
34,DER_382,0.0
34,DER_383,1.0
34,DER_384,0.0
34,DER_385,0.0
34,DER_386,0.0
34,DER_387,0.0
34,DER_388,0.0
34,DER_389,0.0
34,DER_390,1.0
34,DER_391,0.0
34,DER_392,1.0
34,DER_393,1.0
34,DER_394,1.0
34,DER_395,0.0
34,DER_396,1.0
34,DER_397,0.0
34,DER_398,0.0
34,DER_399,0.0
34,DER_400,1.0
34,DER_401,1.0
34,DER_402,0.0
34,DER_403,0.0
34,DER_404,1.0
34,DER_405,0.0
34,DER_406,0.0
34,DER_407,1.0
34,DER_408,1.0
34,DER_409,1.0
34,DER_410,0.0
34,DER_411,1.0
34,DER_412,0.0
34,DER_413,0.0
34,DER_414,1.0
34,DER_415,0.0
34,DER_416,0.0
34,DER_417,0.0
34,DER_418,0.0
34,DER_419,0.0
34,DER_420,0.0
34,DER_421,0.0
34,DER_422,0.0
34,DER_423,0.0
34,DER_424,0.0
34,DER_425,0.0
34,DER_426,0.0
34,DER_427,1.0
34,DER_428,0.0
34,DER_429,1.0
34,DER_430,0.0
34,DER_431,0.0
34,DER_432,0.0
34,DER_433,1.0
34,DER_434,1.0
34,DER_435,1.0
34,DER_436,0.0
34,DER_437,0.0
34,DER_438,1.0
34,DER_439,0.0
34,DER_440,1.0
34,DER_441,1.0
34,DER_442,0.0
34,DER_443,1.0
34,DER_444,0.0
34,DER_445,1.0
34,DER_446,1.0
34,DER_447,1.0
34,DER_448,0.0
34,DER_449,0.0
34,DER_450,1.0
35,DER_1,0.0
35,DER_2,1.0
35,DER_3,0.0
35,DER_4,0.0
35,DER_5,0.0
35,DER_6,1.0
35,DER_7,0.0
35,DER_8,0.0
35,DER_9,1.0
35,DER_10,0.0
35,DER_11,0.0
35,DER_12,0.0
35,DER_13,1.0
35,DER_14,0.0
35,DER_15,1.0
35,DER_16,1.0
35,DER_17,0.0
35,DER_18,0.0
35,DER_19,0.0
35,DER_20,0.0
35,DER_21,0.0
35,DER_22,0.0
35,DER_23,0.0
35,DER_24,1.0
35,DER_25,0.0
35,DER_26,0.0
35,DER_27,1.0
35,DER_28,0.0
35,DER_29,0.0
35,DER_30,0.0
35,DER_31,1.0
35,DER_32,0.0
35,DER_33,0.0
35,DER_34,1.0
35,DER_35,0.0
35,DER_36,1.0
35,DER_37,0.0
35,DER_38,1.0
35,DER_39,1.0
35,DER_40,0.0
35,DER_41,0.0
35,DER_42,1.0
35,DER_43,0.0
35,DER_44,1.0
35,DER_45,1.0
35,DER_46,0.0
35,DER_47,1.0
35,DER_48,1.0
35,DER_49,1.0
35,DER_50,0.0
35,DER_51,1.0
35,DER_52,0.0
35,DER_53,1.0
35,DER_54,1.0
35,DER_55,0.0
35,DER_56,1.0
35,DER_57,0.0
35,DER_58,1.0
35,DER_59,0.0
35,DER_60,0.0
35,DER_61,0.0
35,DER_62,0.0
35,DER_63,1.0
35,DER_64,1.0
35,DER_65,0.0
35,DER_66,0.0
35,DER_67,0.0
35,DER_68,0.0
35,DER_69,1.0
35,DER_70,0.0
35,DER_71,0.0
35,DER_72,0.0
35,DER_73,0.0
35,DER_74,0.0
35,DER_75,0.0
35,DER_76,0.0
35,DER_77,0.0
35,DER_78,1.0
35,DER_79,1.0
35,DER_80,0.0
35,DER_81,0.0
35,DER_82,1.0
35,DER_83,1.0
35,DER_84,0.0
35,DER_85,0.0
35,DER_86,1.0
35,DER_87,1.0
35,DER_88,0.0
35,DER_89,1.0
35,DER_90,0.0
35,DER_91,0.0
35,DER_92,0.0
35,DER_93,0.0
35,DER_94,1.0
35,DER_95,1.0
35,DER_96,0.0
35,DER_97,1.0
35,DER_98,1.0
35,DER_99,0.0
35,DER_100,0.0
35,DER_101,0.0
35,DER_102,0.0
35,DER_103,1.0
35,DER_104,1.0
35,DER_105,0.0
35,DER_106,1.0
35,DER_107,1.0
35,DER_108,1.0
35,DER_109,1.0
35,DER_110,0.0
35,DER_111,0.0
35,DER_112,0.0
35,DER_113,1.0
35,DER_114,1.0
35,DER_115,0.0
35,DER_116,0.0
35,DER_117,1.0
35,DER_118,0.0
35,DER_119,0.0
35,DER_120,0.0
35,DER_121,1.0
35,DER_122,0.0
35,DER_123,0.0
35,DER_124,1.0
35,DER_125,0.0
35,DER_126,0.0
35,DER_127,0.0
35,DER_128,1.0
35,DER_129,0.0
35,DER_130,0.0
35,DER_131,0.0
35,DER_132,1.0
35,DER_133,0.0
35,DER_134,1.0
35,DER_135,1.0
35,DER_136,1.0
35,DER_137,0.0
35,DER_138,0.0
35,DER_139,0.0
35,DER_140,0.0
35,DER_141,0.0
35,DER_142,1.0
35,DER_143,1.0
35,DER_144,0.0
35,DER_145,0.0
35,DER_146,0.0
35,DER_147,1.0
35,DER_148,1.0
35,DER_149,0.0
35,DER_150,0.0
35,DER_151,0.0
35,DER_152,1.0
35,DER_153,0.0
35,DER_154,0.0
35,DER_155,0.0
35,DER_156,0.0
35,DER_157,1.0
35,DER_158,0.0
35,DER_159,0.0
35,DER_160,0.0
35,DER_161,1.0
35,DER_162,1.0
35,DER_163,0.0
35,DER_164,0.0
35,DER_165,0.0
35,DER_166,0.0
35,DER_167,1.0
35,DER_168,0.0
35,DER_169,1.0
35,DER_170,1.0
35,DER_171,0.0
35,DER_172,1.0
35,DER_173,1.0
35,DER_174,1.0
35,DER_175,0.0
35,DER_176,1.0
35,DER_177,0.0
35,DER_178,1.0
35,DER_179,0.0
35,DER_180,0.0
35,DER_181,0.0
35,DER_182,1.0
35,DER_183,0.0
35,DER_184,0.0
35,DER_185,1.0
35,DER_186,1.0
35,DER_187,1.0
35,DER_188,0.0
35,DER_189,0.0
35,DER_190,1.0
35,DER_191,1.0
35,DER_192,0.0
35,DER_193,0.0
35,DER_194,1.0
35,DER_195,0.0
35,DER_196,0.0
35,DER_197,1.0
35,DER_198,0.0
35,DER_199,0.0
35,DER_200,0.0
35,DER_201,0.0
35,DER_202,1.0
35,DER_203,0.0
35,DER_204,0.0
35,DER_205,0.0
35,DER_206,0.0
35,DER_207,0.0
35,DER_208,1.0
35,DER_209,1.0
35,DER_210,0.0
35,DER_211,1.0
35,DER_212,0.0
35,DER_213,1.0
35,DER_214,0.0
35,DER_215,1.0
35,DER_216,0.0
35,DER_217,0.0
35,DER_218,0.0
35,DER_219,1.0
35,DER_220,1.0
35,DER_221,0.0
35,DER_222,0.0
35,DER_223,0.0
35,DER_224,0.0
35,DER_225,0.0
35,DER_226,0.0
35,DER_227,0.0
35,DER_228,0.0
35,DER_229,0.0
35,DER_230,0.0
35,DER_231,1.0
35,DER_232,0.0
35,DER_233,1.0
35,DER_234,1.0
35,DER_235,0.0
35,DER_236,0.0
35,DER_237,0.0
35,DER_238,0.0
35,DER_239,0.0
35,DER_240,0.0
35,DER_241,0.0
35,DER_242,1.0
35,DER_243,0.0
35,DER_244,0.0
35,DER_245,0.0
35,DER_246,0.0
35,DER_247,0.0
35,DER_248,1.0
35,DER_249,0.0
35,DER_250,1.0
35,DER_251,0.0
35,DER_252,0.0
35,DER_253,1.0
35,DER_254,0.0
35,DER_255,0.0
35,DER_256,0.0
35,DER_257,1.0
35,DER_258,0.0
35,DER_259,0.0
35,DER_260,0.0
35,DER_261,0.0
35,DER_262,0.0
35,DER_263,1.0
35,DER_264,0.0
35,DER_265,1.0
35,DER_266,0.0
35,DER_267,0.0
35,DER_268,1.0
35,DER_269,0.0
35,DER_270,1.0
35,DER_271,1.0
35,DER_272,0.0
35,DER_273,0.0
35,DER_274,1.0
35,DER_275,1.0
35,DER_276,0.0
35,DER_277,0.0
35,DER_278,1.0
35,DER_279,1.0
35,DER_280,0.0
35,DER_281,1.0
35,DER_282,1.0
35,DER_283,1.0
35,DER_284,1.0
35,DER_285,0.0
35,DER_286,0.0
35,DER_287,0.0
35,DER_288,0.0
35,DER_289,0.0
35,DER_290,0.0
35,DER_291,0.0
35,DER_292,0.0
35,DER_293,0.0
35,DER_294,0.0
35,DER_295,0.0
35,DER_296,1.0
35,DER_297,0.0
35,DER_298,0.0
35,DER_299,0.0
35,DER_300,1.0
35,DER_301,1.0
35,DER_302,1.0
35,DER_303,0.0
35,DER_304,0.0
35,DER_305,0.0
35,DER_306,1.0
35,DER_307,1.0
35,DER_308,0.0
35,DER_309,1.0
35,DER_310,1.0
35,DER_311,0.0
35,DER_312,0.0
35,DER_313,0.0
35,DER_314,0.0
35,DER_315,1.0
35,DER_316,1.0
35,DER_317,0.0
35,DER_318,0.0
35,DER_319,0.0
35,DER_320,1.0
35,DER_321,1.0
35,DER_322,0.0
35,DER_323,0.0
35,DER_324,0.0
35,DER_325,0.0
35,DER_326,0.0
35,DER_327,1.0
35,DER_328,1.0
35,DER_329,0.0
35,DER_330,1.0
35,DER_331,1.0
35,DER_332,0.0
35,DER_333,0.0
35,DER_334,0.0
35,DER_335,1.0
35,DER_336,1.0
35,DER_337,0.0
35,DER_338,1.0
35,DER_339,1.0
35,DER_340,0.0
35,DER_341,1.0
35,DER_342,0.0
35,DER_343,1.0
35,DER_344,1.0
35,DER_345,0.0
35,DER_346,0.0
35,DER_347,0.0
35,DER_348,1.0
35,DER_349,0.0
35,DER_350,0.0
35,DER_351,0.0
35,DER_352,1.0
35,DER_353,1.0
35,DER_354,1.0
35,DER_355,0.0
35,DER_356,0.0
35,DER_357,1.0
35,DER_358,1.0
35,DER_359,1.0
35,DER_360,1.0
35,DER_361,0.0
35,DER_362,1.0
35,DER_363,1.0
35,DER_364,1.0
35,DER_365,0.0
35,DER_366,1.0
35,DER_367,0.0
35,DER_368,0.0
35,DER_369,1.0
35,DER_370,0.0
35,DER_371,0.0
35,DER_372,0.0
35,DER_373,1.0
35,DER_374,1.0
35,DER_375,0.0
35,DER_376,1.0
35,DER_377,1.0
35,DER_378,0.0
35,DER_379,1.0
35,DER_380,1.0
35,DER_381,0.0
35,DER_382,0.0
35,DER_383,1.0
35,DER_384,0.0
35,DER_385,0.0
35,DER_386,0.0
35,DER_387,0.0
35,DER_388,0.0
35,DER_389,0.0
35,DER_390,1.0
35,DER_391,0.0
35,DER_392,1.0
35,DER_393,1.0
35,DER_394,1.0
35,DER_395,0.0
35,DER_396,1.0
35,DER_397,0.0
35,DER_398,0.0
35,DER_399,0.0
35,DER_400,1.0
35,DER_401,1.0
35,DER_402,0.0
35,DER_403,0.0
35,DER_404,1.0
35,DER_405,0.0
35,DER_406,0.0
35,DER_407,1.0
35,DER_408,1.0
35,DER_409,1.0
35,DER_410,0.0
35,DER_411,1.0
35,DER_412,0.0
35,DER_413,0.0
35,DER_414,1.0
35,DER_415,0.0
35,DER_416,0.0
35,DER_417,0.0
35,DER_418,0.0
35,DER_419,0.0
35,DER_420,0.0
35,DER_421,0.0
35,DER_422,0.0
35,DER_423,0.0
35,DER_424,0.0
35,DER_425,0.0
35,DER_426,0.0
35,DER_427,1.0
35,DER_428,0.0
35,DER_429,1.0
35,DER_430,0.0
35,DER_431,0.0
35,DER_432,0.0
35,DER_433,1.0
35,DER_434,1.0
35,DER_435,1.0
35,DER_436,0.0
35,DER_437,0.0
35,DER_438,1.0
35,DER_439,0.0
35,DER_440,1.0
35,DER_441,1.0
35,DER_442,0.0
35,DER_443,1.0
35,DER_444,0.0
35,DER_445,1.0
35,DER_446,1.0
35,DER_447,1.0
35,DER_448,0.0
35,DER_449,0.0
35,DER_450,1.0
36,DER_1,0.0
36,DER_2,1.0
36,DER_3,0.0
36,DER_4,1.0
36,DER_5,0.0
36,DER_6,1.0
36,DER_7,0.0
36,DER_8,0.0
36,DER_9,1.0
36,DER_10,0.0
36,DER_11,0.0
36,DER_12,0.0
36,DER_13,1.0
36,DER_14,0.0
36,DER_15,1.0
36,DER_16,1.0
36,DER_17,0.0
36,DER_18,0.0
36,DER_19,0.0
36,DER_20,0.0
36,DER_21,0.0
36,DER_22,0.0
36,DER_23,0.0
36,DER_24,1.0
36,DER_25,0.0
36,DER_26,1.0
36,DER_27,1.0
36,DER_28,0.0
36,DER_29,0.0
36,DER_30,0.0
36,DER_31,1.0
36,DER_32,0.0
36,DER_33,0.0
36,DER_34,1.0
36,DER_35,0.0
36,DER_36,1.0
36,DER_37,0.0
36,DER_38,1.0
36,DER_39,1.0
36,DER_40,0.0
36,DER_41,0.0
36,DER_42,1.0
36,DER_43,0.0
36,DER_44,1.0
36,DER_45,1.0
36,DER_46,0.0
36,DER_47,1.0
36,DER_48,1.0
36,DER_49,1.0
36,DER_50,0.0
36,DER_51,1.0
36,DER_52,0.0
36,DER_53,1.0
36,DER_54,1.0
36,DER_55,0.0
36,DER_56,1.0
36,DER_57,0.0
36,DER_58,1.0
36,DER_59,0.0
36,DER_60,0.0
36,DER_61,0.0
36,DER_62,1.0
36,DER_63,1.0
36,DER_64,1.0
36,DER_65,0.0
36,DER_66,0.0
36,DER_67,0.0
36,DER_68,0.0
36,DER_69,1.0
36,DER_70,0.0
36,DER_71,0.0
36,DER_72,0.0
36,DER_73,0.0
36,DER_74,0.0
36,DER_75,0.0
36,DER_76,0.0
36,DER_77,0.0
36,DER_78,1.0
36,DER_79,1.0
36,DER_80,0.0
36,DER_81,0.0
36,DER_82,1.0
36,DER_83,1.0
36,DER_84,0.0
36,DER_85,0.0
36,DER_86,1.0
36,DER_87,1.0
36,DER_88,0.0
36,DER_89,1.0
36,DER_90,0.0
36,DER_91,0.0
36,DER_92,0.0
36,DER_93,0.0
36,DER_94,1.0
36,DER_95,1.0
36,DER_96,1.0
36,DER_97,1.0
36,DER_98,1.0
36,DER_99,0.0
36,DER_100,0.0
36,DER_101,0.0
36,DER_102,0.0
36,DER_103,1.0
36,DER_104,1.0
36,DER_105,0.0
36,DER_106,1.0
36,DER_107,1.0
36,DER_108,1.0
36,DER_109,1.0
36,DER_110,0.0
36,DER_111,0.0
36,DER_112,0.0
36,DER_113,1.0
36,DER_114,1.0
36,DER_115,0.0
36,DER_116,0.0
36,DER_117,1.0
36,DER_118,0.0
36,DER_119,0.0
36,DER_120,0.0
36,DER_121,1.0
36,DER_122,0.0
36,DER_123,0.0
36,DER_124,1.0
36,DER_125,0.0
36,DER_126,0.0
36,DER_127,0.0
36,DER_128,1.0
36,DER_129,0.0
36,DER_130,0.0
36,DER_131,0.0
36,DER_132,1.0
36,DER_133,0.0
36,DER_134,1.0
36,DER_135,1.0
36,DER_136,1.0
36,DER_137,0.0
36,DER_138,0.0
36,DER_139,0.0
36,DER_140,0.0
36,DER_141,0.0
36,DER_142,1.0
36,DER_143,1.0
36,DER_144,0.0
36,DER_145,0.0
36,DER_146,0.0
36,DER_147,1.0
36,DER_148,1.0
36,DER_149,0.0
36,DER_150,0.0
36,DER_151,0.0
36,DER_152,1.0
36,DER_153,0.0
36,DER_154,0.0
36,DER_155,0.0
36,DER_156,1.0
36,DER_157,1.0
36,DER_158,0.0
36,DER_159,0.0
36,DER_160,0.0
36,DER_161,1.0
36,DER_162,1.0
36,DER_163,0.0
36,DER_164,1.0
36,DER_165,0.0
36,DER_166,0.0
36,DER_167,1.0
36,DER_168,0.0
36,DER_169,1.0
36,DER_170,1.0
36,DER_171,0.0
36,DER_172,1.0
36,DER_173,1.0
36,DER_174,1.0
36,DER_175,0.0
36,DER_176,1.0
36,DER_177,0.0
36,DER_178,1.0
36,DER_179,0.0
36,DER_180,0.0
36,DER_181,0.0
36,DER_182,1.0
36,DER_183,0.0
36,DER_184,0.0
36,DER_185,1.0
36,DER_186,1.0
36,DER_187,1.0
36,DER_188,0.0
36,DER_189,0.0
36,DER_190,1.0
36,DER_191,1.0
36,DER_192,0.0
36,DER_193,1.0
36,DER_194,1.0
36,DER_195,0.0
36,DER_196,0.0
36,DER_197,1.0
36,DER_198,0.0
36,DER_199,0.0
36,DER_200,0.0
36,DER_201,0.0
36,DER_202,1.0
36,DER_203,0.0
36,DER_204,0.0
36,DER_205,0.0
36,DER_206,0.0
36,DER_207,0.0
36,DER_208,1.0
36,DER_209,1.0
36,DER_210,0.0
36,DER_211,1.0
36,DER_212,0.0
36,DER_213,1.0
36,DER_214,0.0
36,DER_215,1.0
36,DER_216,0.0
36,DER_217,0.0
36,DER_218,0.0
36,DER_219,1.0
36,DER_220,1.0
36,DER_221,0.0
36,DER_222,0.0
36,DER_223,0.0
36,DER_224,0.0
36,DER_225,0.0
36,DER_226,1.0
36,DER_227,0.0
36,DER_228,0.0
36,DER_229,0.0
36,DER_230,0.0
36,DER_231,1.0
36,DER_232,0.0
36,DER_233,1.0
36,DER_234,1.0
36,DER_235,0.0
36,DER_236,0.0
36,DER_237,0.0
36,DER_238,0.0
36,DER_239,0.0
36,DER_240,0.0
36,DER_241,0.0
36,DER_242,1.0
36,DER_243,0.0
36,DER_244,0.0
36,DER_245,0.0
36,DER_246,0.0
36,DER_247,0.0
36,DER_248,1.0
36,DER_249,0.0
36,DER_250,1.0
36,DER_251,0.0
36,DER_252,0.0
36,DER_253,1.0
36,DER_254,0.0
36,DER_255,1.0
36,DER_256,0.0
36,DER_257,1.0
36,DER_258,1.0
36,DER_259,0.0
36,DER_260,0.0
36,DER_261,0.0
36,DER_262,0.0
36,DER_263,1.0
36,DER_264,0.0
36,DER_265,1.0
36,DER_266,0.0
36,DER_267,0.0
36,DER_268,1.0
36,DER_269,0.0
36,DER_270,1.0
36,DER_271,1.0
36,DER_272,0.0
36,DER_273,0.0
36,DER_274,1.0
36,DER_275,1.0
36,DER_276,0.0
36,DER_277,0.0
36,DER_278,1.0
36,DER_279,1.0
36,DER_280,0.0
36,DER_281,1.0
36,DER_282,1.0
36,DER_283,1.0
36,DER_284,1.0
36,DER_285,0.0
36,DER_286,0.0
36,DER_287,1.0
36,DER_288,0.0
36,DER_289,0.0
36,DER_290,0.0
36,DER_291,0.0
36,DER_292,0.0
36,DER_293,0.0
36,DER_294,0.0
36,DER_295,0.0
36,DER_296,1.0
36,DER_297,0.0
36,DER_298,0.0
36,DER_299,0.0
36,DER_300,1.0
36,DER_301,1.0
36,DER_302,1.0
36,DER_303,0.0
36,DER_304,0.0
36,DER_305,0.0
36,DER_306,1.0
36,DER_307,1.0
36,DER_308,0.0
36,DER_309,1.0
36,DER_310,1.0
36,DER_311,0.0
36,DER_312,0.0
36,DER_313,0.0
36,DER_314,0.0
36,DER_315,1.0
36,DER_316,1.0
36,DER_317,0.0
36,DER_318,0.0
36,DER_319,0.0
36,DER_320,1.0
36,DER_321,1.0
36,DER_322,0.0
36,DER_323,0.0
36,DER_324,0.0
36,DER_325,0.0
36,DER_326,0.0
36,DER_327,1.0
36,DER_328,1.0
36,DER_329,0.0
36,DER_330,1.0
36,DER_331,1.0
36,DER_332,0.0
36,DER_333,0.0
36,DER_334,0.0
36,DER_335,1.0
36,DER_336,1.0
36,DER_337,0.0
36,DER_338,1.0
36,DER_339,1.0
36,DER_340,0.0
36,DER_341,1.0
36,DER_342,0.0
36,DER_343,1.0
36,DER_344,1.0
36,DER_345,0.0
36,DER_346,0.0
36,DER_347,0.0
36,DER_348,1.0
36,DER_349,0.0
36,DER_350,0.0
36,DER_351,0.0
36,DER_352,1.0
36,DER_353,1.0
36,DER_354,1.0
36,DER_355,0.0
36,DER_356,0.0
36,DER_357,1.0
36,DER_358,1.0
36,DER_359,1.0
36,DER_360,1.0
36,DER_361,0.0
36,DER_362,1.0
36,DER_363,1.0
36,DER_364,1.0
36,DER_365,0.0
36,DER_366,1.0
36,DER_367,0.0
36,DER_368,0.0
36,DER_369,1.0
36,DER_370,0.0
36,DER_371,0.0
36,DER_372,0.0
36,DER_373,1.0
36,DER_374,1.0
36,DER_375,0.0
36,DER_376,1.0
36,DER_377,1.0
36,DER_378,0.0
36,DER_379,1.0
36,DER_380,1.0
36,DER_381,0.0
36,DER_382,0.0
36,DER_383,1.0
36,DER_384,0.0
36,DER_385,0.0
36,DER_386,0.0
36,DER_387,0.0
36,DER_388,0.0
36,DER_389,0.0
36,DER_390,1.0
36,DER_391,0.0
36,DER_392,1.0
36,DER_393,1.0
36,DER_394,1.0
36,DER_395,0.0
36,DER_396,1.0
36,DER_397,0.0
36,DER_398,0.0
36,DER_399,0.0
36,DER_400,1.0
36,DER_401,1.0
36,DER_402,0.0
36,DER_403,0.0
36,DER_404,1.0
36,DER_405,0.0
36,DER_406,0.0
36,DER_407,1.0
36,DER_408,1.0
36,DER_409,1.0
36,DER_410,0.0
36,DER_411,1.0
36,DER_412,0.0
36,DER_413,0.0
36,DER_414,1.0
36,DER_415,0.0
36,DER_416,0.0
36,DER_417,0.0
36,DER_418,0.0
36,DER_419,0.0
36,DER_420,0.0
36,DER_421,0.0
36,DER_422,0.0
36,DER_423,0.0
36,DER_424,0.0
36,DER_425,0.0
36,DER_426,0.0
36,DER_427,1.0
36,DER_428,0.0
36,DER_429,1.0
36,DER_430,0.0
36,DER_431,0.0
36,DER_432,1.0
36,DER_433,1.0
36,DER_434,1.0
36,DER_435,1.0
36,DER_436,0.0
36,DER_437,0.0
36,DER_438,1.0
36,DER_439,0.0
36,DER_440,1.0
36,DER_441,1.0
36,DER_442,0.0
36,DER_443,1.0
36,DER_444,0.0
36,DER_445,1.0
36,DER_446,1.0
36,DER_447,1.0
36,DER_448,0.0
36,DER_449,0.0
36,DER_450,1.0
37,DER_1,0.0
37,DER_2,1.0
37,DER_3,0.0
37,DER_4,1.0
37,DER_5,0.0
37,DER_6,1.0
37,DER_7,0.0
37,DER_8,0.0
37,DER_9,1.0
37,DER_10,0.0
37,DER_11,0.0
37,DER_12,0.0
37,DER_13,1.0
37,DER_14,0.0
37,DER_15,1.0
37,DER_16,1.0
37,DER_17,0.0
37,DER_18,0.0
37,DER_19,0.0
37,DER_20,0.0
37,DER_21,0.0
37,DER_22,0.0
37,DER_23,0.0
37,DER_24,1.0
37,DER_25,0.0
37,DER_26,1.0
37,DER_27,1.0
37,DER_28,0.0
37,DER_29,0.0
37,DER_30,0.0
37,DER_31,1.0
37,DER_32,0.0
37,DER_33,0.0
37,DER_34,1.0
37,DER_35,0.0
37,DER_36,1.0
37,DER_37,0.0
37,DER_38,1.0
37,DER_39,1.0
37,DER_40,0.0
37,DER_41,0.0
37,DER_42,1.0
37,DER_43,0.0
37,DER_44,1.0
37,DER_45,1.0
37,DER_46,0.0
37,DER_47,1.0
37,DER_48,1.0
37,DER_49,1.0
37,DER_50,0.0
37,DER_51,1.0
37,DER_52,0.0
37,DER_53,1.0
37,DER_54,1.0
37,DER_55,0.0
37,DER_56,1.0
37,DER_57,0.0
37,DER_58,1.0
37,DER_59,0.0
37,DER_60,0.0
37,DER_61,0.0
37,DER_62,1.0
37,DER_63,1.0
37,DER_64,1.0
37,DER_65,0.0
37,DER_66,0.0
37,DER_67,0.0
37,DER_68,0.0
37,DER_69,1.0
37,DER_70,0.0
37,DER_71,0.0
37,DER_72,0.0
37,DER_73,0.0
37,DER_74,0.0
37,DER_75,0.0
37,DER_76,0.0
37,DER_77,0.0
37,DER_78,1.0
37,DER_79,1.0
37,DER_80,0.0
37,DER_81,0.0
37,DER_82,1.0
37,DER_83,1.0
37,DER_84,0.0
37,DER_85,0.0
37,DER_86,1.0
37,DER_87,1.0
37,DER_88,0.0
37,DER_89,1.0
37,DER_90,0.0
37,DER_91,0.0
37,DER_92,0.0
37,DER_93,0.0
37,DER_94,1.0
37,DER_95,1.0
37,DER_96,1.0
37,DER_97,1.0
37,DER_98,1.0
37,DER_99,0.0
37,DER_100,0.0
37,DER_101,0.0
37,DER_102,0.0
37,DER_103,1.0
37,DER_104,1.0
37,DER_105,0.0
37,DER_106,1.0
37,DER_107,1.0
37,DER_108,1.0
37,DER_109,1.0
37,DER_110,0.0
37,DER_111,0.0
37,DER_112,0.0
37,DER_113,1.0
37,DER_114,1.0
37,DER_115,0.0
37,DER_116,0.0
37,DER_117,1.0
37,DER_118,0.0
37,DER_119,0.0
37,DER_120,0.0
37,DER_121,1.0
37,DER_122,0.0
37,DER_123,0.0
37,DER_124,1.0
37,DER_125,0.0
37,DER_126,0.0
37,DER_127,0.0
37,DER_128,1.0
37,DER_129,0.0
37,DER_130,0.0
37,DER_131,0.0
37,DER_132,1.0
37,DER_133,0.0
37,DER_134,1.0
37,DER_135,1.0
37,DER_136,1.0
37,DER_137,0.0
37,DER_138,0.0
37,DER_139,0.0
37,DER_140,0.0
37,DER_141,0.0
37,DER_142,1.0
37,DER_143,1.0
37,DER_144,0.0
37,DER_145,0.0
37,DER_146,0.0
37,DER_147,1.0
37,DER_148,1.0
37,DER_149,0.0
37,DER_150,0.0
37,DER_151,0.0
37,DER_152,1.0
37,DER_153,0.0
37,DER_154,0.0
37,DER_155,0.0
37,DER_156,1.0
37,DER_157,1.0
37,DER_158,0.0
37,DER_159,0.0
37,DER_160,0.0
37,DER_161,1.0
37,DER_162,1.0
37,DER_163,0.0
37,DER_164,1.0
37,DER_165,0.0
37,DER_166,0.0
37,DER_167,1.0
37,DER_168,0.0
37,DER_169,1.0
37,DER_170,1.0
37,DER_171,0.0
37,DER_172,1.0
37,DER_173,1.0
37,DER_174,0.0
37,DER_175,0.0
37,DER_176,1.0
37,DER_177,0.0
37,DER_178,1.0
37,DER_179,0.0
37,DER_180,0.0
37,DER_181,0.0
37,DER_182,1.0
37,DER_183,0.0
37,DER_184,0.0
37,DER_185,1.0
37,DER_186,1.0
37,DER_187,1.0
37,DER_188,0.0
37,DER_189,0.0
37,DER_190,1.0
37,DER_191,1.0
37,DER_192,0.0
37,DER_193,1.0
37,DER_194,1.0
37,DER_195,0.0
37,DER_196,0.0
37,DER_197,1.0
37,DER_198,0.0
37,DER_199,0.0
37,DER_200,0.0
37,DER_201,0.0
37,DER_202,1.0
37,DER_203,0.0
37,DER_204,0.0
37,DER_205,0.0
37,DER_206,0.0
37,DER_207,0.0
37,DER_208,1.0
37,DER_209,1.0
37,DER_210,0.0
37,DER_211,1.0
37,DER_212,0.0
37,DER_213,1.0
37,DER_214,0.0
37,DER_215,1.0
37,DER_216,0.0
37,DER_217,0.0
37,DER_218,0.0
37,DER_219,1.0
37,DER_220,1.0
37,DER_221,0.0
37,DER_222,0.0
37,DER_223,0.0
37,DER_224,0.0
37,DER_225,0.0
37,DER_226,1.0
37,DER_227,0.0
37,DER_228,0.0
37,DER_229,0.0
37,DER_230,0.0
37,DER_231,1.0
37,DER_232,0.0
37,DER_233,1.0
37,DER_234,1.0
37,DER_235,0.0
37,DER_236,0.0
37,DER_237,0.0
37,DER_238,0.0
37,DER_239,0.0
37,DER_240,0.0
37,DER_241,0.0
37,DER_242,1.0
37,DER_243,0.0
37,DER_244,0.0
37,DER_245,0.0
37,DER_246,0.0
37,DER_247,0.0
37,DER_248,1.0
37,DER_249,0.0
37,DER_250,1.0
37,DER_251,0.0
37,DER_252,0.0
37,DER_253,1.0
37,DER_254,0.0
37,DER_255,1.0
37,DER_256,0.0
37,DER_257,1.0
37,DER_258,1.0
37,DER_259,0.0
37,DER_260,0.0
37,DER_261,0.0
37,DER_262,0.0
37,DER_263,1.0
37,DER_264,0.0
37,DER_265,1.0
37,DER_266,0.0
37,DER_267,0.0
37,DER_268,1.0
37,DER_269,0.0
37,DER_270,1.0
37,DER_271,1.0
37,DER_272,0.0
37,DER_273,0.0
37,DER_274,1.0
37,DER_275,1.0
37,DER_276,0.0
37,DER_277,0.0
37,DER_278,1.0
37,DER_279,1.0
37,DER_280,0.0
37,DER_281,1.0
37,DER_282,1.0
37,DER_283,1.0
37,DER_284,1.0
37,DER_285,0.0
37,DER_286,0.0
37,DER_287,1.0
37,DER_288,0.0
37,DER_289,0.0
37,DER_290,0.0
37,DER_291,0.0
37,DER_292,0.0
37,DER_293,0.0
37,DER_294,0.0
37,DER_295,0.0
37,DER_296,1.0
37,DER_297,0.0
37,DER_298,0.0
37,DER_299,0.0
37,DER_300,1.0
37,DER_301,1.0
37,DER_302,1.0
37,DER_303,0.0
37,DER_304,0.0
37,DER_305,0.0
37,DER_306,1.0
37,DER_307,1.0
37,DER_308,0.0
37,DER_309,1.0
37,DER_310,1.0
37,DER_311,0.0
37,DER_312,0.0
37,DER_313,0.0
37,DER_314,0.0
37,DER_315,1.0
37,DER_316,1.0
37,DER_317,0.0
37,DER_318,0.0
37,DER_319,0.0
37,DER_320,1.0
37,DER_321,1.0
37,DER_322,0.0
37,DER_323,0.0
37,DER_324,0.0
37,DER_325,0.0
37,DER_326,0.0
37,DER_327,1.0
37,DER_328,1.0
37,DER_329,0.0
37,DER_330,1.0
37,DER_331,1.0
37,DER_332,0.0
37,DER_333,0.0
37,DER_334,0.0
37,DER_335,1.0
37,DER_336,1.0
37,DER_337,0.0
37,DER_338,1.0
37,DER_339,1.0
37,DER_340,0.0
37,DER_341,1.0
37,DER_342,0.0
37,DER_343,1.0
37,DER_344,1.0
37,DER_345,0.0
37,DER_346,0.0
37,DER_347,0.0
37,DER_348,1.0
37,DER_349,0.0
37,DER_350,0.0
37,DER_351,0.0
37,DER_352,1.0
37,DER_353,1.0
37,DER_354,1.0
37,DER_355,0.0
37,DER_356,0.0
37,DER_357,1.0
37,DER_358,1.0
37,DER_359,1.0
37,DER_360,1.0
37,DER_361,0.0
37,DER_362,1.0
37,DER_363,1.0
37,DER_364,1.0
37,DER_365,0.0
37,DER_366,1.0
37,DER_367,0.0
37,DER_368,0.0
37,DER_369,1.0
37,DER_370,0.0
37,DER_371,0.0
37,DER_372,0.0
37,DER_373,1.0
37,DER_374,1.0
37,DER_375,0.0
37,DER_376,1.0
37,DER_377,1.0
37,DER_378,0.0
37,DER_379,1.0
37,DER_380,1.0
37,DER_381,0.0
37,DER_382,0.0
37,DER_383,1.0
37,DER_384,0.0
37,DER_385,0.0
37,DER_386,0.0
37,DER_387,0.0
37,DER_388,0.0
37,DER_389,0.0
37,DER_390,1.0
37,DER_391,0.0
37,DER_392,1.0
37,DER_393,1.0
37,DER_394,1.0
37,DER_395,0.0
37,DER_396,1.0
37,DER_397,0.0
37,DER_398,0.0
37,DER_399,0.0
37,DER_400,1.0
37,DER_401,1.0
37,DER_402,0.0
37,DER_403,0.0
37,DER_404,1.0
37,DER_405,0.0
37,DER_406,0.0
37,DER_407,1.0
37,DER_408,1.0
37,DER_409,1.0
37,DER_410,0.0
37,DER_411,1.0
37,DER_412,0.0
37,DER_413,0.0
37,DER_414,1.0
37,DER_415,0.0
37,DER_416,0.0
37,DER_417,0.0
37,DER_418,0.0
37,DER_419,0.0
37,DER_420,0.0
37,DER_421,0.0
37,DER_422,0.0
37,DER_423,0.0
37,DER_424,0.0
37,DER_425,0.0
37,DER_426,0.0
37,DER_427,1.0
37,DER_428,0.0
37,DER_429,1.0
37,DER_430,0.0
37,DER_431,0.0
37,DER_432,1.0
37,DER_433,1.0
37,DER_434,0.0
37,DER_435,1.0
37,DER_436,0.0
37,DER_437,0.0
37,DER_438,1.0
37,DER_439,0.0
37,DER_440,1.0
37,DER_441,1.0
37,DER_442,0.0
37,DER_443,1.0
37,DER_444,0.0
37,DER_445,1.0
37,DER_446,1.0
37,DER_447,1.0
37,DER_448,0.0
37,DER_449,0.0
37,DER_450,1.0
38,DER_1,0.0
38,DER_2,1.0
38,DER_3,0.0
38,DER_4,1.0
38,DER_5,0.0
38,DER_6,1.0
38,DER_7,0.0
38,DER_8,0.0
38,DER_9,1.0
38,DER_10,0.0
38,DER_11,0.0
38,DER_12,0.0
38,DER_13,1.0
38,DER_14,0.0
38,DER_15,1.0
38,DER_16,1.0
38,DER_17,0.0
38,DER_18,0.0
38,DER_19,0.0
38,DER_20,0.0
38,DER_21,0.0
38,DER_22,0.0
38,DER_23,0.0
38,DER_24,1.0
38,DER_25,0.0
38,DER_26,1.0
38,DER_27,1.0
38,DER_28,0.0
38,DER_29,0.0
38,DER_30,0.0
38,DER_31,1.0
38,DER_32,0.0
38,DER_33,0.0
38,DER_34,1.0
38,DER_35,0.0
38,DER_36,1.0
38,DER_37,0.0
38,DER_38,1.0
38,DER_39,1.0
38,DER_40,0.0
38,DER_41,0.0
38,DER_42,1.0
38,DER_43,0.0
38,DER_44,1.0
38,DER_45,1.0
38,DER_46,0.0
38,DER_47,1.0
38,DER_48,1.0
38,DER_49,1.0
38,DER_50,0.0
38,DER_51,1.0
38,DER_52,0.0
38,DER_53,1.0
38,DER_54,1.0
38,DER_55,0.0
38,DER_56,1.0
38,DER_57,0.0
38,DER_58,1.0
38,DER_59,0.0
38,DER_60,0.0
38,DER_61,0.0
38,DER_62,1.0
38,DER_63,1.0
38,DER_64,1.0
38,DER_65,0.0
38,DER_66,0.0
38,DER_67,0.0
38,DER_68,0.0
38,DER_69,1.0
38,DER_70,0.0
38,DER_71,1.0
38,DER_72,0.0
38,DER_73,0.0
38,DER_74,0.0
38,DER_75,0.0
38,DER_76,0.0
38,DER_77,0.0
38,DER_78,1.0
38,DER_79,1.0
38,DER_80,0.0
38,DER_81,0.0
38,DER_82,1.0
38,DER_83,1.0
38,DER_84,0.0
38,DER_85,0.0
38,DER_86,1.0
38,DER_87,1.0
38,DER_88,0.0
38,DER_89,1.0
38,DER_90,0.0
38,DER_91,0.0
38,DER_92,0.0
38,DER_93,0.0
38,DER_94,1.0
38,DER_95,1.0
38,DER_96,1.0
38,DER_97,1.0
38,DER_98,1.0
38,DER_99,0.0
38,DER_100,0.0
38,DER_101,0.0
38,DER_102,0.0
38,DER_103,1.0
38,DER_104,1.0
38,DER_105,0.0
38,DER_106,1.0
38,DER_107,1.0
38,DER_108,1.0
38,DER_109,1.0
38,DER_110,0.0
38,DER_111,0.0
38,DER_112,0.0
38,DER_113,1.0
38,DER_114,1.0
38,DER_115,0.0
38,DER_116,0.0
38,DER_117,1.0
38,DER_118,0.0
38,DER_119,0.0
38,DER_120,0.0
38,DER_121,1.0
38,DER_122,0.0
38,DER_123,0.0
38,DER_124,1.0
38,DER_125,0.0
38,DER_126,0.0
38,DER_127,0.0
38,DER_128,1.0
38,DER_129,0.0
38,DER_130,0.0
38,DER_131,0.0
38,DER_132,1.0
38,DER_133,0.0
38,DER_134,1.0
38,DER_135,1.0
38,DER_136,1.0
38,DER_137,0.0
38,DER_138,0.0
38,DER_139,0.0
38,DER_140,0.0
38,DER_141,0.0
38,DER_142,1.0
38,DER_143,1.0
38,DER_144,0.0
38,DER_145,0.0
38,DER_146,0.0
38,DER_147,1.0
38,DER_148,1.0
38,DER_149,0.0
38,DER_150,0.0
38,DER_151,0.0
38,DER_152,1.0
38,DER_153,0.0
38,DER_154,0.0
38,DER_155,0.0
38,DER_156,1.0
38,DER_157,1.0
38,DER_158,0.0
38,DER_159,0.0
38,DER_160,0.0
38,DER_161,1.0
38,DER_162,1.0
38,DER_163,0.0
38,DER_164,1.0
38,DER_165,0.0
38,DER_166,0.0
38,DER_167,1.0
38,DER_168,1.0
38,DER_169,1.0
38,DER_170,1.0
38,DER_171,0.0
38,DER_172,1.0
38,DER_173,1.0
38,DER_174,0.0
38,DER_175,0.0
38,DER_176,1.0
38,DER_177,0.0
38,DER_178,1.0
38,DER_179,0.0
38,DER_180,0.0
38,DER_181,0.0
38,DER_182,1.0
38,DER_183,0.0
38,DER_184,0.0
38,DER_185,1.0
38,DER_186,1.0
38,DER_187,1.0
38,DER_188,0.0
38,DER_189,0.0
38,DER_190,1.0
38,DER_191,1.0
38,DER_192,0.0
38,DER_193,1.0
38,DER_194,1.0
38,DER_195,0.0
38,DER_196,0.0
38,DER_197,1.0
38,DER_198,0.0
38,DER_199,1.0
38,DER_200,0.0
38,DER_201,0.0
38,DER_202,1.0
38,DER_203,0.0
38,DER_204,0.0
38,DER_205,0.0
38,DER_206,0.0
38,DER_207,0.0
38,DER_208,1.0
38,DER_209,1.0
38,DER_210,0.0
38,DER_211,1.0
38,DER_212,0.0
38,DER_213,1.0
38,DER_214,0.0
38,DER_215,1.0
38,DER_216,0.0
38,DER_217,0.0
38,DER_218,0.0
38,DER_219,1.0
38,DER_220,1.0
38,DER_221,0.0
38,DER_222,0.0
38,DER_223,0.0
38,DER_224,0.0
38,DER_225,0.0
38,DER_226,1.0
38,DER_227,0.0
38,DER_228,0.0
38,DER_229,0.0
38,DER_230,0.0
38,DER_231,1.0
38,DER_232,0.0
38,DER_233,1.0
38,DER_234,1.0
38,DER_235,0.0
38,DER_236,0.0
38,DER_237,0.0
38,DER_238,0.0
38,DER_239,0.0
38,DER_240,0.0
38,DER_241,0.0
38,DER_242,1.0
38,DER_243,0.0
38,DER_244,0.0
38,DER_245,1.0
38,DER_246,0.0
38,DER_247,0.0
38,DER_248,1.0
38,DER_249,0.0
38,DER_250,1.0
38,DER_251,0.0
38,DER_252,0.0
38,DER_253,1.0
38,DER_254,0.0
38,DER_255,1.0
38,DER_256,0.0
38,DER_257,1.0
38,DER_258,1.0
38,DER_259,0.0
38,DER_260,0.0
38,DER_261,0.0
38,DER_262,0.0
38,DER_263,1.0
38,DER_264,0.0
38,DER_265,1.0
38,DER_266,0.0
38,DER_267,0.0
38,DER_268,1.0
38,DER_269,0.0
38,DER_270,1.0
38,DER_271,1.0
38,DER_272,0.0
38,DER_273,0.0
38,DER_274,1.0
38,DER_275,1.0
38,DER_276,0.0
38,DER_277,0.0
38,DER_278,1.0
38,DER_279,1.0
38,DER_280,0.0
38,DER_281,1.0
38,DER_282,1.0
38,DER_283,1.0
38,DER_284,1.0
38,DER_285,1.0
38,DER_286,0.0
38,DER_287,1.0
38,DER_288,0.0
38,DER_289,0.0
38,DER_290,0.0
38,DER_291,0.0
38,DER_292,0.0
38,DER_293,0.0
38,DER_294,0.0
38,DER_295,0.0
38,DER_296,1.0
38,DER_297,0.0
38,DER_298,0.0
38,DER_299,0.0
38,DER_300,1.0
38,DER_301,1.0
38,DER_302,1.0
38,DER_303,0.0
38,DER_304,0.0
38,DER_305,0.0
38,DER_306,1.0
38,DER_307,1.0
38,DER_308,0.0
38,DER_309,1.0
38,DER_310,1.0
38,DER_311,0.0
38,DER_312,0.0
38,DER_313,0.0
38,DER_314,0.0
38,DER_315,1.0
38,DER_316,1.0
38,DER_317,0.0
38,DER_318,0.0
38,DER_319,0.0
38,DER_320,1.0
38,DER_321,1.0
38,DER_322,0.0
38,DER_323,0.0
38,DER_324,0.0
38,DER_325,1.0
38,DER_326,0.0
38,DER_327,1.0
38,DER_328,1.0
38,DER_329,0.0
38,DER_330,1.0
38,DER_331,1.0
38,DER_332,0.0
38,DER_333,0.0
38,DER_334,0.0
38,DER_335,1.0
38,DER_336,1.0
38,DER_337,0.0
38,DER_338,1.0
38,DER_339,1.0
38,DER_340,1.0
38,DER_341,1.0
38,DER_342,0.0
38,DER_343,1.0
38,DER_344,1.0
38,DER_345,0.0
38,DER_346,0.0
38,DER_347,0.0
38,DER_348,1.0
38,DER_349,0.0
38,DER_350,0.0
38,DER_351,0.0
38,DER_352,1.0
38,DER_353,1.0
38,DER_354,1.0
38,DER_355,0.0
38,DER_356,0.0
38,DER_357,1.0
38,DER_358,1.0
38,DER_359,1.0
38,DER_360,1.0
38,DER_361,0.0
38,DER_362,1.0
38,DER_363,1.0
38,DER_364,1.0
38,DER_365,0.0
38,DER_366,1.0
38,DER_367,0.0
38,DER_368,0.0
38,DER_369,1.0
38,DER_370,0.0
38,DER_371,0.0
38,DER_372,0.0
38,DER_373,1.0
38,DER_374,1.0
38,DER_375,0.0
38,DER_376,1.0
38,DER_377,1.0
38,DER_378,0.0
38,DER_379,1.0
38,DER_380,1.0
38,DER_381,0.0
38,DER_382,0.0
38,DER_383,1.0
38,DER_384,0.0
38,DER_385,0.0
38,DER_386,0.0
38,DER_387,0.0
38,DER_388,0.0
38,DER_389,0.0
38,DER_390,1.0
38,DER_391,0.0
38,DER_392,1.0
38,DER_393,1.0
38,DER_394,1.0
38,DER_395,0.0
38,DER_396,1.0
38,DER_397,0.0
38,DER_398,0.0
38,DER_399,0.0
38,DER_400,1.0
38,DER_401,1.0
38,DER_402,0.0
38,DER_403,0.0
38,DER_404,1.0
38,DER_405,0.0
38,DER_406,0.0
38,DER_407,1.0
38,DER_408,1.0
38,DER_409,1.0
38,DER_410,0.0
38,DER_411,1.0
38,DER_412,0.0
38,DER_413,0.0
38,DER_414,1.0
38,DER_415,0.0
38,DER_416,0.0
38,DER_417,0.0
38,DER_418,0.0
38,DER_419,0.0
38,DER_420,0.0
38,DER_421,0.0
38,DER_422,0.0
38,DER_423,0.0
38,DER_424,0.0
38,DER_425,0.0
38,DER_426,0.0
38,DER_427,1.0
38,DER_428,0.0
38,DER_429,1.0
38,DER_430,0.0
38,DER_431,0.0
38,DER_432,1.0
38,DER_433,1.0
38,DER_434,0.0
38,DER_435,1.0
38,DER_436,0.0
38,DER_437,0.0
38,DER_438,1.0
38,DER_439,0.0
38,DER_440,1.0
38,DER_441,1.0
38,DER_442,0.0
38,DER_443,1.0
38,DER_444,0.0
38,DER_445,1.0
38,DER_446,1.0
38,DER_447,1.0
38,DER_448,0.0
38,DER_449,0.0
38,DER_450,1.0
39,DER_1,0.0
39,DER_2,1.0
39,DER_3,0.0
39,DER_4,1.0
39,DER_5,0.0
39,DER_6,1.0
39,DER_7,0.0
39,DER_8,0.0
39,DER_9,1.0
39,DER_10,0.0
39,DER_11,0.0
39,DER_12,0.0
39,DER_13,1.0
39,DER_14,0.0
39,DER_15,1.0
39,DER_16,1.0
39,DER_17,0.0
39,DER_18,0.0
39,DER_19,0.0
39,DER_20,0.0
39,DER_21,0.0
39,DER_22,0.0
39,DER_23,0.0
39,DER_24,0.0
39,DER_25,0.0
39,DER_26,1.0
39,DER_27,1.0
39,DER_28,0.0
39,DER_29,0.0
39,DER_30,0.0
39,DER_31,1.0
39,DER_32,0.0
39,DER_33,0.0
39,DER_34,1.0
39,DER_35,0.0
39,DER_36,1.0
39,DER_37,0.0
39,DER_38,1.0
39,DER_39,1.0
39,DER_40,0.0
39,DER_41,0.0
39,DER_42,1.0
39,DER_43,0.0
39,DER_44,1.0
39,DER_45,1.0
39,DER_46,0.0
39,DER_47,1.0
39,DER_48,1.0
39,DER_49,1.0
39,DER_50,0.0
39,DER_51,1.0
39,DER_52,0.0
39,DER_53,1.0
39,DER_54,1.0
39,DER_55,0.0
39,DER_56,1.0
39,DER_57,0.0
39,DER_58,1.0
39,DER_59,0.0
39,DER_60,0.0
39,DER_61,0.0
39,DER_62,1.0
39,DER_63,1.0
39,DER_64,1.0
39,DER_65,0.0
39,DER_66,0.0
39,DER_67,0.0
39,DER_68,0.0
39,DER_69,1.0
39,DER_70,0.0
39,DER_71,1.0
39,DER_72,0.0
39,DER_73,0.0
39,DER_74,0.0
39,DER_75,0.0
39,DER_76,0.0
39,DER_77,0.0
39,DER_78,1.0
39,DER_79,1.0
39,DER_80,0.0
39,DER_81,0.0
39,DER_82,1.0
39,DER_83,1.0
39,DER_84,0.0
39,DER_85,0.0
39,DER_86,1.0
39,DER_87,1.0
39,DER_88,0.0
39,DER_89,1.0
39,DER_90,0.0
39,DER_91,0.0
39,DER_92,0.0
39,DER_93,0.0
39,DER_94,1.0
39,DER_95,1.0
39,DER_96,1.0
39,DER_97,1.0
39,DER_98,1.0
39,DER_99,0.0
39,DER_100,0.0
39,DER_101,0.0
39,DER_102,0.0
39,DER_103,1.0
39,DER_104,1.0
39,DER_105,0.0
39,DER_106,1.0
39,DER_107,1.0
39,DER_108,1.0
39,DER_109,1.0
39,DER_110,0.0
39,DER_111,0.0
39,DER_112,0.0
39,DER_113,1.0
39,DER_114,1.0
39,DER_115,0.0
39,DER_116,0.0
39,DER_117,1.0
39,DER_118,0.0
39,DER_119,0.0
39,DER_120,0.0
39,DER_121,1.0
39,DER_122,0.0
39,DER_123,0.0
39,DER_124,1.0
39,DER_125,0.0
39,DER_126,0.0
39,DER_127,0.0
39,DER_128,1.0
39,DER_129,0.0
39,DER_130,0.0
39,DER_131,0.0
39,DER_132,1.0
39,DER_133,0.0
39,DER_134,1.0
39,DER_135,1.0
39,DER_136,1.0
39,DER_137,0.0
39,DER_138,0.0
39,DER_139,0.0
39,DER_140,0.0
39,DER_141,0.0
39,DER_142,1.0
39,DER_143,1.0
39,DER_144,0.0
39,DER_145,0.0
39,DER_146,0.0
39,DER_147,1.0
39,DER_148,1.0
39,DER_149,0.0
39,DER_150,0.0
39,DER_151,0.0
39,DER_152,1.0
39,DER_153,0.0
39,DER_154,0.0
39,DER_155,0.0
39,DER_156,1.0
39,DER_157,1.0
39,DER_158,0.0
39,DER_159,0.0
39,DER_160,0.0
39,DER_161,1.0
39,DER_162,1.0
39,DER_163,0.0
39,DER_164,1.0
39,DER_165,0.0
39,DER_166,0.0
39,DER_167,1.0
39,DER_168,1.0
39,DER_169,1.0
39,DER_170,1.0
39,DER_171,0.0
39,DER_172,1.0
39,DER_173,1.0
39,DER_174,0.0
39,DER_175,0.0
39,DER_176,1.0
39,DER_177,0.0
39,DER_178,1.0
39,DER_179,0.0
39,DER_180,0.0
39,DER_181,0.0
39,DER_182,1.0
39,DER_183,0.0
39,DER_184,0.0
39,DER_185,1.0
39,DER_186,1.0
39,DER_187,1.0
39,DER_188,0.0
39,DER_189,0.0
39,DER_190,1.0
39,DER_191,1.0
39,DER_192,0.0
39,DER_193,1.0
39,DER_194,1.0
39,DER_195,0.0
39,DER_196,0.0
39,DER_197,1.0
39,DER_198,0.0
39,DER_199,1.0
39,DER_200,0.0
39,DER_201,0.0
39,DER_202,1.0
39,DER_203,0.0
39,DER_204,0.0
39,DER_205,0.0
39,DER_206,0.0
39,DER_207,0.0
39,DER_208,1.0
39,DER_209,1.0
39,DER_210,0.0
39,DER_211,1.0
39,DER_212,0.0
39,DER_213,1.0
39,DER_214,0.0
39,DER_215,1.0
39,DER_216,0.0
39,DER_217,0.0
39,DER_218,0.0
39,DER_219,1.0
39,DER_220,1.0
39,DER_221,0.0
39,DER_222,0.0
39,DER_223,0.0
39,DER_224,0.0
39,DER_225,0.0
39,DER_226,1.0
39,DER_227,0.0
39,DER_228,0.0
39,DER_229,0.0
39,DER_230,0.0
39,DER_231,1.0
39,DER_232,0.0
39,DER_233,1.0
39,DER_234,1.0
39,DER_235,0.0
39,DER_236,0.0
39,DER_237,0.0
39,DER_238,0.0
39,DER_239,0.0
39,DER_240,0.0
39,DER_241,0.0
39,DER_242,1.0
39,DER_243,0.0
39,DER_244,0.0
39,DER_245,1.0
39,DER_246,0.0
39,DER_247,0.0
39,DER_248,1.0
39,DER_249,0.0
39,DER_250,1.0
39,DER_251,0.0
39,DER_252,0.0
39,DER_253,1.0
39,DER_254,0.0
39,DER_255,1.0
39,DER_256,0.0
39,DER_257,0.0
39,DER_258,1.0
39,DER_259,0.0
39,DER_260,0.0
39,DER_261,0.0
39,DER_262,0.0
39,DER_263,1.0
39,DER_264,0.0
39,DER_265,1.0
39,DER_266,0.0
39,DER_267,0.0
39,DER_268,1.0
39,DER_269,0.0
39,DER_270,1.0
39,DER_271,1.0
39,DER_272,0.0
39,DER_273,0.0
39,DER_274,1.0
39,DER_275,1.0
39,DER_276,0.0
39,DER_277,0.0
39,DER_278,1.0
39,DER_279,1.0
39,DER_280,0.0
39,DER_281,1.0
39,DER_282,1.0
39,DER_283,1.0
39,DER_284,1.0
39,DER_285,1.0
39,DER_286,0.0
39,DER_287,1.0
39,DER_288,0.0
39,DER_289,0.0
39,DER_290,0.0
39,DER_291,0.0
39,DER_292,0.0
39,DER_293,0.0
39,DER_294,0.0
39,DER_295,0.0
39,DER_296,1.0
39,DER_297,0.0
39,DER_298,0.0
39,DER_299,0.0
39,DER_300,1.0
39,DER_301,1.0
39,DER_302,1.0
39,DER_303,0.0
39,DER_304,0.0
39,DER_305,0.0
39,DER_306,1.0
39,DER_307,1.0
39,DER_308,0.0
39,DER_309,1.0
39,DER_310,1.0
39,DER_311,0.0
39,DER_312,0.0
39,DER_313,0.0
39,DER_314,0.0
39,DER_315,1.0
39,DER_316,1.0
39,DER_317,0.0
39,DER_318,0.0
39,DER_319,0.0
39,DER_320,1.0
39,DER_321,1.0
39,DER_322,0.0
39,DER_323,0.0
39,DER_324,0.0
39,DER_325,1.0
39,DER_326,0.0
39,DER_327,1.0
39,DER_328,1.0
39,DER_329,0.0
39,DER_330,1.0
39,DER_331,1.0
39,DER_332,0.0
39,DER_333,0.0
39,DER_334,0.0
39,DER_335,1.0
39,DER_336,1.0
39,DER_337,0.0
39,DER_338,1.0
39,DER_339,1.0
39,DER_340,1.0
39,DER_341,1.0
39,DER_342,0.0
39,DER_343,1.0
39,DER_344,1.0
39,DER_345,0.0
39,DER_346,0.0
39,DER_347,0.0
39,DER_348,1.0
39,DER_349,0.0
39,DER_350,0.0
39,DER_351,0.0
39,DER_352,1.0
39,DER_353,1.0
39,DER_354,1.0
39,DER_355,0.0
39,DER_356,0.0
39,DER_357,1.0
39,DER_358,1.0
39,DER_359,1.0
39,DER_360,1.0
39,DER_361,0.0
39,DER_362,1.0
39,DER_363,1.0
39,DER_364,1.0
39,DER_365,0.0
39,DER_366,1.0
39,DER_367,0.0
39,DER_368,0.0
39,DER_369,1.0
39,DER_370,0.0
39,DER_371,0.0
39,DER_372,0.0
39,DER_373,1.0
39,DER_374,1.0
39,DER_375,0.0
39,DER_376,1.0
39,DER_377,1.0
39,DER_378,0.0
39,DER_379,1.0
39,DER_380,1.0
39,DER_381,0.0
39,DER_382,0.0
39,DER_383,1.0
39,DER_384,0.0
39,DER_385,0.0
39,DER_386,0.0
39,DER_387,0.0
39,DER_388,0.0
39,DER_389,0.0
39,DER_390,1.0
39,DER_391,0.0
39,DER_392,1.0
39,DER_393,1.0
39,DER_394,1.0
39,DER_395,0.0
39,DER_396,1.0
39,DER_397,0.0
39,DER_398,0.0
39,DER_399,0.0
39,DER_400,1.0
39,DER_401,1.0
39,DER_402,0.0
39,DER_403,0.0
39,DER_404,1.0
39,DER_405,0.0
39,DER_406,0.0
39,DER_407,1.0
39,DER_408,1.0
39,DER_409,1.0
39,DER_410,0.0
39,DER_411,1.0
39,DER_412,0.0
39,DER_413,0.0
39,DER_414,1.0
39,DER_415,0.0
39,DER_416,0.0
39,DER_417,0.0
39,DER_418,0.0
39,DER_419,0.0
39,DER_420,0.0
39,DER_421,0.0
39,DER_422,0.0
39,DER_423,0.0
39,DER_424,0.0
39,DER_425,0.0
39,DER_426,0.0
39,DER_427,1.0
39,DER_428,0.0
39,DER_429,1.0
39,DER_430,0.0
39,DER_431,0.0
39,DER_432,1.0
39,DER_433,1.0
39,DER_434,0.0
39,DER_435,1.0
39,DER_436,0.0
39,DER_437,0.0
39,DER_438,1.0
39,DER_439,0.0
39,DER_440,1.0
39,DER_441,1.0
39,DER_442,0.0
39,DER_443,1.0
39,DER_444,0.0
39,DER_445,1.0
39,DER_446,1.0
39,DER_447,1.0
39,DER_448,0.0
39,DER_449,0.0
39,DER_450,1.0
40,DER_1,0.0
40,DER_2,1.0
40,DER_3,0.0
40,DER_4,1.0
40,DER_5,0.0
40,DER_6,1.0
40,DER_7,0.0
40,DER_8,0.0
40,DER_9,1.0
40,DER_10,0.0
40,DER_11,0.0
40,DER_12,0.0
40,DER_13,1.0
40,DER_14,0.0
40,DER_15,1.0
40,DER_16,1.0
40,DER_17,0.0
40,DER_18,0.0
40,DER_19,0.0
40,DER_20,0.0
40,DER_21,0.0
40,DER_22,1.0
40,DER_23,0.0
40,DER_24,0.0
40,DER_25,0.0
40,DER_26,1.0
40,DER_27,1.0
40,DER_28,0.0
40,DER_29,0.0
40,DER_30,0.0
40,DER_31,1.0
40,DER_32,0.0
40,DER_33,0.0
40,DER_34,1.0
40,DER_35,0.0
40,DER_36,1.0
40,DER_37,0.0
40,DER_38,1.0
40,DER_39,1.0
40,DER_40,0.0
40,DER_41,0.0
40,DER_42,1.0
40,DER_43,0.0
40,DER_44,1.0
40,DER_45,1.0
40,DER_46,0.0
40,DER_47,1.0
40,DER_48,1.0
40,DER_49,1.0
40,DER_50,0.0
40,DER_51,1.0
40,DER_52,0.0
40,DER_53,1.0
40,DER_54,1.0
40,DER_55,0.0
40,DER_56,1.0
40,DER_57,0.0
40,DER_58,1.0
40,DER_59,0.0
40,DER_60,0.0
40,DER_61,0.0
40,DER_62,1.0
40,DER_63,1.0
40,DER_64,1.0
40,DER_65,0.0
40,DER_66,0.0
40,DER_67,0.0
40,DER_68,0.0
40,DER_69,1.0
40,DER_70,0.0
40,DER_71,1.0
40,DER_72,0.0
40,DER_73,0.0
40,DER_74,0.0
40,DER_75,0.0
40,DER_76,0.0
40,DER_77,0.0
40,DER_78,1.0
40,DER_79,1.0
40,DER_80,0.0
40,DER_81,0.0
40,DER_82,1.0
40,DER_83,1.0
40,DER_84,0.0
40,DER_85,0.0
40,DER_86,1.0
40,DER_87,1.0
40,DER_88,0.0
40,DER_89,1.0
40,DER_90,0.0
40,DER_91,0.0
40,DER_92,0.0
40,DER_93,0.0
40,DER_94,1.0
40,DER_95,1.0
40,DER_96,1.0
40,DER_97,1.0
40,DER_98,1.0
40,DER_99,0.0
40,DER_100,0.0
40,DER_101,0.0
40,DER_102,0.0
40,DER_103,1.0
40,DER_104,1.0
40,DER_105,0.0
40,DER_106,1.0
40,DER_107,1.0
40,DER_108,1.0
40,DER_109,1.0
40,DER_110,0.0
40,DER_111,0.0
40,DER_112,0.0
40,DER_113,1.0
40,DER_114,1.0
40,DER_115,0.0
40,DER_116,0.0
40,DER_117,1.0
40,DER_118,0.0
40,DER_119,0.0
40,DER_120,0.0
40,DER_121,1.0
40,DER_122,0.0
40,DER_123,0.0
40,DER_124,1.0
40,DER_125,0.0
40,DER_126,0.0
40,DER_127,0.0
40,DER_128,1.0
40,DER_129,0.0
40,DER_130,0.0
40,DER_131,0.0
40,DER_132,1.0
40,DER_133,0.0
40,DER_134,1.0
40,DER_135,1.0
40,DER_136,1.0
40,DER_137,0.0
40,DER_138,0.0
40,DER_139,0.0
40,DER_140,0.0
40,DER_141,0.0
40,DER_142,1.0
40,DER_143,1.0
40,DER_144,0.0
40,DER_145,0.0
40,DER_146,0.0
40,DER_147,1.0
40,DER_148,1.0
40,DER_149,0.0
40,DER_150,0.0
40,DER_151,0.0
40,DER_152,1.0
40,DER_153,0.0
40,DER_154,0.0
40,DER_155,0.0
40,DER_156,1.0
40,DER_157,1.0
40,DER_158,0.0
40,DER_159,0.0
40,DER_160,0.0
40,DER_161,1.0
40,DER_162,1.0
40,DER_163,0.0
40,DER_164,1.0
40,DER_165,0.0
40,DER_166,0.0
40,DER_167,1.0
40,DER_168,1.0
40,DER_169,1.0
40,DER_170,1.0
40,DER_171,0.0
40,DER_172,1.0
40,DER_173,1.0
40,DER_174,0.0
40,DER_175,0.0
40,DER_176,1.0
40,DER_177,0.0
40,DER_178,1.0
40,DER_179,0.0
40,DER_180,0.0
40,DER_181,0.0
40,DER_182,1.0
40,DER_183,0.0
40,DER_184,0.0
40,DER_185,1.0
40,DER_186,1.0
40,DER_187,1.0
40,DER_188,0.0
40,DER_189,0.0
40,DER_190,1.0
40,DER_191,1.0
40,DER_192,0.0
40,DER_193,1.0
40,DER_194,1.0
40,DER_195,0.0
40,DER_196,0.0
40,DER_197,1.0
40,DER_198,0.0
40,DER_199,1.0
40,DER_200,0.0
40,DER_201,0.0
40,DER_202,1.0
40,DER_203,0.0
40,DER_204,0.0
40,DER_205,0.0
40,DER_206,0.0
40,DER_207,0.0
40,DER_208,1.0
40,DER_209,1.0
40,DER_210,0.0
40,DER_211,1.0
40,DER_212,0.0
40,DER_213,1.0
40,DER_214,0.0
40,DER_215,1.0
40,DER_216,1.0
40,DER_217,0.0
40,DER_218,0.0
40,DER_219,1.0
40,DER_220,1.0
40,DER_221,0.0
40,DER_222,0.0
40,DER_223,0.0
40,DER_224,0.0
40,DER_225,0.0
40,DER_226,1.0
40,DER_227,0.0
40,DER_228,0.0
40,DER_229,0.0
40,DER_230,0.0
40,DER_231,1.0
40,DER_232,0.0
40,DER_233,1.0
40,DER_234,1.0
40,DER_235,0.0
40,DER_236,0.0
40,DER_237,0.0
40,DER_238,0.0
40,DER_239,0.0
40,DER_240,0.0
40,DER_241,0.0
40,DER_242,1.0
40,DER_243,0.0
40,DER_244,0.0
40,DER_245,1.0
40,DER_246,0.0
40,DER_247,0.0
40,DER_248,1.0
40,DER_249,0.0
40,DER_250,1.0
40,DER_251,0.0
40,DER_252,0.0
40,DER_253,1.0
40,DER_254,0.0
40,DER_255,1.0
40,DER_256,0.0
40,DER_257,0.0
40,DER_258,1.0
40,DER_259,0.0
40,DER_260,0.0
40,DER_261,0.0
40,DER_262,0.0
40,DER_263,1.0
40,DER_264,0.0
40,DER_265,1.0
40,DER_266,0.0
40,DER_267,0.0
40,DER_268,1.0
40,DER_269,0.0
40,DER_270,1.0
40,DER_271,1.0
40,DER_272,0.0
40,DER_273,0.0
40,DER_274,1.0
40,DER_275,1.0
40,DER_276,0.0
40,DER_277,0.0
40,DER_278,1.0
40,DER_279,1.0
40,DER_280,0.0
40,DER_281,1.0
40,DER_282,1.0
40,DER_283,1.0
40,DER_284,1.0
40,DER_285,1.0
40,DER_286,0.0
40,DER_287,1.0
40,DER_288,0.0
40,DER_289,0.0
40,DER_290,0.0
40,DER_291,0.0
40,DER_292,0.0
40,DER_293,0.0
40,DER_294,0.0
40,DER_295,0.0
40,DER_296,1.0
40,DER_297,0.0
40,DER_298,0.0
40,DER_299,0.0
40,DER_300,1.0
40,DER_301,1.0
40,DER_302,1.0
40,DER_303,0.0
40,DER_304,0.0
40,DER_305,0.0
40,DER_306,1.0
40,DER_307,1.0
40,DER_308,0.0
40,DER_309,1.0
40,DER_310,1.0
40,DER_311,0.0
40,DER_312,0.0
40,DER_313,0.0
40,DER_314,0.0
40,DER_315,1.0
40,DER_316,1.0
40,DER_317,0.0
40,DER_318,0.0
40,DER_319,0.0
40,DER_320,1.0
40,DER_321,1.0
40,DER_322,0.0
40,DER_323,0.0
40,DER_324,0.0
40,DER_325,1.0
40,DER_326,0.0
40,DER_327,1.0
40,DER_328,1.0
40,DER_329,0.0
40,DER_330,1.0
40,DER_331,1.0
40,DER_332,0.0
40,DER_333,0.0
40,DER_334,0.0
40,DER_335,1.0
40,DER_336,1.0
40,DER_337,0.0
40,DER_338,1.0
40,DER_339,1.0
40,DER_340,1.0
40,DER_341,1.0
40,DER_342,0.0
40,DER_343,1.0
40,DER_344,1.0
40,DER_345,0.0
40,DER_346,0.0
40,DER_347,0.0
40,DER_348,1.0
40,DER_349,0.0
40,DER_350,0.0
40,DER_351,0.0
40,DER_352,1.0
40,DER_353,1.0
40,DER_354,1.0
40,DER_355,0.0
40,DER_356,0.0
40,DER_357,1.0
40,DER_358,1.0
40,DER_359,1.0
40,DER_360,1.0
40,DER_361,0.0
40,DER_362,1.0
40,DER_363,1.0
40,DER_364,1.0
40,DER_365,0.0
40,DER_366,1.0
40,DER_367,0.0
40,DER_368,0.0
40,DER_369,1.0
40,DER_370,0.0
40,DER_371,0.0
40,DER_372,0.0
40,DER_373,1.0
40,DER_374,1.0
40,DER_375,0.0
40,DER_376,1.0
40,DER_377,1.0
40,DER_378,0.0
40,DER_379,1.0
40,DER_380,1.0
40,DER_381,0.0
40,DER_382,0.0
40,DER_383,1.0
40,DER_384,0.0
40,DER_385,0.0
40,DER_386,0.0
40,DER_387,0.0
40,DER_388,0.0
40,DER_389,0.0
40,DER_390,1.0
40,DER_391,0.0
40,DER_392,1.0
40,DER_393,1.0
40,DER_394,1.0
40,DER_395,0.0
40,DER_396,1.0
40,DER_397,0.0
40,DER_398,0.0
40,DER_399,0.0
40,DER_400,1.0
40,DER_401,1.0
40,DER_402,0.0
40,DER_403,0.0
40,DER_404,1.0
40,DER_405,0.0
40,DER_406,0.0
40,DER_407,1.0
40,DER_408,1.0
40,DER_409,1.0
40,DER_410,0.0
40,DER_411,1.0
40,DER_412,0.0
40,DER_413,0.0
40,DER_414,1.0
40,DER_415,0.0
40,DER_416,0.0
40,DER_417,0.0
40,DER_418,0.0
40,DER_419,0.0
40,DER_420,0.0
40,DER_421,0.0
40,DER_422,0.0
40,DER_423,0.0
40,DER_424,0.0
40,DER_425,0.0
40,DER_426,0.0
40,DER_427,1.0
40,DER_428,0.0
40,DER_429,1.0
40,DER_430,0.0
40,DER_431,0.0
40,DER_432,1.0
40,DER_433,1.0
40,DER_434,0.0
40,DER_435,1.0
40,DER_436,0.0
40,DER_437,0.0
40,DER_438,1.0
40,DER_439,0.0
40,DER_440,1.0
40,DER_441,1.0
40,DER_442,0.0
40,DER_443,1.0
40,DER_444,0.0
40,DER_445,1.0
40,DER_446,1.0
40,DER_447,1.0
40,DER_448,0.0
40,DER_449,0.0
40,DER_450,1.0
41,DER_1,0.0
41,DER_2,1.0
41,DER_3,0.0
41,DER_4,1.0
41,DER_5,0.0
41,DER_6,1.0
41,DER_7,0.0
41,DER_8,0.0
41,DER_9,1.0
41,DER_10,0.0
41,DER_11,0.0
41,DER_12,0.0
41,DER_13,1.0
41,DER_14,0.0
41,DER_15,1.0
41,DER_16,1.0
41,DER_17,0.0
41,DER_18,0.0
41,DER_19,0.0
41,DER_20,0.0
41,DER_21,0.0
41,DER_22,1.0
41,DER_23,0.0
41,DER_24,0.0
41,DER_25,0.0
41,DER_26,1.0
41,DER_27,1.0
41,DER_28,0.0
41,DER_29,0.0
41,DER_30,0.0
41,DER_31,1.0
41,DER_32,0.0
41,DER_33,0.0
41,DER_34,1.0
41,DER_35,0.0
41,DER_36,1.0
41,DER_37,0.0
41,DER_38,1.0
41,DER_39,1.0
41,DER_40,0.0
41,DER_41,0.0
41,DER_42,1.0
41,DER_43,0.0
41,DER_44,1.0
41,DER_45,1.0
41,DER_46,0.0
41,DER_47,1.0
41,DER_48,1.0
41,DER_49,1.0
41,DER_50,0.0
41,DER_51,1.0
41,DER_52,0.0
41,DER_53,1.0
41,DER_54,1.0
41,DER_55,0.0
41,DER_56,1.0
41,DER_57,0.0
41,DER_58,1.0
41,DER_59,0.0
41,DER_60,0.0
41,DER_61,0.0
41,DER_62,1.0
41,DER_63,1.0
41,DER_64,1.0
41,DER_65,0.0
41,DER_66,0.0
41,DER_67,0.0
41,DER_68,0.0
41,DER_69,1.0
41,DER_70,0.0
41,DER_71,1.0
41,DER_72,0.0
41,DER_73,0.0
41,DER_74,0.0
41,DER_75,0.0
41,DER_76,0.0
41,DER_77,0.0
41,DER_78,1.0
41,DER_79,1.0
41,DER_80,0.0
41,DER_81,0.0
41,DER_82,1.0
41,DER_83,1.0
41,DER_84,0.0
41,DER_85,0.0
41,DER_86,1.0
41,DER_87,1.0
41,DER_88,0.0
41,DER_89,1.0
41,DER_90,0.0
41,DER_91,0.0
41,DER_92,0.0
41,DER_93,0.0
41,DER_94,0.0
41,DER_95,1.0
41,DER_96,1.0
41,DER_97,1.0
41,DER_98,1.0
41,DER_99,0.0
41,DER_100,0.0
41,DER_101,0.0
41,DER_102,0.0
41,DER_103,1.0
41,DER_104,1.0
41,DER_105,0.0
41,DER_106,1.0
41,DER_107,1.0
41,DER_108,1.0
41,DER_109,1.0
41,DER_110,0.0
41,DER_111,0.0
41,DER_112,0.0
41,DER_113,1.0
41,DER_114,1.0
41,DER_115,0.0
41,DER_116,0.0
41,DER_117,1.0
41,DER_118,0.0
41,DER_119,0.0
41,DER_120,0.0
41,DER_121,1.0
41,DER_122,0.0
41,DER_123,0.0
41,DER_124,1.0
41,DER_125,0.0
41,DER_126,0.0
41,DER_127,0.0
41,DER_128,1.0
41,DER_129,0.0
41,DER_130,0.0
41,DER_131,0.0
41,DER_132,1.0
41,DER_133,0.0
41,DER_134,1.0
41,DER_135,1.0
41,DER_136,1.0
41,DER_137,0.0
41,DER_138,0.0
41,DER_139,0.0
41,DER_140,0.0
41,DER_141,0.0
41,DER_142,1.0
41,DER_143,1.0
41,DER_144,0.0
41,DER_145,0.0
41,DER_146,0.0
41,DER_147,1.0
41,DER_148,1.0
41,DER_149,0.0
41,DER_150,0.0
41,DER_151,0.0
41,DER_152,1.0
41,DER_153,0.0
41,DER_154,0.0
41,DER_155,0.0
41,DER_156,1.0
41,DER_157,1.0
41,DER_158,0.0
41,DER_159,0.0
41,DER_160,0.0
41,DER_161,1.0
41,DER_162,1.0
41,DER_163,0.0
41,DER_164,1.0
41,DER_165,0.0
41,DER_166,0.0
41,DER_167,1.0
41,DER_168,1.0
41,DER_169,1.0
41,DER_170,1.0
41,DER_171,0.0
41,DER_172,1.0
41,DER_173,1.0
41,DER_174,0.0
41,DER_175,0.0
41,DER_176,1.0
41,DER_177,0.0
41,DER_178,1.0
41,DER_179,0.0
41,DER_180,0.0
41,DER_181,0.0
41,DER_182,1.0
41,DER_183,0.0
41,DER_184,0.0
41,DER_185,1.0
41,DER_186,1.0
41,DER_187,1.0
41,DER_188,0.0
41,DER_189,0.0
41,DER_190,1.0
41,DER_191,1.0
41,DER_192,0.0
41,DER_193,1.0
41,DER_194,1.0
41,DER_195,0.0
41,DER_196,0.0
41,DER_197,1.0
41,DER_198,0.0
41,DER_199,1.0
41,DER_200,0.0
41,DER_201,0.0
41,DER_202,1.0
41,DER_203,0.0
41,DER_204,0.0
41,DER_205,0.0
41,DER_206,0.0
41,DER_207,0.0
41,DER_208,1.0
41,DER_209,1.0
41,DER_210,0.0
41,DER_211,1.0
41,DER_212,0.0
41,DER_213,1.0
41,DER_214,0.0
41,DER_215,1.0
41,DER_216,1.0
41,DER_217,0.0
41,DER_218,0.0
41,DER_219,1.0
41,DER_220,1.0
41,DER_221,0.0
41,DER_222,0.0
41,DER_223,0.0
41,DER_224,0.0
41,DER_225,0.0
41,DER_226,1.0
41,DER_227,0.0
41,DER_228,0.0
41,DER_229,0.0
41,DER_230,0.0
41,DER_231,1.0
41,DER_232,0.0
41,DER_233,1.0
41,DER_234,1.0
41,DER_235,0.0
41,DER_236,0.0
41,DER_237,0.0
41,DER_238,0.0
41,DER_239,0.0
41,DER_240,0.0
41,DER_241,0.0
41,DER_242,1.0
41,DER_243,0.0
41,DER_244,0.0
41,DER_245,1.0
41,DER_246,0.0
41,DER_247,0.0
41,DER_248,1.0
41,DER_249,0.0
41,DER_250,1.0
41,DER_251,0.0
41,DER_252,0.0
41,DER_253,1.0
41,DER_254,0.0
41,DER_255,1.0
41,DER_256,0.0
41,DER_257,0.0
41,DER_258,1.0
41,DER_259,0.0
41,DER_260,0.0
41,DER_261,0.0
41,DER_262,0.0
41,DER_263,1.0
41,DER_264,0.0
41,DER_265,1.0
41,DER_266,0.0
41,DER_267,0.0
41,DER_268,1.0
41,DER_269,0.0
41,DER_270,1.0
41,DER_271,1.0
41,DER_272,0.0
41,DER_273,0.0
41,DER_274,1.0
41,DER_275,1.0
41,DER_276,0.0
41,DER_277,0.0
41,DER_278,1.0
41,DER_279,1.0
41,DER_280,0.0
41,DER_281,1.0
41,DER_282,1.0
41,DER_283,1.0
41,DER_284,1.0
41,DER_285,1.0
41,DER_286,0.0
41,DER_287,1.0
41,DER_288,0.0
41,DER_289,0.0
41,DER_290,0.0
41,DER_291,0.0
41,DER_292,0.0
41,DER_293,0.0
41,DER_294,0.0
41,DER_295,0.0
41,DER_296,1.0
41,DER_297,0.0
41,DER_298,0.0
41,DER_299,0.0
41,DER_300,1.0
41,DER_301,1.0
41,DER_302,1.0
41,DER_303,0.0
41,DER_304,0.0
41,DER_305,0.0
41,DER_306,1.0
41,DER_307,1.0
41,DER_308,0.0
41,DER_309,1.0
41,DER_310,1.0
41,DER_311,0.0
41,DER_312,0.0
41,DER_313,0.0
41,DER_314,0.0
41,DER_315,1.0
41,DER_316,1.0
41,DER_317,0.0
41,DER_318,0.0
41,DER_319,0.0
41,DER_320,1.0
41,DER_321,1.0
41,DER_322,0.0
41,DER_323,0.0
41,DER_324,0.0
41,DER_325,1.0
41,DER_326,0.0
41,DER_327,1.0
41,DER_328,1.0
41,DER_329,0.0
41,DER_330,1.0
41,DER_331,1.0
41,DER_332,0.0
41,DER_333,0.0
41,DER_334,0.0
41,DER_335,1.0
41,DER_336,1.0
41,DER_337,0.0
41,DER_338,1.0
41,DER_339,1.0
41,DER_340,1.0
41,DER_341,1.0
41,DER_342,0.0
41,DER_343,1.0
41,DER_344,1.0
41,DER_345,0.0
41,DER_346,0.0
41,DER_347,0.0
41,DER_348,1.0
41,DER_349,0.0
41,DER_350,0.0
41,DER_351,0.0
41,DER_352,1.0
41,DER_353,1.0
41,DER_354,1.0
41,DER_355,0.0
41,DER_356,0.0
41,DER_357,1.0
41,DER_358,1.0
41,DER_359,1.0
41,DER_360,1.0
41,DER_361,0.0
41,DER_362,1.0
41,DER_363,1.0
41,DER_364,1.0
41,DER_365,0.0
41,DER_366,1.0
41,DER_367,0.0
41,DER_368,0.0
41,DER_369,1.0
41,DER_370,0.0
41,DER_371,0.0
41,DER_372,0.0
41,DER_373,1.0
41,DER_374,1.0
41,DER_375,0.0
41,DER_376,1.0
41,DER_377,1.0
41,DER_378,0.0
41,DER_379,1.0
41,DER_380,1.0
41,DER_381,0.0
41,DER_382,0.0
41,DER_383,1.0
41,DER_384,0.0
41,DER_385,0.0
41,DER_386,0.0
41,DER_387,0.0
41,DER_388,0.0
41,DER_389,0.0
41,DER_390,1.0
41,DER_391,0.0
41,DER_392,1.0
41,DER_393,1.0
41,DER_394,1.0
41,DER_395,0.0
41,DER_396,1.0
41,DER_397,0.0
41,DER_398,0.0
41,DER_399,0.0
41,DER_400,1.0
41,DER_401,1.0
41,DER_402,0.0
41,DER_403,0.0
41,DER_404,1.0
41,DER_405,0.0
41,DER_406,0.0
41,DER_407,1.0
41,DER_408,1.0
41,DER_409,1.0
41,DER_410,0.0
41,DER_411,1.0
41,DER_412,0.0
41,DER_413,0.0
41,DER_414,1.0
41,DER_415,0.0
41,DER_416,0.0
41,DER_417,0.0
41,DER_418,0.0
41,DER_419,0.0
41,DER_420,0.0
41,DER_421,0.0
41,DER_422,0.0
41,DER_423,0.0
41,DER_424,0.0
41,DER_425,0.0
41,DER_426,0.0
41,DER_427,1.0
41,DER_428,0.0
41,DER_429,1.0
41,DER_430,0.0
41,DER_431,0.0
41,DER_432,1.0
41,DER_433,1.0
41,DER_434,0.0
41,DER_435,1.0
41,DER_436,0.0
41,DER_437,0.0
41,DER_438,1.0
41,DER_439,0.0
41,DER_440,1.0
41,DER_441,1.0
41,DER_442,0.0
41,DER_443,1.0
41,DER_444,0.0
41,DER_445,1.0
41,DER_446,1.0
41,DER_447,1.0
41,DER_448,0.0
41,DER_449,0.0
41,DER_450,1.0
42,DER_1,0.0
42,DER_2,1.0
42,DER_3,0.0
42,DER_4,1.0
42,DER_5,0.0
42,DER_6,1.0
42,DER_7,0.0
42,DER_8,0.0
42,DER_9,1.0
42,DER_10,0.0
42,DER_11,0.0
42,DER_12,0.0
42,DER_13,1.0
42,DER_14,0.0
42,DER_15,1.0
42,DER_16,1.0
42,DER_17,0.0
42,DER_18,0.0
42,DER_19,0.0
42,DER_20,0.0
42,DER_21,0.0
42,DER_22,1.0
42,DER_23,0.0
42,DER_24,0.0
42,DER_25,0.0
42,DER_26,1.0
42,DER_27,1.0
42,DER_28,0.0
42,DER_29,0.0
42,DER_30,0.0
42,DER_31,1.0
42,DER_32,0.0
42,DER_33,0.0
42,DER_34,1.0
42,DER_35,0.0
42,DER_36,1.0
42,DER_37,0.0
42,DER_38,1.0
42,DER_39,1.0
42,DER_40,0.0
42,DER_41,0.0
42,DER_42,1.0
42,DER_43,0.0
42,DER_44,1.0
42,DER_45,1.0
42,DER_46,0.0
42,DER_47,1.0
42,DER_48,1.0
42,DER_49,1.0
42,DER_50,0.0
42,DER_51,1.0
42,DER_52,0.0
42,DER_53,1.0
42,DER_54,1.0
42,DER_55,1.0
42,DER_56,1.0
42,DER_57,0.0
42,DER_58,1.0
42,DER_59,1.0
42,DER_60,0.0
42,DER_61,0.0
42,DER_62,1.0
42,DER_63,1.0
42,DER_64,1.0
42,DER_65,0.0
42,DER_66,0.0
42,DER_67,0.0
42,DER_68,0.0
42,DER_69,1.0
42,DER_70,0.0
42,DER_71,1.0
42,DER_72,0.0
42,DER_73,0.0
42,DER_74,0.0
42,DER_75,0.0
42,DER_76,0.0
42,DER_77,0.0
42,DER_78,1.0
42,DER_79,1.0
42,DER_80,0.0
42,DER_81,0.0
42,DER_82,1.0
42,DER_83,1.0
42,DER_84,0.0
42,DER_85,0.0
42,DER_86,1.0
42,DER_87,1.0
42,DER_88,0.0
42,DER_89,1.0
42,DER_90,0.0
42,DER_91,0.0
42,DER_92,0.0
42,DER_93,0.0
42,DER_94,0.0
42,DER_95,1.0
42,DER_96,1.0
42,DER_97,1.0
42,DER_98,1.0
42,DER_99,0.0
42,DER_100,0.0
42,DER_101,0.0
42,DER_102,0.0
42,DER_103,1.0
42,DER_104,1.0
42,DER_105,0.0
42,DER_106,1.0
42,DER_107,1.0
42,DER_108,1.0
42,DER_109,1.0
42,DER_110,0.0
42,DER_111,0.0
42,DER_112,0.0
42,DER_113,1.0
42,DER_114,1.0
42,DER_115,0.0
42,DER_116,0.0
42,DER_117,1.0
42,DER_118,0.0
42,DER_119,0.0
42,DER_120,0.0
42,DER_121,1.0
42,DER_122,0.0
42,DER_123,0.0
42,DER_124,1.0
42,DER_125,0.0
42,DER_126,0.0
42,DER_127,0.0
42,DER_128,1.0
42,DER_129,0.0
42,DER_130,0.0
42,DER_131,0.0
42,DER_132,1.0
42,DER_133,0.0
42,DER_134,1.0
42,DER_135,1.0
42,DER_136,1.0
42,DER_137,0.0
42,DER_138,0.0
42,DER_139,0.0
42,DER_140,0.0
42,DER_141,0.0
42,DER_142,1.0
42,DER_143,1.0
42,DER_144,0.0
42,DER_145,0.0
42,DER_146,0.0
42,DER_147,1.0
42,DER_148,1.0
42,DER_149,0.0
42,DER_150,0.0
42,DER_151,0.0
42,DER_152,1.0
42,DER_153,0.0
42,DER_154,0.0
42,DER_155,0.0
42,DER_156,1.0
42,DER_157,1.0
42,DER_158,0.0
42,DER_159,0.0
42,DER_160,0.0
42,DER_161,1.0
42,DER_162,1.0
42,DER_163,0.0
42,DER_164,1.0
42,DER_165,1.0
42,DER_166,0.0
42,DER_167,1.0
42,DER_168,1.0
42,DER_169,1.0
42,DER_170,1.0
42,DER_171,0.0
42,DER_172,1.0
42,DER_173,1.0
42,DER_174,0.0
42,DER_175,0.0
42,DER_176,1.0
42,DER_177,0.0
42,DER_178,1.0
42,DER_179,0.0
42,DER_180,0.0
42,DER_181,0.0
42,DER_182,1.0
42,DER_183,0.0
42,DER_184,0.0
42,DER_185,1.0
42,DER_186,1.0
42,DER_187,1.0
42,DER_188,1.0
42,DER_189,0.0
42,DER_190,1.0
42,DER_191,1.0
42,DER_192,0.0
42,DER_193,1.0
42,DER_194,1.0
42,DER_195,0.0
42,DER_196,0.0
42,DER_197,1.0
42,DER_198,0.0
42,DER_199,1.0
42,DER_200,0.0
42,DER_201,0.0
42,DER_202,1.0
42,DER_203,1.0
42,DER_204,0.0
42,DER_205,0.0
42,DER_206,0.0
42,DER_207,0.0
42,DER_208,1.0
42,DER_209,1.0
42,DER_210,0.0
42,DER_211,1.0
42,DER_212,0.0
42,DER_213,1.0
42,DER_214,0.0
42,DER_215,1.0
42,DER_216,1.0
42,DER_217,0.0
42,DER_218,1.0
42,DER_219,1.0
42,DER_220,1.0
42,DER_221,0.0
42,DER_222,0.0
42,DER_223,0.0
42,DER_224,0.0
42,DER_225,0.0
42,DER_226,1.0
42,DER_227,0.0
42,DER_228,0.0
42,DER_229,0.0
42,DER_230,0.0
42,DER_231,1.0
42,DER_232,0.0
42,DER_233,1.0
42,DER_234,1.0
42,DER_235,0.0
42,DER_236,0.0
42,DER_237,0.0
42,DER_238,0.0
42,DER_239,0.0
42,DER_240,0.0
42,DER_241,0.0
42,DER_242,1.0
42,DER_243,0.0
42,DER_244,0.0
42,DER_245,1.0
42,DER_246,0.0
42,DER_247,0.0
42,DER_248,1.0
42,DER_249,0.0
42,DER_250,1.0
42,DER_251,1.0
42,DER_252,0.0
42,DER_253,1.0
42,DER_254,0.0
42,DER_255,1.0
42,DER_256,0.0
42,DER_257,0.0
42,DER_258,1.0
42,DER_259,0.0
42,DER_260,0.0
42,DER_261,0.0
42,DER_262,0.0
42,DER_263,1.0
42,DER_264,0.0
42,DER_265,1.0
42,DER_266,0.0
42,DER_267,0.0
42,DER_268,1.0
42,DER_269,0.0
42,DER_270,1.0
42,DER_271,1.0
42,DER_272,0.0
42,DER_273,0.0
42,DER_274,1.0
42,DER_275,1.0
42,DER_276,0.0
42,DER_277,0.0
42,DER_278,1.0
42,DER_279,1.0
42,DER_280,0.0
42,DER_281,1.0
42,DER_282,1.0
42,DER_283,1.0
42,DER_284,1.0
42,DER_285,1.0
42,DER_286,0.0
42,DER_287,1.0
42,DER_288,0.0
42,DER_289,0.0
42,DER_290,0.0
42,DER_291,0.0
42,DER_292,0.0
42,DER_293,1.0
42,DER_294,0.0
42,DER_295,0.0
42,DER_296,1.0
42,DER_297,0.0
42,DER_298,0.0
42,DER_299,0.0
42,DER_300,1.0
42,DER_301,1.0
42,DER_302,1.0
42,DER_303,0.0
42,DER_304,0.0
42,DER_305,0.0
42,DER_306,1.0
42,DER_307,1.0
42,DER_308,0.0
42,DER_309,1.0
42,DER_310,1.0
42,DER_311,0.0
42,DER_312,0.0
42,DER_313,0.0
42,DER_314,0.0
42,DER_315,1.0
42,DER_316,1.0
42,DER_317,0.0
42,DER_318,0.0
42,DER_319,0.0
42,DER_320,1.0
42,DER_321,1.0
42,DER_322,0.0
42,DER_323,1.0
42,DER_324,0.0
42,DER_325,1.0
42,DER_326,0.0
42,DER_327,1.0
42,DER_328,1.0
42,DER_329,0.0
42,DER_330,1.0
42,DER_331,1.0
42,DER_332,0.0
42,DER_333,0.0
42,DER_334,0.0
42,DER_335,1.0
42,DER_336,1.0
42,DER_337,0.0
42,DER_338,1.0
42,DER_339,1.0
42,DER_340,1.0
42,DER_341,1.0
42,DER_342,0.0
42,DER_343,1.0
42,DER_344,1.0
42,DER_345,0.0
42,DER_346,0.0
42,DER_347,0.0
42,DER_348,1.0
42,DER_349,0.0
42,DER_350,0.0
42,DER_351,0.0
42,DER_352,1.0
42,DER_353,1.0
42,DER_354,1.0
42,DER_355,0.0
42,DER_356,0.0
42,DER_357,1.0
42,DER_358,1.0
42,DER_359,1.0
42,DER_360,1.0
42,DER_361,0.0
42,DER_362,1.0
42,DER_363,1.0
42,DER_364,1.0
42,DER_365,0.0
42,DER_366,1.0
42,DER_367,0.0
42,DER_368,0.0
42,DER_369,1.0
42,DER_370,0.0
42,DER_371,0.0
42,DER_372,0.0
42,DER_373,1.0
42,DER_374,1.0
42,DER_375,0.0
42,DER_376,1.0
42,DER_377,1.0
42,DER_378,0.0
42,DER_379,1.0
42,DER_380,1.0
42,DER_381,0.0
42,DER_382,0.0
42,DER_383,1.0
42,DER_384,0.0
42,DER_385,0.0
42,DER_386,0.0
42,DER_387,0.0
42,DER_388,0.0
42,DER_389,0.0
42,DER_390,1.0
42,DER_391,0.0
42,DER_392,1.0
42,DER_393,1.0
42,DER_394,1.0
42,DER_395,0.0
42,DER_396,1.0
42,DER_397,0.0
42,DER_398,0.0
42,DER_399,0.0
42,DER_400,1.0
42,DER_401,1.0
42,DER_402,0.0
42,DER_403,0.0
42,DER_404,1.0
42,DER_405,0.0
42,DER_406,0.0
42,DER_407,1.0
42,DER_408,1.0
42,DER_409,1.0
42,DER_410,0.0
42,DER_411,1.0
42,DER_412,0.0
42,DER_413,0.0
42,DER_414,1.0
42,DER_415,0.0
42,DER_416,0.0
42,DER_417,0.0
42,DER_418,0.0
42,DER_419,0.0
42,DER_420,0.0
42,DER_421,0.0
42,DER_422,0.0
42,DER_423,0.0
42,DER_424,0.0
42,DER_425,0.0
42,DER_426,0.0
42,DER_427,1.0
42,DER_428,0.0
42,DER_429,1.0
42,DER_430,0.0
42,DER_431,0.0
42,DER_432,1.0
42,DER_433,1.0
42,DER_434,0.0
42,DER_435,1.0
42,DER_436,0.0
42,DER_437,0.0
42,DER_438,1.0
42,DER_439,0.0
42,DER_440,1.0
42,DER_441,1.0
42,DER_442,0.0
42,DER_443,1.0
42,DER_444,0.0
42,DER_445,1.0
42,DER_446,1.0
42,DER_447,1.0
42,DER_448,0.0
42,DER_449,0.0
42,DER_450,1.0
43,DER_1,0.0
43,DER_2,1.0
43,DER_3,0.0
43,DER_4,1.0
43,DER_5,0.0
43,DER_6,1.0
43,DER_7,0.0
43,DER_8,0.0
43,DER_9,1.0
43,DER_10,0.0
43,DER_11,0.0
43,DER_12,0.0
43,DER_13,1.0
43,DER_14,0.0
43,DER_15,1.0
43,DER_16,1.0
43,DER_17,0.0
43,DER_18,0.0
43,DER_19,0.0
43,DER_20,0.0
43,DER_21,0.0
43,DER_22,1.0
43,DER_23,0.0
43,DER_24,0.0
43,DER_25,0.0
43,DER_26,1.0
43,DER_27,1.0
43,DER_28,0.0
43,DER_29,0.0
43,DER_30,0.0
43,DER_31,1.0
43,DER_32,0.0
43,DER_33,0.0
43,DER_34,1.0
43,DER_35,0.0
43,DER_36,1.0
43,DER_37,0.0
43,DER_38,1.0
43,DER_39,1.0
43,DER_40,0.0
43,DER_41,1.0
43,DER_42,1.0
43,DER_43,0.0
43,DER_44,1.0
43,DER_45,1.0
43,DER_46,0.0
43,DER_47,1.0
43,DER_48,1.0
43,DER_49,1.0
43,DER_50,0.0
43,DER_51,1.0
43,DER_52,0.0
43,DER_53,1.0
43,DER_54,1.0
43,DER_55,1.0
43,DER_56,1.0
43,DER_57,0.0
43,DER_58,1.0
43,DER_59,1.0
43,DER_60,0.0
43,DER_61,0.0
43,DER_62,1.0
43,DER_63,1.0
43,DER_64,1.0
43,DER_65,0.0
43,DER_66,0.0
43,DER_67,0.0
43,DER_68,0.0
43,DER_69,1.0
43,DER_70,0.0
43,DER_71,1.0
43,DER_72,0.0
43,DER_73,0.0
43,DER_74,0.0
43,DER_75,0.0
43,DER_76,0.0
43,DER_77,0.0
43,DER_78,1.0
43,DER_79,1.0
43,DER_80,0.0
43,DER_81,0.0
43,DER_82,1.0
43,DER_83,1.0
43,DER_84,0.0
43,DER_85,0.0
43,DER_86,1.0
43,DER_87,1.0
43,DER_88,0.0
43,DER_89,1.0
43,DER_90,0.0
43,DER_91,0.0
43,DER_92,0.0
43,DER_93,0.0
43,DER_94,0.0
43,DER_95,1.0
43,DER_96,1.0
43,DER_97,1.0
43,DER_98,1.0
43,DER_99,0.0
43,DER_100,0.0
43,DER_101,0.0
43,DER_102,0.0
43,DER_103,1.0
43,DER_104,1.0
43,DER_105,0.0
43,DER_106,1.0
43,DER_107,1.0
43,DER_108,1.0
43,DER_109,1.0
43,DER_110,0.0
43,DER_111,0.0
43,DER_112,0.0
43,DER_113,1.0
43,DER_114,1.0
43,DER_115,0.0
43,DER_116,0.0
43,DER_117,1.0
43,DER_118,0.0
43,DER_119,0.0
43,DER_120,0.0
43,DER_121,1.0
43,DER_122,0.0
43,DER_123,0.0
43,DER_124,1.0
43,DER_125,0.0
43,DER_126,0.0
43,DER_127,0.0
43,DER_128,1.0
43,DER_129,0.0
43,DER_130,0.0
43,DER_131,0.0
43,DER_132,1.0
43,DER_133,0.0
43,DER_134,1.0
43,DER_135,1.0
43,DER_136,1.0
43,DER_137,0.0
43,DER_138,0.0
43,DER_139,0.0
43,DER_140,0.0
43,DER_141,0.0
43,DER_142,1.0
43,DER_143,1.0
43,DER_144,0.0
43,DER_145,0.0
43,DER_146,0.0
43,DER_147,1.0
43,DER_148,1.0
43,DER_149,0.0
43,DER_150,0.0
43,DER_151,0.0
43,DER_152,1.0
43,DER_153,0.0
43,DER_154,0.0
43,DER_155,0.0
43,DER_156,1.0
43,DER_157,1.0
43,DER_158,0.0
43,DER_159,0.0
43,DER_160,0.0
43,DER_161,1.0
43,DER_162,1.0
43,DER_163,1.0
43,DER_164,1.0
43,DER_165,1.0
43,DER_166,0.0
43,DER_167,1.0
43,DER_168,1.0
43,DER_169,1.0
43,DER_170,1.0
43,DER_171,0.0
43,DER_172,1.0
43,DER_173,1.0
43,DER_174,0.0
43,DER_175,0.0
43,DER_176,1.0
43,DER_177,0.0
43,DER_178,1.0
43,DER_179,0.0
43,DER_180,0.0
43,DER_181,0.0
43,DER_182,1.0
43,DER_183,0.0
43,DER_184,0.0
43,DER_185,1.0
43,DER_186,1.0
43,DER_187,1.0
43,DER_188,1.0
43,DER_189,0.0
43,DER_190,1.0
43,DER_191,1.0
43,DER_192,0.0
43,DER_193,1.0
43,DER_194,1.0
43,DER_195,0.0
43,DER_196,0.0
43,DER_197,1.0
43,DER_198,0.0
43,DER_199,1.0
43,DER_200,0.0
43,DER_201,0.0
43,DER_202,1.0
43,DER_203,1.0
43,DER_204,0.0
43,DER_205,0.0
43,DER_206,0.0
43,DER_207,0.0
43,DER_208,1.0
43,DER_209,1.0
43,DER_210,0.0
43,DER_211,1.0
43,DER_212,0.0
43,DER_213,1.0
43,DER_214,0.0
43,DER_215,1.0
43,DER_216,1.0
43,DER_217,0.0
43,DER_218,1.0
43,DER_219,1.0
43,DER_220,1.0
43,DER_221,0.0
43,DER_222,0.0
43,DER_223,0.0
43,DER_224,0.0
43,DER_225,0.0
43,DER_226,1.0
43,DER_227,0.0
43,DER_228,0.0
43,DER_229,0.0
43,DER_230,0.0
43,DER_231,1.0
43,DER_232,0.0
43,DER_233,1.0
43,DER_234,1.0
43,DER_235,0.0
43,DER_236,0.0
43,DER_237,0.0
43,DER_238,0.0
43,DER_239,0.0
43,DER_240,0.0
43,DER_241,0.0
43,DER_242,1.0
43,DER_243,0.0
43,DER_244,0.0
43,DER_245,1.0
43,DER_246,0.0
43,DER_247,0.0
43,DER_248,1.0
43,DER_249,0.0
43,DER_250,1.0
43,DER_251,1.0
43,DER_252,0.0
43,DER_253,1.0
43,DER_254,0.0
43,DER_255,1.0
43,DER_256,0.0
43,DER_257,0.0
43,DER_258,1.0
43,DER_259,0.0
43,DER_260,0.0
43,DER_261,0.0
43,DER_262,0.0
43,DER_263,1.0
43,DER_264,0.0
43,DER_265,1.0
43,DER_266,0.0
43,DER_267,0.0
43,DER_268,1.0
43,DER_269,0.0
43,DER_270,1.0
43,DER_271,1.0
43,DER_272,0.0
43,DER_273,0.0
43,DER_274,1.0
43,DER_275,1.0
43,DER_276,0.0
43,DER_277,0.0
43,DER_278,1.0
43,DER_279,1.0
43,DER_280,0.0
43,DER_281,1.0
43,DER_282,1.0
43,DER_283,1.0
43,DER_284,1.0
43,DER_285,1.0
43,DER_286,0.0
43,DER_287,1.0
43,DER_288,0.0
43,DER_289,0.0
43,DER_290,0.0
43,DER_291,0.0
43,DER_292,0.0
43,DER_293,1.0
43,DER_294,0.0
43,DER_295,0.0
43,DER_296,1.0
43,DER_297,0.0
43,DER_298,0.0
43,DER_299,0.0
43,DER_300,1.0
43,DER_301,1.0
43,DER_302,1.0
43,DER_303,0.0
43,DER_304,0.0
43,DER_305,0.0
43,DER_306,1.0
43,DER_307,1.0
43,DER_308,0.0
43,DER_309,1.0
43,DER_310,1.0
43,DER_311,1.0
43,DER_312,0.0
43,DER_313,0.0
43,DER_314,0.0
43,DER_315,1.0
43,DER_316,1.0
43,DER_317,0.0
43,DER_318,0.0
43,DER_319,0.0
43,DER_320,1.0
43,DER_321,1.0
43,DER_322,0.0
43,DER_323,1.0
43,DER_324,0.0
43,DER_325,1.0
43,DER_326,0.0
43,DER_327,1.0
43,DER_328,1.0
43,DER_329,0.0
43,DER_330,1.0
43,DER_331,1.0
43,DER_332,0.0
43,DER_333,0.0
43,DER_334,0.0
43,DER_335,1.0
43,DER_336,1.0
43,DER_337,0.0
43,DER_338,1.0
43,DER_339,1.0
43,DER_340,1.0
43,DER_341,1.0
43,DER_342,0.0
43,DER_343,1.0
43,DER_344,1.0
43,DER_345,0.0
43,DER_346,0.0
43,DER_347,0.0
43,DER_348,1.0
43,DER_349,0.0
43,DER_350,0.0
43,DER_351,0.0
43,DER_352,1.0
43,DER_353,1.0
43,DER_354,1.0
43,DER_355,0.0
43,DER_356,0.0
43,DER_357,1.0
43,DER_358,1.0
43,DER_359,1.0
43,DER_360,1.0
43,DER_361,0.0
43,DER_362,1.0
43,DER_363,1.0
43,DER_364,1.0
43,DER_365,0.0
43,DER_366,1.0
43,DER_367,0.0
43,DER_368,0.0
43,DER_369,1.0
43,DER_370,0.0
43,DER_371,0.0
43,DER_372,0.0
43,DER_373,1.0
43,DER_374,1.0
43,DER_375,0.0
43,DER_376,1.0
43,DER_377,1.0
43,DER_378,0.0
43,DER_379,1.0
43,DER_380,1.0
43,DER_381,0.0
43,DER_382,0.0
43,DER_383,1.0
43,DER_384,0.0
43,DER_385,0.0
43,DER_386,0.0
43,DER_387,0.0
43,DER_388,0.0
43,DER_389,0.0
43,DER_390,1.0
43,DER_391,0.0
43,DER_392,1.0
43,DER_393,1.0
43,DER_394,1.0
43,DER_395,0.0
43,DER_396,1.0
43,DER_397,0.0
43,DER_398,0.0
43,DER_399,0.0
43,DER_400,1.0
43,DER_401,1.0
43,DER_402,0.0
43,DER_403,1.0
43,DER_404,1.0
43,DER_405,0.0
43,DER_406,0.0
43,DER_407,1.0
43,DER_408,1.0
43,DER_409,1.0
43,DER_410,0.0
43,DER_411,1.0
43,DER_412,0.0
43,DER_413,0.0
43,DER_414,1.0
43,DER_415,0.0
43,DER_416,0.0
43,DER_417,0.0
43,DER_418,0.0
43,DER_419,0.0
43,DER_420,1.0
43,DER_421,0.0
43,DER_422,0.0
43,DER_423,0.0
43,DER_424,0.0
43,DER_425,0.0
43,DER_426,0.0
43,DER_427,1.0
43,DER_428,0.0
43,DER_429,1.0
43,DER_430,0.0
43,DER_431,0.0
43,DER_432,1.0
43,DER_433,1.0
43,DER_434,0.0
43,DER_435,1.0
43,DER_436,0.0
43,DER_437,0.0
43,DER_438,1.0
43,DER_439,0.0
43,DER_440,1.0
43,DER_441,1.0
43,DER_442,0.0
43,DER_443,1.0
43,DER_444,0.0
43,DER_445,1.0
43,DER_446,1.0
43,DER_447,1.0
43,DER_448,0.0
43,DER_449,0.0
43,DER_450,1.0
44,DER_1,0.0
44,DER_2,1.0
44,DER_3,0.0
44,DER_4,1.0
44,DER_5,0.0
44,DER_6,1.0
44,DER_7,0.0
44,DER_8,0.0
44,DER_9,1.0
44,DER_10,0.0
44,DER_11,0.0
44,DER_12,0.0
44,DER_13,1.0
44,DER_14,0.0
44,DER_15,1.0
44,DER_16,1.0
44,DER_17,0.0
44,DER_18,0.0
44,DER_19,0.0
44,DER_20,0.0
44,DER_21,0.0
44,DER_22,1.0
44,DER_23,0.0
44,DER_24,0.0
44,DER_25,0.0
44,DER_26,1.0
44,DER_27,1.0
44,DER_28,0.0
44,DER_29,1.0
44,DER_30,0.0
44,DER_31,1.0
44,DER_32,0.0
44,DER_33,0.0
44,DER_34,1.0
44,DER_35,0.0
44,DER_36,1.0
44,DER_37,0.0
44,DER_38,1.0
44,DER_39,1.0
44,DER_40,0.0
44,DER_41,1.0
44,DER_42,1.0
44,DER_43,0.0
44,DER_44,1.0
44,DER_45,1.0
44,DER_46,0.0
44,DER_47,1.0
44,DER_48,1.0
44,DER_49,1.0
44,DER_50,0.0
44,DER_51,1.0
44,DER_52,0.0
44,DER_53,1.0
44,DER_54,1.0
44,DER_55,1.0
44,DER_56,1.0
44,DER_57,0.0
44,DER_58,1.0
44,DER_59,1.0
44,DER_60,0.0
44,DER_61,0.0
44,DER_62,1.0
44,DER_63,1.0
44,DER_64,1.0
44,DER_65,0.0
44,DER_66,0.0
44,DER_67,0.0
44,DER_68,0.0
44,DER_69,1.0
44,DER_70,0.0
44,DER_71,1.0
44,DER_72,0.0
44,DER_73,0.0
44,DER_74,0.0
44,DER_75,0.0
44,DER_76,0.0
44,DER_77,0.0
44,DER_78,1.0
44,DER_79,1.0
44,DER_80,0.0
44,DER_81,0.0
44,DER_82,1.0
44,DER_83,1.0
44,DER_84,0.0
44,DER_85,0.0
44,DER_86,1.0
44,DER_87,1.0
44,DER_88,0.0
44,DER_89,1.0
44,DER_90,0.0
44,DER_91,0.0
44,DER_92,0.0
44,DER_93,0.0
44,DER_94,0.0
44,DER_95,1.0
44,DER_96,1.0
44,DER_97,1.0
44,DER_98,1.0
44,DER_99,0.0
44,DER_100,0.0
44,DER_101,0.0
44,DER_102,0.0
44,DER_103,1.0
44,DER_104,1.0
44,DER_105,0.0
44,DER_106,1.0
44,DER_107,1.0
44,DER_108,1.0
44,DER_109,1.0
44,DER_110,0.0
44,DER_111,0.0
44,DER_112,0.0
44,DER_113,1.0
44,DER_114,1.0
44,DER_115,0.0
44,DER_116,0.0
44,DER_117,1.0
44,DER_118,0.0
44,DER_119,0.0
44,DER_120,0.0
44,DER_121,1.0
44,DER_122,0.0
44,DER_123,0.0
44,DER_124,1.0
44,DER_125,0.0
44,DER_126,0.0
44,DER_127,0.0
44,DER_128,1.0
44,DER_129,0.0
44,DER_130,0.0
44,DER_131,0.0
44,DER_132,1.0
44,DER_133,0.0
44,DER_134,1.0
44,DER_135,1.0
44,DER_136,1.0
44,DER_137,0.0
44,DER_138,0.0
44,DER_139,0.0
44,DER_140,0.0
44,DER_141,0.0
44,DER_142,1.0
44,DER_143,1.0
44,DER_144,0.0
44,DER_145,0.0
44,DER_146,0.0
44,DER_147,1.0
44,DER_148,1.0
44,DER_149,0.0
44,DER_150,0.0
44,DER_151,0.0
44,DER_152,1.0
44,DER_153,0.0
44,DER_154,0.0
44,DER_155,0.0
44,DER_156,1.0
44,DER_157,1.0
44,DER_158,0.0
44,DER_159,0.0
44,DER_160,0.0
44,DER_161,1.0
44,DER_162,1.0
44,DER_163,1.0
44,DER_164,1.0
44,DER_165,1.0
44,DER_166,0.0
44,DER_167,1.0
44,DER_168,1.0
44,DER_169,1.0
44,DER_170,1.0
44,DER_171,0.0
44,DER_172,1.0
44,DER_173,1.0
44,DER_174,0.0
44,DER_175,0.0
44,DER_176,1.0
44,DER_177,0.0
44,DER_178,1.0
44,DER_179,0.0
44,DER_180,0.0
44,DER_181,0.0
44,DER_182,1.0
44,DER_183,0.0
44,DER_184,0.0
44,DER_185,1.0
44,DER_186,1.0
44,DER_187,1.0
44,DER_188,1.0
44,DER_189,0.0
44,DER_190,1.0
44,DER_191,1.0
44,DER_192,0.0
44,DER_193,1.0
44,DER_194,1.0
44,DER_195,0.0
44,DER_196,0.0
44,DER_197,1.0
44,DER_198,0.0
44,DER_199,1.0
44,DER_200,0.0
44,DER_201,0.0
44,DER_202,1.0
44,DER_203,1.0
44,DER_204,0.0
44,DER_205,0.0
44,DER_206,0.0
44,DER_207,0.0
44,DER_208,1.0
44,DER_209,1.0
44,DER_210,0.0
44,DER_211,1.0
44,DER_212,0.0
44,DER_213,1.0
44,DER_214,0.0
44,DER_215,1.0
44,DER_216,1.0
44,DER_217,0.0
44,DER_218,1.0
44,DER_219,1.0
44,DER_220,1.0
44,DER_221,0.0
44,DER_222,0.0
44,DER_223,0.0
44,DER_224,0.0
44,DER_225,0.0
44,DER_226,1.0
44,DER_227,0.0
44,DER_228,0.0
44,DER_229,0.0
44,DER_230,0.0
44,DER_231,1.0
44,DER_232,0.0
44,DER_233,1.0
44,DER_234,1.0
44,DER_235,0.0
44,DER_236,0.0
44,DER_237,0.0
44,DER_238,0.0
44,DER_239,0.0
44,DER_240,0.0
44,DER_241,0.0
44,DER_242,1.0
44,DER_243,0.0
44,DER_244,0.0
44,DER_245,1.0
44,DER_246,0.0
44,DER_247,0.0
44,DER_248,1.0
44,DER_249,0.0
44,DER_250,1.0
44,DER_251,1.0
44,DER_252,0.0
44,DER_253,1.0
44,DER_254,0.0
44,DER_255,1.0
44,DER_256,0.0
44,DER_257,0.0
44,DER_258,1.0
44,DER_259,0.0
44,DER_260,0.0
44,DER_261,0.0
44,DER_262,0.0
44,DER_263,1.0
44,DER_264,0.0
44,DER_265,1.0
44,DER_266,0.0
44,DER_267,0.0
44,DER_268,1.0
44,DER_269,0.0
44,DER_270,1.0
44,DER_271,1.0
44,DER_272,0.0
44,DER_273,0.0
44,DER_274,1.0
44,DER_275,1.0
44,DER_276,0.0
44,DER_277,0.0
44,DER_278,1.0
44,DER_279,1.0
44,DER_280,0.0
44,DER_281,1.0
44,DER_282,1.0
44,DER_283,1.0
44,DER_284,1.0
44,DER_285,1.0
44,DER_286,0.0
44,DER_287,1.0
44,DER_288,0.0
44,DER_289,0.0
44,DER_290,0.0
44,DER_291,0.0
44,DER_292,1.0
44,DER_293,1.0
44,DER_294,0.0
44,DER_295,0.0
44,DER_296,1.0
44,DER_297,0.0
44,DER_298,0.0
44,DER_299,0.0
44,DER_300,1.0
44,DER_301,1.0
44,DER_302,1.0
44,DER_303,0.0
44,DER_304,0.0
44,DER_305,0.0
44,DER_306,1.0
44,DER_307,1.0
44,DER_308,0.0
44,DER_309,1.0
44,DER_310,1.0
44,DER_311,1.0
44,DER_312,0.0
44,DER_313,0.0
44,DER_314,0.0
44,DER_315,1.0
44,DER_316,1.0
44,DER_317,0.0
44,DER_318,0.0
44,DER_319,0.0
44,DER_320,1.0
44,DER_321,1.0
44,DER_322,0.0
44,DER_323,1.0
44,DER_324,0.0
44,DER_325,1.0
44,DER_326,0.0
44,DER_327,1.0
44,DER_328,1.0
44,DER_329,0.0
44,DER_330,1.0
44,DER_331,1.0
44,DER_332,0.0
44,DER_333,0.0
44,DER_334,0.0
44,DER_335,1.0
44,DER_336,1.0
44,DER_337,0.0
44,DER_338,1.0
44,DER_339,1.0
44,DER_340,1.0
44,DER_341,1.0
44,DER_342,0.0
44,DER_343,1.0
44,DER_344,1.0
44,DER_345,0.0
44,DER_346,0.0
44,DER_347,0.0
44,DER_348,1.0
44,DER_349,0.0
44,DER_350,0.0
44,DER_351,0.0
44,DER_352,1.0
44,DER_353,1.0
44,DER_354,1.0
44,DER_355,0.0
44,DER_356,0.0
44,DER_357,1.0
44,DER_358,1.0
44,DER_359,1.0
44,DER_360,1.0
44,DER_361,0.0
44,DER_362,1.0
44,DER_363,1.0
44,DER_364,1.0
44,DER_365,0.0
44,DER_366,1.0
44,DER_367,0.0
44,DER_368,0.0
44,DER_369,1.0
44,DER_370,0.0
44,DER_371,0.0
44,DER_372,0.0
44,DER_373,1.0
44,DER_374,1.0
44,DER_375,0.0
44,DER_376,1.0
44,DER_377,1.0
44,DER_378,0.0
44,DER_379,1.0
44,DER_380,1.0
44,DER_381,0.0
44,DER_382,0.0
44,DER_383,1.0
44,DER_384,0.0
44,DER_385,0.0
44,DER_386,0.0
44,DER_387,0.0
44,DER_388,0.0
44,DER_389,0.0
44,DER_390,1.0
44,DER_391,0.0
44,DER_392,1.0
44,DER_393,1.0
44,DER_394,1.0
44,DER_395,0.0
44,DER_396,1.0
44,DER_397,0.0
44,DER_398,0.0
44,DER_399,0.0
44,DER_400,1.0
44,DER_401,1.0
44,DER_402,0.0
44,DER_403,1.0
44,DER_404,1.0
44,DER_405,0.0
44,DER_406,0.0
44,DER_407,1.0
44,DER_408,1.0
44,DER_409,1.0
44,DER_410,0.0
44,DER_411,1.0
44,DER_412,0.0
44,DER_413,0.0
44,DER_414,1.0
44,DER_415,0.0
44,DER_416,0.0
44,DER_417,0.0
44,DER_418,0.0
44,DER_419,0.0
44,DER_420,1.0
44,DER_421,1.0
44,DER_422,0.0
44,DER_423,0.0
44,DER_424,0.0
44,DER_425,0.0
44,DER_426,0.0
44,DER_427,1.0
44,DER_428,0.0
44,DER_429,1.0
44,DER_430,0.0
44,DER_431,0.0
44,DER_432,1.0
44,DER_433,1.0
44,DER_434,0.0
44,DER_435,1.0
44,DER_436,0.0
44,DER_437,0.0
44,DER_438,1.0
44,DER_439,0.0
44,DER_440,1.0
44,DER_441,1.0
44,DER_442,0.0
44,DER_443,1.0
44,DER_444,1.0
44,DER_445,1.0
44,DER_446,1.0
44,DER_447,1.0
44,DER_448,0.0
44,DER_449,0.0
44,DER_450,1.0
